{"draw_idx": 100, "draws": null, "_stats": [{"depth": [4, 4, 7, 8, 8, 6, 6, 6, 7, 7, 7, 4, 7, 7, 7, 7, 7, 7, 6, 7, 7, 7, 7, 6, 7, 7, 5, 7, 7, 7, 7, 7, 7, 8, 7, 6, 5, 4, 7, 7, 5, 8, 7, 7, 6, 8, 6, 5, 7, 6, 6, 6, 6, 6, 7, 7, 7, 7, 7, 6, 5, 7, 7, 7, 7, 7, 8, 7, 6, 6, 7, 7, 7, 7, 7, 7, 7, 7, 8, 7, 7, 7, 7, 8, 6, 8, 7, 7, 8, 7, 7, 7, 8, 7, 7, 7, 6, 7, 6, 7], "step_size": [0.018878741960758037, 0.018878741960758037, 0.018878741960758037, 0.018878741960758037, 0.018878741960758037, 0.018878741960758037, 0.018878741960758037, 0.018878741960758037, 0.018878741960758037, 0.018878741960758037, 0.018878741960758037, 0.018878741960758037, 0.018878741960758037, 0.018878741960758037, 0.018878741960758037, 0.018878741960758037, 0.018878741960758037, 0.018878741960758037, 0.018878741960758037, 0.018878741960758037, 0.018878741960758037, 0.018878741960758037, 0.018878741960758037, 0.018878741960758037, 0.018878741960758037, 0.018878741960758037, 0.018878741960758037, 0.018878741960758037, 0.018878741960758037, 0.018878741960758037, 0.018878741960758037, 0.018878741960758037, 0.018878741960758037, 0.018878741960758037, 0.018878741960758037, 0.018878741960758037, 0.018878741960758037, 0.018878741960758037, 0.018878741960758037, 0.018878741960758037, 0.018878741960758037, 0.018878741960758037, 0.018878741960758037, 0.018878741960758037, 0.018878741960758037, 0.018878741960758037, 0.018878741960758037, 0.018878741960758037, 0.018878741960758037, 0.018878741960758037, 0.018878741960758037, 0.018878741960758037, 0.018878741960758037, 0.018878741960758037, 0.018878741960758037, 0.018878741960758037, 0.018878741960758037, 0.018878741960758037, 0.018878741960758037, 0.018878741960758037, 0.018878741960758037, 0.018878741960758037, 0.018878741960758037, 0.018878741960758037, 0.018878741960758037, 0.018878741960758037, 0.018878741960758037, 0.018878741960758037, 0.018878741960758037, 0.018878741960758037, 0.018878741960758037, 0.018878741960758037, 0.018878741960758037, 0.018878741960758037, 0.018878741960758037, 0.018878741960758037, 0.018878741960758037, 0.018878741960758037, 0.018878741960758037, 0.018878741960758037, 0.018878741960758037, 0.018878741960758037, 0.018878741960758037, 0.018878741960758037, 0.018878741960758037, 0.018878741960758037, 0.018878741960758037, 0.018878741960758037, 0.018878741960758037, 0.018878741960758037, 0.018878741960758037, 0.018878741960758037, 0.018878741960758037, 0.018878741960758037, 0.018878741960758037, 0.018878741960758037, 0.018878741960758037, 0.018878741960758037, 0.018878741960758037, 0.018878741960758037], "tune": [true, false, false, false, false, false, false, false, false, false, false, false, false, false, false, false, false, false, false, false, false, false, false, false, false, false, false, false, false, false, false, false, false, false, false, false, false, false, false, false, false, false, false, false, false, false, false, false, false, false, false, false, false, false, false, false, false, false, false, false, false, false, false, false, false, false, false, false, false, false, false, false, false, false, false, false, false, false, false, false, false, false, false, false, false, false, false, false, false, false, false, false, false, false, false, false, false, false, false, false], "mean_tree_accept": [0.9631587596333394, 0.9990998879515165, 0.9599592095607885, 0.971153227561195, 0.995110317705547, 0.9991512696934135, 0.9903626712733974, 0.998116951792142, 0.9689580715977952, 0.6675297540055205, 0.9999481048045045, 0.8726571815839212, 0.9742151048260995, 0.9162638674805177, 0.998364087013119, 0.9900748388728253, 0.974192076730428, 0.9994685071015262, 0.9875091283062856, 0.9902946141132432, 0.9994948153384619, 0.9975000141755405, 0.9999314743169082, 0.9979843807814228, 0.9992164144758893, 0.9964128004791948, 0.9812554042675897, 0.9834259405413271, 0.9990453011908819, 0.9940860864756538, 0.8782575360508733, 0.9785029668008833, 0.6403534840180185, 0.9978261422695753, 0.2825954902287848, 0.9799719072789472, 0.9624348883575423, 0.99670409858509, 0.8409479279168453, 0.9962227030182478, 0.9615254387435196, 0.9999063839998086, 0.9559792110865021, 0.9972140702275598, 0.9927387013304593, 0.993186525210143, 0.9994085645109315, 0.9999624716549957, 0.9965909929374482, 0.9793326720391355, 0.9770514245857271, 0.9818093387359086, 0.9760670442384911, 0.945203050771828, 0.9978545578082729, 0.9996268535219937, 0.9961384485734879, 0.9783325289313799, 0.8516386932859901, 0.9896858699121592, 0.9795663849647214, 0.8957021838240797, 0.9001738688641867, 0.6699794538624368, 0.9375056780844652, 0.9378816732765837, 0.5649696963416421, 0.42575144877903065, 0.866589336418781, 1.0, 0.26949552399024784, 0.5654375978612983, 0.8456821316561759, 0.9747440432684782, 0.7947638357560248, 0.95227840974329, 0.9915116299390146, 0.9988707828476576, 0.9936590213101446, 0.9591310395364705, 0.9797949128132456, 0.9971598666210773, 0.9982513150245826, 0.9734459212851965, 0.9491425022936133, 0.38789578692130583, 0.9812329701996293, 0.9575442277709286, 0.752706173095763, 0.935260222168315, 0.9929526421289228, 1.0, 0.8838460723146834, 0.9427684969861537, 0.9778956891710436, 1.0, 0.995640391257986, 0.9857889016739387, 0.7875421431196706, 0.984928439964994], "step_size_bar": [0.014293148151417726, 0.014293148151417726, 0.014293148151417726, 0.014293148151417726, 0.014293148151417726, 0.014293148151417726, 0.014293148151417726, 0.014293148151417726, 0.014293148151417726, 0.014293148151417726, 0.014293148151417726, 0.014293148151417726, 0.014293148151417726, 0.014293148151417726, 0.014293148151417726, 0.014293148151417726, 0.014293148151417726, 0.014293148151417726, 0.014293148151417726, 0.014293148151417726, 0.014293148151417726, 0.014293148151417726, 0.014293148151417726, 0.014293148151417726, 0.014293148151417726, 0.014293148151417726, 0.014293148151417726, 0.014293148151417726, 0.014293148151417726, 0.014293148151417726, 0.014293148151417726, 0.014293148151417726, 0.014293148151417726, 0.014293148151417726, 0.014293148151417726, 0.014293148151417726, 0.014293148151417726, 0.014293148151417726, 0.014293148151417726, 0.014293148151417726, 0.014293148151417726, 0.014293148151417726, 0.014293148151417726, 0.014293148151417726, 0.014293148151417726, 0.014293148151417726, 0.014293148151417726, 0.014293148151417726, 0.014293148151417726, 0.014293148151417726, 0.014293148151417726, 0.014293148151417726, 0.014293148151417726, 0.014293148151417726, 0.014293148151417726, 0.014293148151417726, 0.014293148151417726, 0.014293148151417726, 0.014293148151417726, 0.014293148151417726, 0.014293148151417726, 0.014293148151417726, 0.014293148151417726, 0.014293148151417726, 0.014293148151417726, 0.014293148151417726, 0.014293148151417726, 0.014293148151417726, 0.014293148151417726, 0.014293148151417726, 0.014293148151417726, 0.014293148151417726, 0.014293148151417726, 0.014293148151417726, 0.014293148151417726, 0.014293148151417726, 0.014293148151417726, 0.014293148151417726, 0.014293148151417726, 0.014293148151417726, 0.014293148151417726, 0.014293148151417726, 0.014293148151417726, 0.014293148151417726, 0.014293148151417726, 0.014293148151417726, 0.014293148151417726, 0.014293148151417726, 0.014293148151417726, 0.014293148151417726, 0.014293148151417726, 0.014293148151417726, 0.014293148151417726, 0.014293148151417726, 0.014293148151417726, 0.014293148151417726, 0.014293148151417726, 0.014293148151417726, 0.014293148151417726, 0.014293148151417726],