{"draw_idx": 100, "draws": null, "_stats": [{"depth": [7, 7, 7, 7, 7, 7, 8, 7, 8, 7, 7, 7, 8, 7, 7, 4, 7, 7, 7, 6, 7, 7, 7, 7, 3, 7, 8, 4, 6, 7, 5, 7, 7, 7, 6, 7, 2, 7, 7, 7, 7, 7, 7, 7, 7, 7, 7, 7, 7, 7, 7, 7, 7, 7, 8, 6, 8, 6, 6, 7, 5, 3, 4, 7, 8, 7, 8, 7, 6, 7, 4, 7, 7, 6, 6, 7, 6, 7, 7, 7, 7, 4, 6, 7, 5, 7, 3, 3, 4, 5, 7, 8, 4, 5, 4, 4, 6, 9, 7, 7], "step_size": [0.01509247515778917, 0.01509247515778917, 0.01509247515778917, 0.01509247515778917, 0.01509247515778917, 0.01509247515778917, 0.01509247515778917, 0.01509247515778917, 0.01509247515778917, 0.01509247515778917, 0.01509247515778917, 0.01509247515778917, 0.01509247515778917, 0.01509247515778917, 0.01509247515778917, 0.01509247515778917, 0.01509247515778917, 0.01509247515778917, 0.01509247515778917, 0.01509247515778917, 0.01509247515778917, 0.01509247515778917, 0.01509247515778917, 0.01509247515778917, 0.01509247515778917, 0.01509247515778917, 0.01509247515778917, 0.01509247515778917, 0.01509247515778917, 0.01509247515778917, 0.01509247515778917, 0.01509247515778917, 0.01509247515778917, 0.01509247515778917, 0.01509247515778917, 0.01509247515778917, 0.01509247515778917, 0.01509247515778917, 0.01509247515778917, 0.01509247515778917, 0.01509247515778917, 0.01509247515778917, 0.01509247515778917, 0.01509247515778917, 0.01509247515778917, 0.01509247515778917, 0.01509247515778917, 0.01509247515778917, 0.01509247515778917, 0.01509247515778917, 0.01509247515778917, 0.01509247515778917, 0.01509247515778917, 0.01509247515778917, 0.01509247515778917, 0.01509247515778917, 0.01509247515778917, 0.01509247515778917, 0.01509247515778917, 0.01509247515778917, 0.01509247515778917, 0.01509247515778917, 0.01509247515778917, 0.01509247515778917, 0.01509247515778917, 0.01509247515778917, 0.01509247515778917, 0.01509247515778917, 0.01509247515778917, 0.01509247515778917, 0.01509247515778917, 0.01509247515778917, 0.01509247515778917, 0.01509247515778917, 0.01509247515778917, 0.01509247515778917, 0.01509247515778917, 0.01509247515778917, 0.01509247515778917, 0.01509247515778917, 0.01509247515778917, 0.01509247515778917, 0.01509247515778917, 0.01509247515778917, 0.01509247515778917, 0.01509247515778917, 0.01509247515778917, 0.01509247515778917, 0.01509247515778917, 0.01509247515778917, 0.01509247515778917, 0.01509247515778917, 0.01509247515778917, 0.01509247515778917, 0.01509247515778917, 0.01509247515778917, 0.01509247515778917, 0.01509247515778917, 0.01509247515778917, 0.01509247515778917], "tune": [true, false, false, false, false, false, false, false, false, false, false, false, false, false, false, false, false, false, false, false, false, false, false, false, false, false, false, false, false, false, false, false, false, false, false, false, false, false, false, false, false, false, false, false, false, false, false, false, false, false, false, false, false, false, false, false, false, false, false, false, false, false, false, false, false, false, false, false, false, false, false, false, false, false, false, false, false, false, false, false, false, false, false, false, false, false, false, false, false, false, false, false, false, false, false, false, false, false, false, false], "mean_tree_accept": [0.9994007364962258, 0.9985638488602087, 0.9998503461402316, 0.9923967016584149, 0.7377316348618242, 0.9987055487575514, 0.9858252071288789, 0.8039721358336719, 0.6135947774085219, 0.9997756080431632, 0.9712517396152367, 0.9939694853921209, 0.9620203153005016, 0.9991409978613494, 0.9533457848537741, 0.9921985611337731, 0.8841836235434753, 0.9667733392938206, 0.7775567260407484, 0.9952649947569494, 0.9808495872141109, 0.9995404470897841, 0.966369979668998, 0.7052867874632781, 0.9961934879143166, 0.9965747329313488, 0.8613276177865704, 0.9718119855491246, 0.24463166960566113, 0.6785211074435109, 0.17941977202645865, 0.1575274483250037, 0.5564514586968963, 0.9992039053842354, 0.49265613491058224, 0.006242840413193149, 0.2089570092001423, 0.9369959224199133, 0.836978116022823, 0.9946685436347313, 0.9987058121514646, 0.9640044958456858, 0.9972492025381048, 0.9994577934677892, 0.9125679095408669, 0.9873542368026148, 0.9408862264078929, 0.9181670356845874, 0.9983506308441782, 0.9911866895874204, 0.6883961798515376, 0.9952035416158904, 0.887888306025906, 0.688696353666547, 0.9998279980238228, 0.9971043599583073, 0.9884497728949687, 1.0, 0.48649253780298185, 0.1222957220072647, 0.5294683056507188, 0.09326136330545678, 0.15299431335960811, 0.659424597271989, 0.999238624834189, 0.999998767834757, 0.7592308799815607, 0.9994402741315553, 0.9230674791211688, 0.6588625983409013, 0.427507876015362, 0.9970780990730095, 0.8515964133655144, 0.41742539878092966, 0.5821472446259629, 0.23497303344487447, 0.7385253998219168, 0.46840580365908846, 0.9845543751119082, 0.04118105048853319, 0.04708426469174221, 0.3821888321210903, 0.2260693986981606, 0.05384408259226254, 0.033257001082861636, 0.04368803197354884, 0.29490643116599097, 0.04918422819366764, 0.39268893898699136, 0.2636229360291583, 0.10328096491434058, 0.42673702697933763, 0.08112998009638402, 0.06259794410281577, 0.07143102082100798, 0.0059516605546239025, 0.4128901452644083, 0.961199579417922, 0.9518711806025945, 0.08381504957017218], "step_size_bar": [0.01645061044394345, 0.01645061044394345, 0.01645061044394345, 0.01645061044394345, 0.01645061044394345, 0.01645061044394345, 0.01645061044394345, 0.01645061044394345, 0.01645061044394345, 0.01645061044394345, 0.01645061044394345, 0.01645061044394345, 0.01645061044394345, 0.01645061044394345, 0.01645061044394345, 0.01645061044394345, 0.01645061044394345, 0.01645061044394345, 0.01645061044394345, 0.01645061044394345, 0.01645061044394345, 0.01645061044394345, 0.01645061044394345, 0.01645061044394345, 0.01645061044394345, 0.01645061044394345, 0.01645061044394345, 0.01645061044394345, 0.01645061044394345, 0.01645061044394345, 0.01645061044394345, 0.01645061044394345, 0.01645061044394345, 0.01645061044394345, 0.01645061044394345, 0.01645061044394345, 0.01645061044394345, 0.01645061044394345, 0.01645061044394345, 0.01645061044394345, 0.01645061044394345, 0.01645061044394345, 0.01645061044394345, 0.01645061044394345, 0.01645061044394345, 0.01645061044394345, 0.01645061044394345, 0.01645061044394345, 0.01645061044394345, 0.01645061044394345, 0.01645061044394345, 0.01645061044394345, 0.01645061044394345, 0.01645061044394345, 0.01645061044394345, 0.01645061044394345, 0.01645061044394345, 0.01645061044394345, 0.01645061044394345, 0.01645061044394345, 0.01645061044394345, 0.01645061044394345, 0.01645061044394345, 0.01645061044394345, 0.01645061044394345, 0.01645061044394345, 0.01645061044394345, 0.01645061044394345, 0.01645061044394345, 0.01645061044394345, 0.01645061044394345, 0.01645061044394345, 0.01645061044394345, 0.01645061044394345, 0.01645061044394345, 0.01645061044394345, 0.01645061044394345, 0.01645061044394345, 0.01645061044394345, 0.01645061044394345, 0.01645061044394345, 0.01645061044394345, 0.01645061044394345, 0.01645061044394345, 0.01645061044394345, 0.01645061044394345, 0.01645061044394345, 0.01645061044394345, 0.01645061044394345, 0.01645061044394345, 0.01645061044394345, 0.01645061044394345, 0.01645061044394345, 0.01645061044394345, 0.01645061044394345, 0.01645061044394345, 0.01645061044394345, 0.01645061044394345, 0.01645061044394345, 0.01645061044394345], "tree_size": [95.0, 127.0, 127.0, 127.0, 127.0, 127.0, 255.0, 127.0, 255.0, 127.0, 127.0, 127.0, 191.0, 127.0, 127.0, 15.0, 127.0, 127.0, 127.0, 63.0, 127.0, 127.0, 127.0, 95.0, 7.0, 127.0, 175.0, 15.0, 63.0, 127.0, 31.0, 79.0, 127.0, 127.0, 63.0, 127.0, 3.0, 127.0, 127.0, 127.0, 127.0, 127.0, 127.0, 127.0, 127.0, 127.0, 127.0, 127.0, 127.0, 127.0, 71.0, 127.0, 127.0, 127.0, 191.0, 63.0, 255.0, 63.0, 63.0, 127.0, 31.0, 7.0, 11.0, 79.0, 255.0, 127.0, 255.0, 127.0, 63.0, 127.0, 15.0, 127.0, 127.0, 43.0, 63.0, 127.0, 39.0, 71.0, 127.0, 127.0, 95.0, 15.0, 47.0, 127.0, 31.0, 127.0, 7.0, 7.0, 15.0, 19.0, 127.0, 135.0, 15.0, 23.0, 15.0, 15.0, 47.0, 319.0, 127.0, 127.0],