{"draw_idx": 100, "draws": null, "_stats": [{"depth": [7, 7, 5, 8, 8, 8, 8, 8, 9, 8, 8, 8, 8, 8, 8, 8, 8, 8, 8, 7, 9, 8, 8, 8, 8, 6, 7, 8, 7, 9, 8, 8, 8, 8, 9, 7, 7, 8, 7, 7, 8, 8, 9, 6, 8, 8, 7, 7, 8, 8, 9, 8, 8, 8, 8, 7, 8, 5, 7, 7, 8, 8, 8, 8, 8, 8, 4, 8, 8, 8, 8, 8, 8, 8, 8, 7, 5, 4, 8, 8, 8, 7, 8, 9, 3, 7, 8, 8, 8, 8, 7, 4, 8, 8, 8, 8, 8, 9, 8, 8], "step_size": [0.013305470043462877, 0.013305470043462877, 0.013305470043462877, 0.013305470043462877, 0.013305470043462877, 0.013305470043462877, 0.013305470043462877, 0.013305470043462877, 0.013305470043462877, 0.013305470043462877, 0.013305470043462877, 0.013305470043462877, 0.013305470043462877, 0.013305470043462877, 0.013305470043462877, 0.013305470043462877, 0.013305470043462877, 0.013305470043462877, 0.013305470043462877, 0.013305470043462877, 0.013305470043462877, 0.013305470043462877, 0.013305470043462877, 0.013305470043462877, 0.013305470043462877, 0.013305470043462877, 0.013305470043462877, 0.013305470043462877, 0.013305470043462877, 0.013305470043462877, 0.013305470043462877, 0.013305470043462877, 0.013305470043462877, 0.013305470043462877, 0.013305470043462877, 0.013305470043462877, 0.013305470043462877, 0.013305470043462877, 0.013305470043462877, 0.013305470043462877, 0.013305470043462877, 0.013305470043462877, 0.013305470043462877, 0.013305470043462877, 0.013305470043462877, 0.013305470043462877, 0.013305470043462877, 0.013305470043462877, 0.013305470043462877, 0.013305470043462877, 0.013305470043462877, 0.013305470043462877, 0.013305470043462877, 0.013305470043462877, 0.013305470043462877, 0.013305470043462877, 0.013305470043462877, 0.013305470043462877, 0.013305470043462877, 0.013305470043462877, 0.013305470043462877, 0.013305470043462877, 0.013305470043462877, 0.013305470043462877, 0.013305470043462877, 0.013305470043462877, 0.013305470043462877, 0.013305470043462877, 0.013305470043462877, 0.013305470043462877, 0.013305470043462877, 0.013305470043462877, 0.013305470043462877, 0.013305470043462877, 0.013305470043462877, 0.013305470043462877, 0.013305470043462877, 0.013305470043462877, 0.013305470043462877, 0.013305470043462877, 0.013305470043462877, 0.013305470043462877, 0.013305470043462877, 0.013305470043462877, 0.013305470043462877, 0.013305470043462877, 0.013305470043462877, 0.013305470043462877, 0.013305470043462877, 0.013305470043462877, 0.013305470043462877, 0.013305470043462877, 0.013305470043462877, 0.013305470043462877, 0.013305470043462877, 0.013305470043462877, 0.013305470043462877, 0.013305470043462877, 0.013305470043462877, 0.013305470043462877], "tune": [true, false, false, false, false, false, false, false, false, false, false, false, false, false, false, false, false, false, false, false, false, false, false, false, false, false, false, false, false, false, false, false, false, false, false, false, false, false, false, false, false, false, false, false, false, false, false, false, false, false, false, false, false, false, false, false, false, false, false, false, false, false, false, false, false, false, false, false, false, false, false, false, false, false, false, false, false, false, false, false, false, false, false, false, false, false, false, false, false, false, false, false, false, false, false, false, false, false, false, false], "mean_tree_accept": [0.9520008989352706, 0.9990091959307562, 0.9999825880089018, 0.9997417122015129, 0.9887430575021543, 0.9964458867605538, 0.9956535466224273, 0.9970770299120227, 0.8732603834259037, 0.9971396557729963, 0.992246722286735, 0.9840806984550877, 0.9997589530430697, 0.942177030508765, 0.9940007331184989, 0.9960116933594003, 0.999567675539029, 0.9948092470681917, 0.9832875003185332, 0.9958458723815482, 0.999974430228192, 0.9985095115403833, 0.9032205949071782, 0.994346775213483, 0.9994188738090881, 0.9836379312470064, 0.9997462315519866, 0.9919420005884582, 0.9803053195138337, 0.997680500769196, 0.8637697501909749, 0.9970095275210786, 0.9999503918535487, 0.9844420265140895, 0.9815470522192166, 0.972261603354439, 0.9974633277292879, 0.945556028607077, 0.9906733798421418, 0.9897748877836349, 0.9997233423538509, 0.9997890179147019, 0.9813732532415975, 0.999796531296554, 0.9988182506897966, 0.9504455495262355, 0.9907548837862633, 0.9872152471473177, 0.9935712279231779, 0.9977226297744602, 0.987048116358363, 0.9996521848916144, 0.9924241512431108, 1.0, 0.9999416327035451, 0.9888375723191931, 0.9984592644038636, 0.9989958218877244, 0.9889913664064861, 0.9996995838056224, 0.9995839779010377, 0.9980344793086003, 0.9994324274068473, 0.9982844862504302, 0.9852786972121017, 0.9992343581004587, 0.9985707049570952, 0.7837301983242447, 0.9643917071574343, 0.9998132841370286, 0.9994266068251417, 0.9999434710499102, 0.9936365734455122, 0.995591401290193, 0.9696391020950006, 0.9949913372566946, 0.991364802540198, 0.999991376875822, 0.9615564095817942, 0.9993856888929042, 0.9965201021310459, 0.9987111885971972, 0.9945623592241496, 0.995794709315751, 0.995192251106593, 0.9974038994021642, 0.9529327951510027, 0.9985495569648126, 0.9695177976990784, 0.9981697810287466, 0.9999701024278953, 0.9906466558438597, 0.9980872993242713, 0.9902081255751246, 0.9946747679328032, 0.9998886206688197, 0.9984763345477135, 0.9987393210215183, 0.7865570118305201, 0.027456292341231148], "step_size_bar": [0.008682582692023214, 0.008682582692023214, 0.008682582692023214, 0.008682582692023214, 0.008682582692023214, 0.008682582692023214, 0.008682582692023214, 0.008682582692023214, 0.008682582692023214, 0.008682582692023214, 0.008682582692023214, 0.008682582692023214, 0.008682582692023214, 0.008682582692023214, 0.008682582692023214, 0.008682582692023214, 0.008682582692023214, 0.008682582692023214, 0.008682582692023214, 0.008682582692023214, 0.008682582692023214, 0.008682582692023214, 0.008682582692023214, 0.008682582692023214, 0.008682582692023214, 0.008682582692023214, 0.008682582692023214, 0.008682582692023214, 0.008682582692023214, 0.008682582692023214, 0.008682582692023214, 0.008682582692023214, 0.008682582692023214, 0.008682582692023214, 0.008682582692023214, 0.008682582692023214, 0.008682582692023214, 0.008682582692023214, 0.008682582692023214, 0.008682582692023214, 0.008682582692023214, 0.008682582692023214, 0.008682582692023214, 0.008682582692023214, 0.008682582692023214, 0.008682582692023214, 0.008682582692023214, 0.008682582692023214, 0.008682582692023214, 0.008682582692023214, 0.008682582692023214, 0.008682582692023214, 0.008682582692023214, 0.008682582692023214, 0.008682582692023214, 0.008682582692023214, 0.008682582692023214, 0.008682582692023214, 0.008682582692023214, 0.008682582692023214, 0.008682582692023214, 0.008682582692023214, 0.008682582692023214, 0.008682582692023214, 0.008682582692023214, 0.008682582692023214, 0.008682582692023214, 0.008682582692023214, 0.008682582692023214, 0.008682582692023214, 0.008682582692023214, 0.008682582692023214, 0.008682582692023214, 0.008682582692023214, 0.008682582692023214, 0.008682582692023214, 0.008682582692023214, 0.008682582692023214, 0.008682582692023214, 0.008682582692023214, 0.008682582692023214, 0.008682582692023214, 0.008682582692023214, 0.008682582692023214, 0.008682582692023214, 0.008682582692023214, 0.008682582692023214, 0.008682582692023214, 0.008682582692023214, 0.008682582692023214, 0.008682582692023214, 0.008682582692023214, 0.008682582692023214, 0.008682582692023214, 0.008682582692023214, 0.008682582692023214, 0.008682582692023214, 0.008682582692023214, 0.008682582692023214, 0.008682582692023214],