{"draw_idx": 100, "draws": null, "_stats": [{"depth": [6, 7, 6, 7, 7, 6, 7, 7, 7, 6, 7, 7, 7, 8, 7, 7, 7, 5, 7, 7, 7, 7, 5, 5, 6, 8, 7, 7, 7, 7, 8, 7, 7, 7, 7, 6, 7, 8, 7, 7, 7, 7, 6, 8, 5, 7, 4, 7, 7, 8, 7, 2, 7, 7, 7, 7, 7, 7, 6, 8, 7, 7, 5, 6, 7, 6, 7, 7, 8, 7, 6, 7, 7, 7, 7, 7, 7, 7, 7, 4, 8, 6, 5, 8, 8, 7, 6, 7, 4, 7, 7, 8, 7, 8, 7, 7, 6, 6, 8, 8], "step_size": [0.013767119233229005, 0.013767119233229005, 0.013767119233229005, 0.013767119233229005, 0.013767119233229005, 0.013767119233229005, 0.013767119233229005, 0.013767119233229005, 0.013767119233229005, 0.013767119233229005, 0.013767119233229005, 0.013767119233229005, 0.013767119233229005, 0.013767119233229005, 0.013767119233229005, 0.013767119233229005, 0.013767119233229005, 0.013767119233229005, 0.013767119233229005, 0.013767119233229005, 0.013767119233229005, 0.013767119233229005, 0.013767119233229005, 0.013767119233229005, 0.013767119233229005, 0.013767119233229005, 0.013767119233229005, 0.013767119233229005, 0.013767119233229005, 0.013767119233229005, 0.013767119233229005, 0.013767119233229005, 0.013767119233229005, 0.013767119233229005, 0.013767119233229005, 0.013767119233229005, 0.013767119233229005, 0.013767119233229005, 0.013767119233229005, 0.013767119233229005, 0.013767119233229005, 0.013767119233229005, 0.013767119233229005, 0.013767119233229005, 0.013767119233229005, 0.013767119233229005, 0.013767119233229005, 0.013767119233229005, 0.013767119233229005, 0.013767119233229005, 0.013767119233229005, 0.013767119233229005, 0.013767119233229005, 0.013767119233229005, 0.013767119233229005, 0.013767119233229005, 0.013767119233229005, 0.013767119233229005, 0.013767119233229005, 0.013767119233229005, 0.013767119233229005, 0.013767119233229005, 0.013767119233229005, 0.013767119233229005, 0.013767119233229005, 0.013767119233229005, 0.013767119233229005, 0.013767119233229005, 0.013767119233229005, 0.013767119233229005, 0.013767119233229005, 0.013767119233229005, 0.013767119233229005, 0.013767119233229005, 0.013767119233229005, 0.013767119233229005, 0.013767119233229005, 0.013767119233229005, 0.013767119233229005, 0.013767119233229005, 0.013767119233229005, 0.013767119233229005, 0.013767119233229005, 0.013767119233229005, 0.013767119233229005, 0.013767119233229005, 0.013767119233229005, 0.013767119233229005, 0.013767119233229005, 0.013767119233229005, 0.013767119233229005, 0.013767119233229005, 0.013767119233229005, 0.013767119233229005, 0.013767119233229005, 0.013767119233229005, 0.013767119233229005, 0.013767119233229005, 0.013767119233229005, 0.013767119233229005], "tune": [true, false, false, false, false, false, false, false, false, false, false, false, false, false, false, false, false, false, false, false, false, false, false, false, false, false, false, false, false, false, false, false, false, false, false, false, false, false, false, false, false, false, false, false, false, false, false, false, false, false, false, false, false, false, false, false, false, false, false, false, false, false, false, false, false, false, false, false, false, false, false, false, false, false, false, false, false, false, false, false, false, false, false, false, false, false, false, false, false, false, false, false, false, false, false, false, false, false, false, false], "mean_tree_accept": [0.6199912608641271, 0.9963242124233043, 0.9997101710081128, 0.9999466327672072, 0.9670326354023167, 0.998802965818131, 0.992629251033308, 0.948918616414103, 0.8824425237259741, 0.9945186356943454, 0.9975682993209127, 0.9695160474069304, 0.9590066886958872, 0.9445000084967259, 0.9388603945710736, 0.9355208558022237, 0.9974643904989584, 0.9770635932405631, 0.9609939429761583, 0.9578444377463894, 0.9907444998704436, 0.9972317021548803, 0.967426424439674, 0.9816261942413508, 0.9909071624654058, 0.9921605714105962, 0.9998920025020328, 0.9966465773010063, 0.9471845775913068, 0.9997545926059952, 0.9953648352919607, 0.9615578489236292, 0.9924537681119637, 0.9810550579806617, 0.9594384385455815, 0.9833992936680813, 0.9777632710222837, 0.8988733350638255, 0.9954359474014768, 0.9775084129884068, 0.9975325204955355, 0.9999043421982902, 0.9761766666961286, 0.9840197604873451, 0.9983091203749559, 0.9976008979847326, 0.9882365506130147, 0.6949507849111215, 0.9808863133107446, 0.9475250986498922, 0.9847439556952589, 0.6305729614630876, 0.7852566573695702, 0.999518598951205, 0.9892634387983019, 0.9424500478941178, 0.2500449832619254, 0.49974075087893904, 0.9915394100817428, 0.9689892857542948, 0.9046522352778428, 0.9174527010272326, 0.9802048844007759, 0.9965084349102138, 0.9085684451934785, 0.993740757234313, 0.997090747507744, 0.9967521889719795, 0.9889917762163402, 0.8157513451466225, 0.9923268777808406, 0.9968691394800573, 0.9966576089087984, 0.9967241056164944, 0.9775947024717637, 0.9776373004781596, 0.991854828674294, 0.9924625455201831, 0.9992175276989438, 0.9849346526235653, 0.8867962530317378, 0.5129919513875321, 0.5826527475674789, 0.6374550980938001, 0.7349128704735235, 0.981650522865716, 0.9883448026525622, 0.9994538931745981, 0.9923368169577621, 0.9354927896040968, 0.9993749500000076, 0.9896715027624059, 0.9809468636182642, 0.7410632514810119, 0.8906046528395731, 0.9998188205847972, 0.9650955303546812, 0.9899436398205828, 0.9660375485902971, 0.12461417541376502], "step_size_bar": [0.017186235503512375, 0.017186235503512375, 0.017186235503512375, 0.017186235503512375, 0.017186235503512375, 0.017186235503512375, 0.017186235503512375, 0.017186235503512375, 0.017186235503512375, 0.017186235503512375, 0.017186235503512375, 0.017186235503512375, 0.017186235503512375, 0.017186235503512375, 0.017186235503512375, 0.017186235503512375, 0.017186235503512375, 0.017186235503512375, 0.017186235503512375, 0.017186235503512375, 0.017186235503512375, 0.017186235503512375, 0.017186235503512375, 0.017186235503512375, 0.017186235503512375, 0.017186235503512375, 0.017186235503512375, 0.017186235503512375, 0.017186235503512375, 0.017186235503512375, 0.017186235503512375, 0.017186235503512375, 0.017186235503512375, 0.017186235503512375, 0.017186235503512375, 0.017186235503512375, 0.017186235503512375, 0.017186235503512375, 0.017186235503512375, 0.017186235503512375, 0.017186235503512375, 0.017186235503512375, 0.017186235503512375, 0.017186235503512375, 0.017186235503512375, 0.017186235503512375, 0.017186235503512375, 0.017186235503512375, 0.017186235503512375, 0.017186235503512375, 0.017186235503512375, 0.017186235503512375, 0.017186235503512375, 0.017186235503512375, 0.017186235503512375, 0.017186235503512375, 0.017186235503512375, 0.017186235503512375, 0.017186235503512375, 0.017186235503512375, 0.017186235503512375, 0.017186235503512375, 0.017186235503512375, 0.017186235503512375, 0.017186235503512375, 0.017186235503512375, 0.017186235503512375, 0.017186235503512375, 0.017186235503512375, 0.017186235503512375, 0.017186235503512375, 0.017186235503512375, 0.017186235503512375, 0.017186235503512375, 0.017186235503512375, 0.017186235503512375, 0.017186235503512375, 0.017186235503512375, 0.017186235503512375, 0.017186235503512375, 0.017186235503512375, 0.017186235503512375, 0.017186235503512375, 0.017186235503512375, 0.017186235503512375, 0.017186235503512375, 0.017186235503512375, 0.017186235503512375, 0.017186235503512375, 0.017186235503512375, 0.017186235503512375, 0.017186235503512375, 0.017186235503512375, 0.017186235503512375, 0.017186235503512375, 0.017186235503512375, 0.017186235503512375, 0.017186235503512375, 0.017186235503512375, 0.017186235503512375],