{"draw_idx": 100, "draws": null, "_stats": [{"depth": [6, 7, 7, 7, 5, 8, 3, 7, 4, 7, 6, 7, 7, 7, 6, 6, 7, 7, 7, 5, 7, 7, 7, 7, 4, 7, 7, 6, 7, 7, 4, 7, 6, 7, 7, 7, 7, 6, 7, 7, 5, 6, 7, 6, 6, 7, 6, 7, 7, 7, 7, 5, 6, 7, 7, 4, 7, 7, 6, 7, 7, 7, 7, 7, 7, 7, 3, 3, 7, 7, 7, 7, 7, 5, 7, 7, 7, 7, 7, 7, 7, 7, 7, 7, 7, 6, 5, 6, 6, 6, 6, 7, 7, 7, 7, 6, 4, 4, 7, 7], "step_size": [0.025293560273581865, 0.025293560273581865, 0.025293560273581865, 0.025293560273581865, 0.025293560273581865, 0.025293560273581865, 0.025293560273581865, 0.025293560273581865, 0.025293560273581865, 0.025293560273581865, 0.025293560273581865, 0.025293560273581865, 0.025293560273581865, 0.025293560273581865, 0.025293560273581865, 0.025293560273581865, 0.025293560273581865, 0.025293560273581865, 0.025293560273581865, 0.025293560273581865, 0.025293560273581865, 0.025293560273581865, 0.025293560273581865, 0.025293560273581865, 0.025293560273581865, 0.025293560273581865, 0.025293560273581865, 0.025293560273581865, 0.025293560273581865, 0.025293560273581865, 0.025293560273581865, 0.025293560273581865, 0.025293560273581865, 0.025293560273581865, 0.025293560273581865, 0.025293560273581865, 0.025293560273581865, 0.025293560273581865, 0.025293560273581865, 0.025293560273581865, 0.025293560273581865, 0.025293560273581865, 0.025293560273581865, 0.025293560273581865, 0.025293560273581865, 0.025293560273581865, 0.025293560273581865, 0.025293560273581865, 0.025293560273581865, 0.025293560273581865, 0.025293560273581865, 0.025293560273581865, 0.025293560273581865, 0.025293560273581865, 0.025293560273581865, 0.025293560273581865, 0.025293560273581865, 0.025293560273581865, 0.025293560273581865, 0.025293560273581865, 0.025293560273581865, 0.025293560273581865, 0.025293560273581865, 0.025293560273581865, 0.025293560273581865, 0.025293560273581865, 0.025293560273581865, 0.025293560273581865, 0.025293560273581865, 0.025293560273581865, 0.025293560273581865, 0.025293560273581865, 0.025293560273581865, 0.025293560273581865, 0.025293560273581865, 0.025293560273581865, 0.025293560273581865, 0.025293560273581865, 0.025293560273581865, 0.025293560273581865, 0.025293560273581865, 0.025293560273581865, 0.025293560273581865, 0.025293560273581865, 0.025293560273581865, 0.025293560273581865, 0.025293560273581865, 0.025293560273581865, 0.025293560273581865, 0.025293560273581865, 0.025293560273581865, 0.025293560273581865, 0.025293560273581865, 0.025293560273581865, 0.025293560273581865, 0.025293560273581865, 0.025293560273581865, 0.025293560273581865, 0.025293560273581865, 0.025293560273581865], "tune": [true, false, false, false, false, false, false, false, false, false, false, false, false, false, false, false, false, false, false, false, false, false, false, false, false, false, false, false, false, false, false, false, false, false, false, false, false, false, false, false, false, false, false, false, false, false, false, false, false, false, false, false, false, false, false, false, false, false, false, false, false, false, false, false, false, false, false, false, false, false, false, false, false, false, false, false, false, false, false, false, false, false, false, false, false, false, false, false, false, false, false, false, false, false, false, false, false, false, false, false], "mean_tree_accept": [0.9286773907672348, 0.9978213561871857, 0.8685578535312504, 0.8819429517108627, 0.9949508232752378, 0.9160673793072754, 0.8443676586308403, 0.33329485543503967, 0.9870706605392733, 0.988275541756761, 0.9905839103910622, 0.9525510711313591, 0.937830459786699, 0.980946512542721, 0.9421176105179094, 0.9946972747018855, 0.9982959323487687, 0.9988855450105613, 0.972745428863712, 0.9942804626224493, 0.9718255742236251, 0.9966443172239955, 0.9972118707103428, 0.9244391551698834, 0.9305578238178603, 0.9984025790708887, 0.9983332289006079, 0.998124706271945, 0.9948377464141399, 0.9945607568382635, 0.9423284313026394, 0.9976884198814066, 0.9700118839116519, 0.99460192201792, 0.9784483987039795, 0.9992453495800562, 0.988483864892359, 0.7684808162921614, 0.9981362666415974, 0.9957158753306066, 0.9753129365755219, 0.984491366275281, 0.5307793035795535, 0.4331103909563292, 0.8950190406239693, 0.9695222809997625, 0.9960147591911361, 0.998003776228934, 0.9947902127664197, 0.9992349152025202, 0.9940399079985497, 0.868935161054791, 0.7901800590098694, 0.9464814451946588, 0.9730526506667011, 0.999216107224627, 0.9352834496224208, 0.9842046004855511, 0.9999955570985394, 0.9785287185086283, 0.9670638480150361, 0.9089948252153971, 0.9950172267022854, 0.9778645691823851, 0.9144445649462272, 0.9952446088428054, 0.9872503096983871, 0.9397652119808809, 0.784268099829445, 0.8638694374665087, 0.9923366863514358, 0.9961873763895288, 0.995742119071656, 0.9884733274595614, 0.9948672248052748, 0.8898389596978219, 1.0, 0.9973486001901184, 0.9546477301657127, 0.4727016194472437, 0.9946011270412985, 0.9845185199480369, 0.9821897816008216, 0.934188096278755, 0.856465228290749, 0.9735861167223443, 0.9841187901205959, 0.9906898826436273, 0.9840439413714895, 0.8921309790012799, 0.9421900592374894, 0.9921308760411667, 0.9975665054413644, 0.9951052041480462, 0.5409545940754836, 0.9922069380527955, 0.9619274284646294, 0.9933733390586952, 0.9950318061434779, 0.9906716855936833], "step_size_bar": [0.024640366176188, 0.024640366176188, 0.024640366176188, 0.024640366176188, 0.024640366176188, 0.024640366176188, 0.024640366176188, 0.024640366176188, 0.024640366176188, 0.024640366176188, 0.024640366176188, 0.024640366176188, 0.024640366176188, 0.024640366176188, 0.024640366176188, 0.024640366176188, 0.024640366176188, 0.024640366176188, 0.024640366176188, 0.024640366176188, 0.024640366176188, 0.024640366176188, 0.024640366176188, 0.024640366176188, 0.024640366176188, 0.024640366176188, 0.024640366176188, 0.024640366176188, 0.024640366176188, 0.024640366176188, 0.024640366176188, 0.024640366176188, 0.024640366176188, 0.024640366176188, 0.024640366176188, 0.024640366176188, 0.024640366176188, 0.024640366176188, 0.024640366176188, 0.024640366176188, 0.024640366176188, 0.024640366176188, 0.024640366176188, 0.024640366176188, 0.024640366176188, 0.024640366176188, 0.024640366176188, 0.024640366176188, 0.024640366176188, 0.024640366176188, 0.024640366176188, 0.024640366176188, 0.024640366176188, 0.024640366176188, 0.024640366176188, 0.024640366176188, 0.024640366176188, 0.024640366176188, 0.024640366176188, 0.024640366176188, 0.024640366176188, 0.024640366176188, 0.024640366176188, 0.024640366176188, 0.024640366176188, 0.024640366176188, 0.024640366176188, 0.024640366176188, 0.024640366176188, 0.024640366176188, 0.024640366176188, 0.024640366176188, 0.024640366176188, 0.024640366176188, 0.024640366176188, 0.024640366176188, 0.024640366176188, 0.024640366176188, 0.024640366176188, 0.024640366176188, 0.024640366176188, 0.024640366176188, 0.024640366176188, 0.024640366176188, 0.024640366176188, 0.024640366176188, 0.024640366176188, 0.024640366176188, 0.024640366176188, 0.024640366176188, 0.024640366176188, 0.024640366176188, 0.024640366176188, 0.024640366176188, 0.024640366176188, 0.024640366176188, 0.024640366176188, 0.024640366176188, 0.024640366176188, 0.024640366176188], "tree_size": [63.0, 79.0, 127.0, 79.0, 31.0, 159.0, 7.0, 127.0, 15.0, 127.0, 39.0, 127.0, 79.0, 79.0, 47.0, 47.0, 127.0, 127.0, 127.0, 31.0, 127.0, 127.0, 127.0, 127.0, 15.0, 127.0, 111.0, 63.0, 127.0, 127.0, 15.0, 127.0, 63.0, 71.0, 127.0, 111.0, 127.0, 63.0, 127.0, 111.0, 31.0, 39.0, 127.0, 39.0, 47.0, 79.0, 55.0, 95.0, 127.0, 127.0, 127.0, 19.0, 63.0, 127.0, 127.0, 15.0, 127.0, 95.0, 63.0, 127.0, 127.0, 127.0, 127.0, 127.0, 127.0, 127.0, 7.0, 7.0, 127.0, 127.0, 79.0, 103.0, 127.0, 31.0, 127.0, 127.0, 127.0, 127.0, 127.0, 127.0, 127.0, 127.0, 127.0, 127.0, 95.0, 63.0, 31.0, 63.0, 63.0, 63.0, 63.0, 127.0, 127.0, 127.0, 127.0, 63.0, 15.0, 15.0, 127.0, 127.0],