{"draw_idx": 100, "draws": null, "_stats": [{"depth": [6, 6, 7, 7, 6, 6, 7, 5, 5, 7, 5, 7, 7, 7, 7, 4, 7, 7, 6, 7, 5, 6, 6, 6, 7, 5, 6, 5, 6, 7, 6, 6, 7, 7, 7, 7, 7, 7, 7, 5, 6, 7, 6, 6, 7, 7, 7, 7, 7, 7, 6, 7, 7, 7, 7, 5, 3, 7, 7, 6, 7, 7, 7, 7, 7, 7, 7, 7, 7, 7, 7, 6, 7, 5, 7, 7, 4, 7, 5, 6, 5, 7, 7, 7, 7, 7, 3, 7, 7, 5, 5, 7, 7, 6, 7, 7, 7, 7, 7, 7], "step_size": [0.037643686767351366, 0.037643686767351366, 0.037643686767351366, 0.037643686767351366, 0.037643686767351366, 0.037643686767351366, 0.037643686767351366, 0.037643686767351366, 0.037643686767351366, 0.037643686767351366, 0.037643686767351366, 0.037643686767351366, 0.037643686767351366, 0.037643686767351366, 0.037643686767351366, 0.037643686767351366, 0.037643686767351366, 0.037643686767351366, 0.037643686767351366, 0.037643686767351366, 0.037643686767351366, 0.037643686767351366, 0.037643686767351366, 0.037643686767351366, 0.037643686767351366, 0.037643686767351366, 0.037643686767351366, 0.037643686767351366, 0.037643686767351366, 0.037643686767351366, 0.037643686767351366, 0.037643686767351366, 0.037643686767351366, 0.037643686767351366, 0.037643686767351366, 0.037643686767351366, 0.037643686767351366, 0.037643686767351366, 0.037643686767351366, 0.037643686767351366, 0.037643686767351366, 0.037643686767351366, 0.037643686767351366, 0.037643686767351366, 0.037643686767351366, 0.037643686767351366, 0.037643686767351366, 0.037643686767351366, 0.037643686767351366, 0.037643686767351366, 0.037643686767351366, 0.037643686767351366, 0.037643686767351366, 0.037643686767351366, 0.037643686767351366, 0.037643686767351366, 0.037643686767351366, 0.037643686767351366, 0.037643686767351366, 0.037643686767351366, 0.037643686767351366, 0.037643686767351366, 0.037643686767351366, 0.037643686767351366, 0.037643686767351366, 0.037643686767351366, 0.037643686767351366, 0.037643686767351366, 0.037643686767351366, 0.037643686767351366, 0.037643686767351366, 0.037643686767351366, 0.037643686767351366, 0.037643686767351366, 0.037643686767351366, 0.037643686767351366, 0.037643686767351366, 0.037643686767351366, 0.037643686767351366, 0.037643686767351366, 0.037643686767351366, 0.037643686767351366, 0.037643686767351366, 0.037643686767351366, 0.037643686767351366, 0.037643686767351366, 0.037643686767351366, 0.037643686767351366, 0.037643686767351366, 0.037643686767351366, 0.037643686767351366, 0.037643686767351366, 0.037643686767351366, 0.037643686767351366, 0.037643686767351366, 0.037643686767351366, 0.037643686767351366, 0.037643686767351366, 0.037643686767351366, 0.037643686767351366], "tune": [true, false, false, false, false, false, false, false, false, false, false, false, false, false, false, false, false, false, false, false, false, false, false, false, false, false, false, false, false, false, false, false, false, false, false, false, false, false, false, false, false, false, false, false, false, false, false, false, false, false, false, false, false, false, false, false, false, false, false, false, false, false, false, false, false, false, false, false, false, false, false, false, false, false, false, false, false, false, false, false, false, false, false, false, false, false, false, false, false, false, false, false, false, false, false, false, false, false, false, false], "mean_tree_accept": [0.9947272672547818, 0.988592517424703, 0.9708247751966438, 0.99629922265492, 0.9391795026970955, 0.9910025403611475, 0.8999903892587775, 0.9774879348319319, 0.999632861694505, 0.996443339954024, 0.9979171669085468, 0.8228381802188279, 0.9761096963652093, 0.9780282004246428, 0.9932246842987905, 0.9959573340963362, 0.9991871887244448, 0.996015568513018, 0.9630897021643875, 1.0, 0.9267251145950209, 0.9199166716815508, 0.9973394901172445, 0.9740365238215387, 0.960451391279208, 0.9835659319399779, 0.9968839494968706, 0.9891745178679824, 0.9750963708439955, 0.9994956774156205, 0.9917777279754553, 0.9997668023021967, 0.9981942773017992, 0.9735671521102393, 0.6245349459743962, 0.979211071724587, 0.9995458009900695, 0.6906393554506298, 0.9990356652307154, 0.9960519364676507, 0.9926434471972102, 0.9997929625228823, 0.9821924607713277, 0.9884296871056049, 0.9955320871206649, 0.9978157500613883, 0.9702846235426689, 0.9766041067237508, 0.9207512177495187, 0.9088429213578553, 0.999214754760591, 0.9631462739913024, 0.9283883552596285, 0.8130161749071637, 0.9948512391550248, 0.423866530520198, 1.0, 0.9897231792248535, 0.9976242282172647, 0.9419766676929691, 0.8839621064162531, 0.9995800159955367, 0.9931286893901287, 0.9717894704961332, 0.6801071004916378, 0.9936202353356136, 0.8473082040562911, 0.9091973344808084, 0.967667889912261, 0.7647266220109413, 0.9542578656650569, 0.9792227893087543, 0.9910233554661697, 0.9868143768051718, 0.9553938380701686, 0.9981749955439551, 0.9787458659266359, 0.9926532524339281, 0.9947856284549559, 0.99908608817475, 0.9928036368451474, 0.7643787497774955, 0.7236973806126404, 0.910669819856796, 0.8541022547369475, 0.9934940919206302, 0.9246486562466111, 0.2514893597844077, 0.2971814513625517, 0.3865456106264606, 0.2549918731537693, 0.21807318746937718, 0.8631322737073843, 0.9965989086470566, 0.9480585653700171, 0.9115426172260387, 0.7735123283448134, 0.1134019622356686, 0.9539612285367871, 0.7147008857934255], "step_size_bar": [0.022031221251950565, 0.022031221251950565, 0.022031221251950565, 0.022031221251950565, 0.022031221251950565, 0.022031221251950565, 0.022031221251950565, 0.022031221251950565, 0.022031221251950565, 0.022031221251950565, 0.022031221251950565, 0.022031221251950565, 0.022031221251950565, 0.022031221251950565, 0.022031221251950565, 0.022031221251950565, 0.022031221251950565, 0.022031221251950565, 0.022031221251950565, 0.022031221251950565, 0.022031221251950565, 0.022031221251950565, 0.022031221251950565, 0.022031221251950565, 0.022031221251950565, 0.022031221251950565, 0.022031221251950565, 0.022031221251950565, 0.022031221251950565, 0.022031221251950565, 0.022031221251950565, 0.022031221251950565, 0.022031221251950565, 0.022031221251950565, 0.022031221251950565, 0.022031221251950565, 0.022031221251950565, 0.022031221251950565, 0.022031221251950565, 0.022031221251950565, 0.022031221251950565, 0.022031221251950565, 0.022031221251950565, 0.022031221251950565, 0.022031221251950565, 0.022031221251950565, 0.022031221251950565, 0.022031221251950565, 0.022031221251950565, 0.022031221251950565, 0.022031221251950565, 0.022031221251950565, 0.022031221251950565, 0.022031221251950565, 0.022031221251950565, 0.022031221251950565, 0.022031221251950565, 0.022031221251950565, 0.022031221251950565, 0.022031221251950565, 0.022031221251950565, 0.022031221251950565, 0.022031221251950565, 0.022031221251950565, 0.022031221251950565, 0.022031221251950565, 0.022031221251950565, 0.022031221251950565, 0.022031221251950565, 0.022031221251950565, 0.022031221251950565, 0.022031221251950565, 0.022031221251950565, 0.022031221251950565, 0.022031221251950565, 0.022031221251950565, 0.022031221251950565, 0.022031221251950565, 0.022031221251950565, 0.022031221251950565, 0.022031221251950565, 0.022031221251950565, 0.022031221251950565, 0.022031221251950565, 0.022031221251950565, 0.022031221251950565, 0.022031221251950565, 0.022031221251950565, 0.022031221251950565, 0.022031221251950565, 0.022031221251950565, 0.022031221251950565, 0.022031221251950565, 0.022031221251950565, 0.022031221251950565, 0.022031221251950565, 0.022031221251950565, 0.022031221251950565, 0.022031221251950565, 0.022031221251950565],