{"draw_idx": 100, "draws": null, "_stats": [{"depth": [7, 6, 7, 6, 7, 5, 7, 5, 6, 6, 6, 7, 7, 7, 6, 5, 7, 7, 5, 6, 7, 7, 7, 7, 7, 7, 7, 6, 6, 6, 6, 3, 7, 6, 7, 3, 7, 7, 7, 7, 6, 6, 7, 7, 6, 7, 7, 7, 7, 7, 7, 6, 6, 6, 7, 7, 7, 7, 6, 7, 7, 7, 7, 7, 7, 7, 7, 6, 7, 6, 7, 7, 6, 5, 7, 7, 4, 7, 7, 7, 6, 7, 6, 7, 7, 7, 7, 7, 5, 4, 6, 7, 7, 6, 7, 5, 7, 6, 6, 6], "step_size": [0.041922570360782986, 0.041922570360782986, 0.041922570360782986, 0.041922570360782986, 0.041922570360782986, 0.041922570360782986, 0.041922570360782986, 0.041922570360782986, 0.041922570360782986, 0.041922570360782986, 0.041922570360782986, 0.041922570360782986, 0.041922570360782986, 0.041922570360782986, 0.041922570360782986, 0.041922570360782986, 0.041922570360782986, 0.041922570360782986, 0.041922570360782986, 0.041922570360782986, 0.041922570360782986, 0.041922570360782986, 0.041922570360782986, 0.041922570360782986, 0.041922570360782986, 0.041922570360782986, 0.041922570360782986, 0.041922570360782986, 0.041922570360782986, 0.041922570360782986, 0.041922570360782986, 0.041922570360782986, 0.041922570360782986, 0.041922570360782986, 0.041922570360782986, 0.041922570360782986, 0.041922570360782986, 0.041922570360782986, 0.041922570360782986, 0.041922570360782986, 0.041922570360782986, 0.041922570360782986, 0.041922570360782986, 0.041922570360782986, 0.041922570360782986, 0.041922570360782986, 0.041922570360782986, 0.041922570360782986, 0.041922570360782986, 0.041922570360782986, 0.041922570360782986, 0.041922570360782986, 0.041922570360782986, 0.041922570360782986, 0.041922570360782986, 0.041922570360782986, 0.041922570360782986, 0.041922570360782986, 0.041922570360782986, 0.041922570360782986, 0.041922570360782986, 0.041922570360782986, 0.041922570360782986, 0.041922570360782986, 0.041922570360782986, 0.041922570360782986, 0.041922570360782986, 0.041922570360782986, 0.041922570360782986, 0.041922570360782986, 0.041922570360782986, 0.041922570360782986, 0.041922570360782986, 0.041922570360782986, 0.041922570360782986, 0.041922570360782986, 0.041922570360782986, 0.041922570360782986, 0.041922570360782986, 0.041922570360782986, 0.041922570360782986, 0.041922570360782986, 0.041922570360782986, 0.041922570360782986, 0.041922570360782986, 0.041922570360782986, 0.041922570360782986, 0.041922570360782986, 0.041922570360782986, 0.041922570360782986, 0.041922570360782986, 0.041922570360782986, 0.041922570360782986, 0.041922570360782986, 0.041922570360782986, 0.041922570360782986, 0.041922570360782986, 0.041922570360782986, 0.041922570360782986, 0.041922570360782986], "tune": [true, false, false, false, false, false, false, false, false, false, false, false, false, false, false, false, false, false, false, false, false, false, false, false, false, false, false, false, false, false, false, false, false, false, false, false, false, false, false, false, false, false, false, false, false, false, false, false, false, false, false, false, false, false, false, false, false, false, false, false, false, false, false, false, false, false, false, false, false, false, false, false, false, false, false, false, false, false, false, false, false, false, false, false, false, false, false, false, false, false, false, false, false, false, false, false, false, false, false, false], "mean_tree_accept": [0.9943163235771143, 0.9953470328785317, 0.8984185292751821, 0.9940807455315078, 0.9483214939398781, 0.9744916532718085, 0.9856451548120089, 0.9949080137609274, 0.9790993175335855, 0.9975789295774226, 0.9953941791471624, 0.9805824618189485, 0.9751178029435642, 0.9993619857451552, 0.9989681330444455, 0.9836081083849839, 0.9751005657336186, 0.9924334667124646, 0.9995126117126103, 0.9994604867236223, 0.9719816639033145, 0.9795930718847413, 0.9971581141481235, 0.9865925676024632, 0.9984141719100403, 0.9396860223881702, 0.9829482909300522, 0.9431317467555175, 0.9928116918985532, 0.99883045335888, 0.9879015501259274, 1.0, 0.9919816292940707, 0.9981310936541081, 0.9935031740684613, 0.897108918381636, 0.9997589381380941, 0.9984256461043902, 0.9926225982870464, 0.9864539263527553, 0.9128012785655417, 0.9701054482708557, 0.9878123713874194, 0.990903934818786, 0.9982506661321839, 0.9971505615006805, 0.9903545034596017, 0.9896734441516739, 0.9844469794866674, 0.9780379579366956, 0.945967618648925, 0.6131039707457713, 0.756298986365672, 0.9297749930227336, 0.9959906382522908, 0.9933090994246782, 0.9983456076549052, 0.9610735472667187, 0.990302366855758, 0.9916188035715235, 0.9989383388606432, 0.9826919197088253, 0.9949528360692995, 0.9838753860997095, 0.9989640210533568, 0.995421623517019, 0.9929692253052887, 0.9824734816026692, 0.9971864026148229, 0.9796811526505009, 0.9991958737792814, 0.9820738756921616, 0.9875933667680059, 0.9977630230556512, 0.9986244200686307, 0.9799585918190765, 0.9523192303633563, 0.9903650734225234, 0.9967136386650464, 0.8868623014334434, 0.9986272578160682, 0.9984988449352302, 0.997819950776508, 0.9976023445369618, 0.9686523988263368, 0.9968097688009414, 0.9970404286430715, 0.9659228849162148, 0.9828067146209553, 0.9988734380361516, 0.9987429562789145, 0.9941061278772817, 0.994374733781355, 0.9935362271971532, 0.9988231432658443, 0.9999544696966008, 0.9953549218629275, 0.99852433362094, 0.9884911808116846, 0.9997782494309913], "step_size_bar": [0.027951391836144868, 0.027951391836144868, 0.027951391836144868, 0.027951391836144868, 0.027951391836144868, 0.027951391836144868, 0.027951391836144868, 0.027951391836144868, 0.027951391836144868, 0.027951391836144868, 0.027951391836144868, 0.027951391836144868, 0.027951391836144868, 0.027951391836144868, 0.027951391836144868, 0.027951391836144868, 0.027951391836144868, 0.027951391836144868, 0.027951391836144868, 0.027951391836144868, 0.027951391836144868, 0.027951391836144868, 0.027951391836144868, 0.027951391836144868, 0.027951391836144868, 0.027951391836144868, 0.027951391836144868, 0.027951391836144868, 0.027951391836144868, 0.027951391836144868, 0.027951391836144868, 0.027951391836144868, 0.027951391836144868, 0.027951391836144868, 0.027951391836144868, 0.027951391836144868, 0.027951391836144868, 0.027951391836144868, 0.027951391836144868, 0.027951391836144868, 0.027951391836144868, 0.027951391836144868, 0.027951391836144868, 0.027951391836144868, 0.027951391836144868, 0.027951391836144868, 0.027951391836144868, 0.027951391836144868, 0.027951391836144868, 0.027951391836144868, 0.027951391836144868, 0.027951391836144868, 0.027951391836144868, 0.027951391836144868, 0.027951391836144868, 0.027951391836144868, 0.027951391836144868, 0.027951391836144868, 0.027951391836144868, 0.027951391836144868, 0.027951391836144868, 0.027951391836144868, 0.027951391836144868, 0.027951391836144868, 0.027951391836144868, 0.027951391836144868, 0.027951391836144868, 0.027951391836144868, 0.027951391836144868, 0.027951391836144868, 0.027951391836144868, 0.027951391836144868, 0.027951391836144868, 0.027951391836144868, 0.027951391836144868, 0.027951391836144868, 0.027951391836144868, 0.027951391836144868, 0.027951391836144868, 0.027951391836144868, 0.027951391836144868, 0.027951391836144868, 0.027951391836144868, 0.027951391836144868, 0.027951391836144868, 0.027951391836144868, 0.027951391836144868, 0.027951391836144868, 0.027951391836144868, 0.027951391836144868, 0.027951391836144868, 0.027951391836144868, 0.027951391836144868, 0.027951391836144868, 0.027951391836144868, 0.027951391836144868, 0.027951391836144868, 0.027951391836144868, 0.027951391836144868, 0.027951391836144868],