{"draw_idx": 100, "draws": null, "_stats": [{"depth": [6, 6, 7, 8, 7, 6, 6, 6, 5, 5, 7, 7, 8, 7, 6, 7, 5, 7, 6, 7, 8, 8, 6, 4, 8, 7, 7, 6, 7, 7, 7, 7, 7, 7, 7, 7, 7, 7, 7, 6, 7, 7, 7, 8, 7, 8, 7, 7, 6, 5, 6, 8, 5, 6, 7, 6, 7, 7, 7, 8, 7, 7, 7, 6, 7, 6, 7, 7, 4, 6, 5, 7, 7, 6, 7, 7, 8, 5, 7, 7, 7, 7, 7, 6, 7, 5, 7, 7, 7, 7, 7, 5, 7, 7, 5, 7, 7, 7, 7, 6], "step_size": [0.03474855864572946, 0.03474855864572946, 0.03474855864572946, 0.03474855864572946, 0.03474855864572946, 0.03474855864572946, 0.03474855864572946, 0.03474855864572946, 0.03474855864572946, 0.03474855864572946, 0.03474855864572946, 0.03474855864572946, 0.03474855864572946, 0.03474855864572946, 0.03474855864572946, 0.03474855864572946, 0.03474855864572946, 0.03474855864572946, 0.03474855864572946, 0.03474855864572946, 0.03474855864572946, 0.03474855864572946, 0.03474855864572946, 0.03474855864572946, 0.03474855864572946, 0.03474855864572946, 0.03474855864572946, 0.03474855864572946, 0.03474855864572946, 0.03474855864572946, 0.03474855864572946, 0.03474855864572946, 0.03474855864572946, 0.03474855864572946, 0.03474855864572946, 0.03474855864572946, 0.03474855864572946, 0.03474855864572946, 0.03474855864572946, 0.03474855864572946, 0.03474855864572946, 0.03474855864572946, 0.03474855864572946, 0.03474855864572946, 0.03474855864572946, 0.03474855864572946, 0.03474855864572946, 0.03474855864572946, 0.03474855864572946, 0.03474855864572946, 0.03474855864572946, 0.03474855864572946, 0.03474855864572946, 0.03474855864572946, 0.03474855864572946, 0.03474855864572946, 0.03474855864572946, 0.03474855864572946, 0.03474855864572946, 0.03474855864572946, 0.03474855864572946, 0.03474855864572946, 0.03474855864572946, 0.03474855864572946, 0.03474855864572946, 0.03474855864572946, 0.03474855864572946, 0.03474855864572946, 0.03474855864572946, 0.03474855864572946, 0.03474855864572946, 0.03474855864572946, 0.03474855864572946, 0.03474855864572946, 0.03474855864572946, 0.03474855864572946, 0.03474855864572946, 0.03474855864572946, 0.03474855864572946, 0.03474855864572946, 0.03474855864572946, 0.03474855864572946, 0.03474855864572946, 0.03474855864572946, 0.03474855864572946, 0.03474855864572946, 0.03474855864572946, 0.03474855864572946, 0.03474855864572946, 0.03474855864572946, 0.03474855864572946, 0.03474855864572946, 0.03474855864572946, 0.03474855864572946, 0.03474855864572946, 0.03474855864572946, 0.03474855864572946, 0.03474855864572946, 0.03474855864572946, 0.03474855864572946], "tune": [true, false, false, false, false, false, false, false, false, false, false, false, false, false, false, false, false, false, false, false, false, false, false, false, false, false, false, false, false, false, false, false, false, false, false, false, false, false, false, false, false, false, false, false, false, false, false, false, false, false, false, false, false, false, false, false, false, false, false, false, false, false, false, false, false, false, false, false, false, false, false, false, false, false, false, false, false, false, false, false, false, false, false, false, false, false, false, false, false, false, false, false, false, false, false, false, false, false, false, false], "mean_tree_accept": [0.9995240719179173, 0.9738939126741031, 0.994613933445701, 0.9701706542957124, 0.3601733049914757, 0.3614506091950293, 0.9569082298874844, 0.31514176022691925, 0.9401990503922366, 0.9991504791285815, 0.9094709073179079, 0.9542711936170837, 0.8304838287536785, 0.9993517076159738, 0.987501354310336, 0.9893451798188264, 0.903544351082379, 0.9817460331331107, 0.9950969005455379, 0.9955178971153764, 0.9986084037604217, 0.541457175003744, 0.5592410075378907, 0.991685060389558, 0.8364206198212762, 0.8259604117506375, 0.46199916261133844, 0.9401907735149787, 0.754401475649672, 0.8783687218750158, 0.9680801890331836, 0.9840618205627131, 0.7677440173728082, 0.9494301482154482, 0.9644738301141677, 0.9947889094562048, 0.9762599904967811, 0.9831183617832853, 0.7111668069500499, 0.991806112726038, 0.9980524872491106, 0.9967510384148278, 0.9967877864928409, 0.9420485276765289, 0.6915149044575942, 0.8715478036012314, 0.9994804799594812, 0.9978307189791729, 0.9963148905249614, 0.9988826606491772, 0.9987791335812828, 0.9748599273415602, 0.9877996707464951, 0.9999735128054187, 0.8523099481889139, 0.9094867045304146, 0.995042294916458, 0.9995571544031323, 0.9560906506837616, 0.6022870717384217, 0.9922148214065628, 0.9443106850385045, 0.9789323154787238, 0.9982640399636672, 0.9775661045963244, 0.9521170377667459, 0.9971812572947678, 0.9848324805122453, 0.9904847734979996, 0.9322665591203991, 0.860651755805082, 0.9819903646394383, 0.994901399844758, 0.7899276079433126, 0.7069381098331027, 0.983499234154079, 0.991343297210533, 0.9958239948748764, 0.9813443306380185, 0.995769940816681, 0.9987755774443459, 0.9882016917074181, 0.996359688652003, 0.9753418640500948, 0.9892604342821572, 0.9983615743326958, 0.9905915784123653, 0.9892779154610348, 0.8991226212961801, 0.9819013975866546, 0.9982407586595001, 0.9992995445878111, 0.9441222791855167, 0.9950478693764641, 0.9728633743134015, 0.9985910201274787, 0.7855742559348473, 0.9974575869349185, 0.9986475567855848, 0.9969738059072872], "step_size_bar": [0.018596135599681967, 0.018596135599681967, 0.018596135599681967, 0.018596135599681967, 0.018596135599681967, 0.018596135599681967, 0.018596135599681967, 0.018596135599681967, 0.018596135599681967, 0.018596135599681967, 0.018596135599681967, 0.018596135599681967, 0.018596135599681967, 0.018596135599681967, 0.018596135599681967, 0.018596135599681967, 0.018596135599681967, 0.018596135599681967, 0.018596135599681967, 0.018596135599681967, 0.018596135599681967, 0.018596135599681967, 0.018596135599681967, 0.018596135599681967, 0.018596135599681967, 0.018596135599681967, 0.018596135599681967, 0.018596135599681967, 0.018596135599681967, 0.018596135599681967, 0.018596135599681967, 0.018596135599681967, 0.018596135599681967, 0.018596135599681967, 0.018596135599681967, 0.018596135599681967, 0.018596135599681967, 0.018596135599681967, 0.018596135599681967, 0.018596135599681967, 0.018596135599681967, 0.018596135599681967, 0.018596135599681967, 0.018596135599681967, 0.018596135599681967, 0.018596135599681967, 0.018596135599681967, 0.018596135599681967, 0.018596135599681967, 0.018596135599681967, 0.018596135599681967, 0.018596135599681967, 0.018596135599681967, 0.018596135599681967, 0.018596135599681967, 0.018596135599681967, 0.018596135599681967, 0.018596135599681967, 0.018596135599681967, 0.018596135599681967, 0.018596135599681967, 0.018596135599681967, 0.018596135599681967, 0.018596135599681967, 0.018596135599681967, 0.018596135599681967, 0.018596135599681967, 0.018596135599681967, 0.018596135599681967, 0.018596135599681967, 0.018596135599681967, 0.018596135599681967, 0.018596135599681967, 0.018596135599681967, 0.018596135599681967, 0.018596135599681967, 0.018596135599681967, 0.018596135599681967, 0.018596135599681967, 0.018596135599681967, 0.018596135599681967, 0.018596135599681967, 0.018596135599681967, 0.018596135599681967, 0.018596135599681967, 0.018596135599681967, 0.018596135599681967, 0.018596135599681967, 0.018596135599681967, 0.018596135599681967, 0.018596135599681967, 0.018596135599681967, 0.018596135599681967, 0.018596135599681967, 0.018596135599681967, 0.018596135599681967, 0.018596135599681967, 0.018596135599681967, 0.018596135599681967, 0.018596135599681967],