{"draw_idx": 100, "draws": null, "_stats": [{"depth": [7, 7, 7, 8, 8, 7, 7, 8, 7, 8, 8, 8, 7, 8, 5, 6, 7, 7, 7, 8, 7, 8, 3, 8, 7, 7, 7, 8, 7, 7, 8, 7, 7, 7, 5, 7, 8, 8, 7, 8, 8, 8, 8, 8, 3, 8, 8, 8, 7, 5, 7, 8, 8, 7, 8, 7, 6, 6, 7, 7, 8, 7, 8, 8, 3, 7, 7, 8, 2, 2, 4, 5, 8, 8, 7, 6, 8, 8, 7, 7, 7, 7, 8, 6, 5, 5, 8, 8, 8, 8, 7, 7, 8, 3, 8, 7, 7, 6, 6, 3], "step_size": [0.01664431388305463, 0.01664431388305463, 0.01664431388305463, 0.01664431388305463, 0.01664431388305463, 0.01664431388305463, 0.01664431388305463, 0.01664431388305463, 0.01664431388305463, 0.01664431388305463, 0.01664431388305463, 0.01664431388305463, 0.01664431388305463, 0.01664431388305463, 0.01664431388305463, 0.01664431388305463, 0.01664431388305463, 0.01664431388305463, 0.01664431388305463, 0.01664431388305463, 0.01664431388305463, 0.01664431388305463, 0.01664431388305463, 0.01664431388305463, 0.01664431388305463, 0.01664431388305463, 0.01664431388305463, 0.01664431388305463, 0.01664431388305463, 0.01664431388305463, 0.01664431388305463, 0.01664431388305463, 0.01664431388305463, 0.01664431388305463, 0.01664431388305463, 0.01664431388305463, 0.01664431388305463, 0.01664431388305463, 0.01664431388305463, 0.01664431388305463, 0.01664431388305463, 0.01664431388305463, 0.01664431388305463, 0.01664431388305463, 0.01664431388305463, 0.01664431388305463, 0.01664431388305463, 0.01664431388305463, 0.01664431388305463, 0.01664431388305463, 0.01664431388305463, 0.01664431388305463, 0.01664431388305463, 0.01664431388305463, 0.01664431388305463, 0.01664431388305463, 0.01664431388305463, 0.01664431388305463, 0.01664431388305463, 0.01664431388305463, 0.01664431388305463, 0.01664431388305463, 0.01664431388305463, 0.01664431388305463, 0.01664431388305463, 0.01664431388305463, 0.01664431388305463, 0.01664431388305463, 0.01664431388305463, 0.01664431388305463, 0.01664431388305463, 0.01664431388305463, 0.01664431388305463, 0.01664431388305463, 0.01664431388305463, 0.01664431388305463, 0.01664431388305463, 0.01664431388305463, 0.01664431388305463, 0.01664431388305463, 0.01664431388305463, 0.01664431388305463, 0.01664431388305463, 0.01664431388305463, 0.01664431388305463, 0.01664431388305463, 0.01664431388305463, 0.01664431388305463, 0.01664431388305463, 0.01664431388305463, 0.01664431388305463, 0.01664431388305463, 0.01664431388305463, 0.01664431388305463, 0.01664431388305463, 0.01664431388305463, 0.01664431388305463, 0.01664431388305463, 0.01664431388305463, 0.01664431388305463], "tune": [true, false, false, false, false, false, false, false, false, false, false, false, false, false, false, false, false, false, false, false, false, false, false, false, false, false, false, false, false, false, false, false, false, false, false, false, false, false, false, false, false, false, false, false, false, false, false, false, false, false, false, false, false, false, false, false, false, false, false, false, false, false, false, false, false, false, false, false, false, false, false, false, false, false, false, false, false, false, false, false, false, false, false, false, false, false, false, false, false, false, false, false, false, false, false, false, false, false, false, false], "mean_tree_accept": [0.9994722300992948, 0.9996112350957046, 0.9996363490964181, 0.9737885616150022, 0.9959587280165815, 0.8796115803762151, 0.902371879104179, 0.9645690012036193, 0.9963976895431238, 0.9398645164289007, 0.950141783147093, 0.3804549329209858, 0.9181000882361277, 0.9808595028545162, 0.9875943598212408, 0.9838985889714703, 0.9997744379312143, 0.9679668719676575, 0.995435538245059, 0.9598995837946879, 0.9941502612058367, 0.9954400115180353, 0.9908318491034256, 0.6407345049583832, 0.99587688153653, 0.9834619481315673, 0.9999162840609048, 0.591135764249353, 0.9999610218175788, 0.9926976995839522, 0.9908475136783598, 0.9969206581666418, 0.9886318876299274, 0.9994564427919198, 0.9511663855897506, 0.9869223817969373, 0.8365385676939392, 0.9456592808754648, 0.9999985441739103, 0.960098129450667, 0.9834999322298612, 0.9989141208685073, 0.9944999526443595, 0.9062910372371972, 0.9808198829995557, 0.9994068716716169, 0.9850430053676502, 0.9894384682153157, 0.9720421647244959, 0.829049929702368, 0.9835436782210548, 0.9942922558079365, 0.9904517669681835, 0.9457305144282417, 0.9987541100216535, 0.9984384357068411, 0.9984386368318616, 0.9985318254737592, 0.9995778464381072, 0.9166737171578195, 0.9983641565844207, 0.9995840655992886, 0.9735339084891225, 0.99334644680428, 0.9972051261242244, 0.9993450457923243, 0.9994646127849324, 0.9970563539219705, 0.48375527140670166, 1.0, 0.9724349827990276, 0.37411155283805764, 0.7098500423780583, 0.9910564783518842, 0.9899937515406895, 1.0, 0.9990107588308463, 0.9923727745833038, 0.9993208251276676, 0.9916878470215936, 0.9869646899416752, 0.1633096182817424, 0.3882401129594116, 0.5378956031229437, 0.9709187900725231, 0.9904090365726999, 0.07412498113004792, 0.5925746831942359, 0.6692200610926692, 0.99825504942727, 0.9998184195739911, 0.9965392670965304, 0.7576591322242406, 1.0, 0.9999092026616562, 0.9575132991403121, 0.8968065389281966, 0.9547547686007957, 0.9987167073804905, 0.9617104810515303], "step_size_bar": [0.013583111595511527, 0.013583111595511527, 0.013583111595511527, 0.013583111595511527, 0.013583111595511527, 0.013583111595511527, 0.013583111595511527, 0.013583111595511527, 0.013583111595511527, 0.013583111595511527, 0.013583111595511527, 0.013583111595511527, 0.013583111595511527, 0.013583111595511527, 0.013583111595511527, 0.013583111595511527, 0.013583111595511527, 0.013583111595511527, 0.013583111595511527, 0.013583111595511527, 0.013583111595511527, 0.013583111595511527, 0.013583111595511527, 0.013583111595511527, 0.013583111595511527, 0.013583111595511527, 0.013583111595511527, 0.013583111595511527, 0.013583111595511527, 0.013583111595511527, 0.013583111595511527, 0.013583111595511527, 0.013583111595511527, 0.013583111595511527, 0.013583111595511527, 0.013583111595511527, 0.013583111595511527, 0.013583111595511527, 0.013583111595511527, 0.013583111595511527, 0.013583111595511527, 0.013583111595511527, 0.013583111595511527, 0.013583111595511527, 0.013583111595511527, 0.013583111595511527, 0.013583111595511527, 0.013583111595511527, 0.013583111595511527, 0.013583111595511527, 0.013583111595511527, 0.013583111595511527, 0.013583111595511527, 0.013583111595511527, 0.013583111595511527, 0.013583111595511527, 0.013583111595511527, 0.013583111595511527, 0.013583111595511527, 0.013583111595511527, 0.013583111595511527, 0.013583111595511527, 0.013583111595511527, 0.013583111595511527, 0.013583111595511527, 0.013583111595511527, 0.013583111595511527, 0.013583111595511527, 0.013583111595511527, 0.013583111595511527, 0.013583111595511527, 0.013583111595511527, 0.013583111595511527, 0.013583111595511527, 0.013583111595511527, 0.013583111595511527, 0.013583111595511527, 0.013583111595511527, 0.013583111595511527, 0.013583111595511527, 0.013583111595511527, 0.013583111595511527, 0.013583111595511527, 0.013583111595511527, 0.013583111595511527, 0.013583111595511527, 0.013583111595511527, 0.013583111595511527, 0.013583111595511527, 0.013583111595511527, 0.013583111595511527, 0.013583111595511527, 0.013583111595511527, 0.013583111595511527, 0.013583111595511527, 0.013583111595511527, 0.013583111595511527, 0.013583111595511527, 0.013583111595511527, 0.013583111595511527],