{"draw_idx": 100, "draws": null, "_stats": [{"depth": [6, 6, 7, 7, 8, 8, 8, 8, 7, 8, 8, 8, 6, 8, 8, 8, 7, 7, 7, 7, 6, 7, 8, 7, 6, 7, 7, 7, 8, 7, 6, 7, 7, 8, 7, 8, 9, 7, 7, 7, 8, 8, 8, 7, 8, 7, 8, 8, 8, 7, 8, 5, 8, 8, 6, 5, 5, 6, 7, 8, 8, 5, 4, 8, 7, 7, 8, 7, 7, 7, 8, 7, 7, 8, 7, 8, 7, 8, 8, 8, 8, 8, 8, 9, 8, 8, 7, 8, 8, 4, 8, 8, 7, 8, 7, 8, 8, 8, 8, 3], "step_size": [0.011386010518036286, 0.011386010518036286, 0.011386010518036286, 0.011386010518036286, 0.011386010518036286, 0.011386010518036286, 0.011386010518036286, 0.011386010518036286, 0.011386010518036286, 0.011386010518036286, 0.011386010518036286, 0.011386010518036286, 0.011386010518036286, 0.011386010518036286, 0.011386010518036286, 0.011386010518036286, 0.011386010518036286, 0.011386010518036286, 0.011386010518036286, 0.011386010518036286, 0.011386010518036286, 0.011386010518036286, 0.011386010518036286, 0.011386010518036286, 0.011386010518036286, 0.011386010518036286, 0.011386010518036286, 0.011386010518036286, 0.011386010518036286, 0.011386010518036286, 0.011386010518036286, 0.011386010518036286, 0.011386010518036286, 0.011386010518036286, 0.011386010518036286, 0.011386010518036286, 0.011386010518036286, 0.011386010518036286, 0.011386010518036286, 0.011386010518036286, 0.011386010518036286, 0.011386010518036286, 0.011386010518036286, 0.011386010518036286, 0.011386010518036286, 0.011386010518036286, 0.011386010518036286, 0.011386010518036286, 0.011386010518036286, 0.011386010518036286, 0.011386010518036286, 0.011386010518036286, 0.011386010518036286, 0.011386010518036286, 0.011386010518036286, 0.011386010518036286, 0.011386010518036286, 0.011386010518036286, 0.011386010518036286, 0.011386010518036286, 0.011386010518036286, 0.011386010518036286, 0.011386010518036286, 0.011386010518036286, 0.011386010518036286, 0.011386010518036286, 0.011386010518036286, 0.011386010518036286, 0.011386010518036286, 0.011386010518036286, 0.011386010518036286, 0.011386010518036286, 0.011386010518036286, 0.011386010518036286, 0.011386010518036286, 0.011386010518036286, 0.011386010518036286, 0.011386010518036286, 0.011386010518036286, 0.011386010518036286, 0.011386010518036286, 0.011386010518036286, 0.011386010518036286, 0.011386010518036286, 0.011386010518036286, 0.011386010518036286, 0.011386010518036286, 0.011386010518036286, 0.011386010518036286, 0.011386010518036286, 0.011386010518036286, 0.011386010518036286, 0.011386010518036286, 0.011386010518036286, 0.011386010518036286, 0.011386010518036286, 0.011386010518036286, 0.011386010518036286, 0.011386010518036286, 0.011386010518036286], "tune": [true, false, false, false, false, false, false, false, false, false, false, false, false, false, false, false, false, false, false, false, false, false, false, false, false, false, false, false, false, false, false, false, false, false, false, false, false, false, false, false, false, false, false, false, false, false, false, false, false, false, false, false, false, false, false, false, false, false, false, false, false, false, false, false, false, false, false, false, false, false, false, false, false, false, false, false, false, false, false, false, false, false, false, false, false, false, false, false, false, false, false, false, false, false, false, false, false, false, false, false], "mean_tree_accept": [0.27698029361735255, 0.9997437208868188, 0.9989338314675924, 0.9887596628963632, 0.9587692929676319, 0.9940802019365979, 0.9987380331781397, 0.9933847134295224, 0.9994966003669846, 0.9937595384391842, 0.9823465257223436, 0.9660833169099691, 0.9999054334954574, 0.9909330935586959, 0.9271003685175281, 0.7768759411115835, 0.9993585652042929, 0.9995786154646858, 0.9965245398572675, 0.9983204968308677, 0.9839106959515126, 0.9940632577626983, 0.982050692986063, 0.9852632718257576, 0.9579683034527402, 0.9581015732504066, 0.9995238995459099, 0.9990204802860029, 0.9948131855700038, 0.9685115587416698, 0.9904607780165348, 0.9633561377358866, 0.9962594869121468, 0.991370480094315, 0.9938908604464364, 0.9063794393571368, 0.9921377891873132, 0.8722117416706583, 0.7523264937769033, 0.5521105156671922, 0.7739858556269815, 0.9966829251293737, 0.9931043962698627, 0.9998303288850487, 0.9812639624735022, 0.9824328143464923, 0.991623617848456, 0.9632983094306741, 0.9925748211094201, 0.9555268279316698, 0.9993740323695591, 0.953949357714543, 0.9621570640359849, 0.6635623669863451, 0.9721489585183822, 0.9935477329740074, 0.9949868831773881, 0.993171490774852, 0.9985447008495972, 0.9948813726736753, 0.9983387017674359, 0.9908017190122258, 0.9843782469476356, 0.9914870987745811, 0.9951315194129325, 0.9620521630634432, 0.9961673913740366, 0.9670272151743876, 0.8565641703916038, 0.98678484114299, 0.9980455240461134, 0.9827283221046668, 0.9919858233090333, 0.9991682627574924, 0.9960081567893988, 0.9805773253009913, 0.9928396938026277, 0.9831548733326185, 0.9843731003655176, 0.9914604608851011, 0.9671453088938565, 0.9983500262680376, 0.9979123297854716, 0.9975961884295823, 0.9684871569519449, 0.9986327163581337, 0.984833413889707, 0.9949946541006478, 0.9894629539766278, 0.9791571077497542, 0.7078696287327085, 0.7418967746656715, 0.790948341801744, 0.9993946106885395, 0.9709378939843385, 0.8723755657824203, 0.9876189988139755, 0.9939299825389398, 0.9958957642306959, 1.0], "step_size_bar": [0.014148663290439017, 0.014148663290439017, 0.014148663290439017, 0.014148663290439017, 0.014148663290439017, 0.014148663290439017, 0.014148663290439017, 0.014148663290439017, 0.014148663290439017, 0.014148663290439017, 0.014148663290439017, 0.014148663290439017, 0.014148663290439017, 0.014148663290439017, 0.014148663290439017, 0.014148663290439017, 0.014148663290439017, 0.014148663290439017, 0.014148663290439017, 0.014148663290439017, 0.014148663290439017, 0.014148663290439017, 0.014148663290439017, 0.014148663290439017, 0.014148663290439017, 0.014148663290439017, 0.014148663290439017, 0.014148663290439017, 0.014148663290439017, 0.014148663290439017, 0.014148663290439017, 0.014148663290439017, 0.014148663290439017, 0.014148663290439017, 0.014148663290439017, 0.014148663290439017, 0.014148663290439017, 0.014148663290439017, 0.014148663290439017, 0.014148663290439017, 0.014148663290439017, 0.014148663290439017, 0.014148663290439017, 0.014148663290439017, 0.014148663290439017, 0.014148663290439017, 0.014148663290439017, 0.014148663290439017, 0.014148663290439017, 0.014148663290439017, 0.014148663290439017, 0.014148663290439017, 0.014148663290439017, 0.014148663290439017, 0.014148663290439017, 0.014148663290439017, 0.014148663290439017, 0.014148663290439017, 0.014148663290439017, 0.014148663290439017, 0.014148663290439017, 0.014148663290439017, 0.014148663290439017, 0.014148663290439017, 0.014148663290439017, 0.014148663290439017, 0.014148663290439017, 0.014148663290439017, 0.014148663290439017, 0.014148663290439017, 0.014148663290439017, 0.014148663290439017, 0.014148663290439017, 0.014148663290439017, 0.014148663290439017, 0.014148663290439017, 0.014148663290439017, 0.014148663290439017, 0.014148663290439017, 0.014148663290439017, 0.014148663290439017, 0.014148663290439017, 0.014148663290439017, 0.014148663290439017, 0.014148663290439017, 0.014148663290439017, 0.014148663290439017, 0.014148663290439017, 0.014148663290439017, 0.014148663290439017, 0.014148663290439017, 0.014148663290439017, 0.014148663290439017, 0.014148663290439017, 0.014148663290439017, 0.014148663290439017, 0.014148663290439017, 0.014148663290439017, 0.014148663290439017, 0.014148663290439017],