{"draw_idx": 100, "draws": null, "_stats": [{"depth": [8, 9, 8, 7, 4, 8, 6, 8, 8, 8, 8, 7, 9, 8, 8, 7, 9, 9, 4, 8, 8, 8, 8, 8, 9, 8, 8, 8, 8, 9, 9, 7, 9, 8, 9, 8, 8, 8, 9, 9, 8, 9, 4, 8, 8, 9, 9, 7, 7, 9, 7, 5, 8, 8, 9, 6, 9, 8, 9, 5, 9, 4, 9, 8, 8, 8, 9, 8, 9, 8, 8, 8, 8, 8, 8, 9, 8, 9, 9, 9, 8, 8, 4, 8, 6, 8, 9, 9, 9, 8, 8, 8, 7, 8, 8, 9, 8, 9, 8, 8], "step_size": [0.011730241537992096, 0.011730241537992096, 0.011730241537992096, 0.011730241537992096, 0.011730241537992096, 0.011730241537992096, 0.011730241537992096, 0.011730241537992096, 0.011730241537992096, 0.011730241537992096, 0.011730241537992096, 0.011730241537992096, 0.011730241537992096, 0.011730241537992096, 0.011730241537992096, 0.011730241537992096, 0.011730241537992096, 0.011730241537992096, 0.011730241537992096, 0.011730241537992096, 0.011730241537992096, 0.011730241537992096, 0.011730241537992096, 0.011730241537992096, 0.011730241537992096, 0.011730241537992096, 0.011730241537992096, 0.011730241537992096, 0.011730241537992096, 0.011730241537992096, 0.011730241537992096, 0.011730241537992096, 0.011730241537992096, 0.011730241537992096, 0.011730241537992096, 0.011730241537992096, 0.011730241537992096, 0.011730241537992096, 0.011730241537992096, 0.011730241537992096, 0.011730241537992096, 0.011730241537992096, 0.011730241537992096, 0.011730241537992096, 0.011730241537992096, 0.011730241537992096, 0.011730241537992096, 0.011730241537992096, 0.011730241537992096, 0.011730241537992096, 0.011730241537992096, 0.011730241537992096, 0.011730241537992096, 0.011730241537992096, 0.011730241537992096, 0.011730241537992096, 0.011730241537992096, 0.011730241537992096, 0.011730241537992096, 0.011730241537992096, 0.011730241537992096, 0.011730241537992096, 0.011730241537992096, 0.011730241537992096, 0.011730241537992096, 0.011730241537992096, 0.011730241537992096, 0.011730241537992096, 0.011730241537992096, 0.011730241537992096, 0.011730241537992096, 0.011730241537992096, 0.011730241537992096, 0.011730241537992096, 0.011730241537992096, 0.011730241537992096, 0.011730241537992096, 0.011730241537992096, 0.011730241537992096, 0.011730241537992096, 0.011730241537992096, 0.011730241537992096, 0.011730241537992096, 0.011730241537992096, 0.011730241537992096, 0.011730241537992096, 0.011730241537992096, 0.011730241537992096, 0.011730241537992096, 0.011730241537992096, 0.011730241537992096, 0.011730241537992096, 0.011730241537992096, 0.011730241537992096, 0.011730241537992096, 0.011730241537992096, 0.011730241537992096, 0.011730241537992096, 0.011730241537992096, 0.011730241537992096], "tune": [true, false, false, false, false, false, false, false, false, false, false, false, false, false, false, false, false, false, false, false, false, false, false, false, false, false, false, false, false, false, false, false, false, false, false, false, false, false, false, false, false, false, false, false, false, false, false, false, false, false, false, false, false, false, false, false, false, false, false, false, false, false, false, false, false, false, false, false, false, false, false, false, false, false, false, false, false, false, false, false, false, false, false, false, false, false, false, false, false, false, false, false, false, false, false, false, false, false, false, false], "mean_tree_accept": [0.9841997702235887, 0.5303938060189856, 0.9975032821838238, 0.9722616633390034, 0.9086157008776146, 0.9384457669297037, 0.996013269992033, 0.9988154136254644, 0.9982544780424858, 0.9999104547509394, 0.9941337070326064, 0.9907960318656212, 0.9994910821798635, 0.9915562517844194, 0.9951464291214512, 0.9992377990672285, 0.9962303135452621, 0.9631388769030685, 0.9354683356642688, 0.9999868735837198, 0.9585987474965159, 0.9984962429584224, 0.9933732493078835, 0.9984471428313587, 0.9982367487211208, 0.9859015349072722, 0.9986291223042773, 0.8798316261331701, 0.9985220370658939, 0.9922719999255213, 0.8775081561824126, 0.8742158284664375, 0.9753752070055919, 0.014005020542229974, 0.9766740901446613, 0.876753693530362, 0.9618467995932233, 0.9973952563676168, 0.9641041890472085, 0.9990693060251096, 0.9921969512650852, 0.9993281578217645, 0.9913420351662907, 0.9980681661122403, 0.9921005259543475, 0.959321426464995, 0.999396081420354, 0.7657690291707225, 0.9934794408095244, 0.9833096348200399, 0.9992312668112046, 0.9988325944095762, 0.9995710506905886, 0.9951336926543439, 0.9818555133129894, 0.967749323941103, 0.9969538327937763, 0.9927609853857561, 0.9999993542911527, 0.9987478734415846, 0.9998304871568996, 0.9987274367469448, 0.9994610722528533, 0.9983075204950788, 0.9916204520550723, 0.9875628216372094, 0.9957167930981805, 0.8677600765906335, 0.9949290108478857, 0.9053256715987361, 0.9990908747772153, 0.9891950213051676, 0.9911829359398401, 0.9984637342753888, 0.553019889364999, 0.9858202014124341, 0.9958206993480572, 0.9973880466246411, 0.9980870947695649, 0.8651988752350277, 0.9989598131127091, 0.6548159299964426, 0.99967603508539, 0.9653303624712904, 0.9778381176785731, 0.9954028245036894, 0.9987238122502827, 0.9983230033134829, 0.999648875040175, 0.9756769269863234, 0.9886943856807221, 0.997231927438552, 0.968501276031045, 0.946183326721819, 0.9884097468198908, 0.995975183990137, 0.8643434915373495, 0.9994560298189455, 0.9898502526209559, 0.9870650750651099], "step_size_bar": [0.008806833864139624, 0.008806833864139624, 0.008806833864139624, 0.008806833864139624, 0.008806833864139624, 0.008806833864139624, 0.008806833864139624, 0.008806833864139624, 0.008806833864139624, 0.008806833864139624, 0.008806833864139624, 0.008806833864139624, 0.008806833864139624, 0.008806833864139624, 0.008806833864139624, 0.008806833864139624, 0.008806833864139624, 0.008806833864139624, 0.008806833864139624, 0.008806833864139624, 0.008806833864139624, 0.008806833864139624, 0.008806833864139624, 0.008806833864139624, 0.008806833864139624, 0.008806833864139624, 0.008806833864139624, 0.008806833864139624, 0.008806833864139624, 0.008806833864139624, 0.008806833864139624, 0.008806833864139624, 0.008806833864139624, 0.008806833864139624, 0.008806833864139624, 0.008806833864139624, 0.008806833864139624, 0.008806833864139624, 0.008806833864139624, 0.008806833864139624, 0.008806833864139624, 0.008806833864139624, 0.008806833864139624, 0.008806833864139624, 0.008806833864139624, 0.008806833864139624, 0.008806833864139624, 0.008806833864139624, 0.008806833864139624, 0.008806833864139624, 0.008806833864139624, 0.008806833864139624, 0.008806833864139624, 0.008806833864139624, 0.008806833864139624, 0.008806833864139624, 0.008806833864139624, 0.008806833864139624, 0.008806833864139624, 0.008806833864139624, 0.008806833864139624, 0.008806833864139624, 0.008806833864139624, 0.008806833864139624, 0.008806833864139624, 0.008806833864139624, 0.008806833864139624, 0.008806833864139624, 0.008806833864139624, 0.008806833864139624, 0.008806833864139624, 0.008806833864139624, 0.008806833864139624, 0.008806833864139624, 0.008806833864139624, 0.008806833864139624, 0.008806833864139624, 0.008806833864139624, 0.008806833864139624, 0.008806833864139624, 0.008806833864139624, 0.008806833864139624, 0.008806833864139624, 0.008806833864139624, 0.008806833864139624, 0.008806833864139624, 0.008806833864139624, 0.008806833864139624, 0.008806833864139624, 0.008806833864139624, 0.008806833864139624, 0.008806833864139624, 0.008806833864139624, 0.008806833864139624, 0.008806833864139624, 0.008806833864139624, 0.008806833864139624, 0.008806833864139624, 0.008806833864139624, 0.008806833864139624],