{"draw_idx": 100, "draws": null, "_stats": [{"depth": [7, 7, 6, 7, 8, 7, 8, 6, 6, 7, 5, 7, 7, 7, 6, 6, 6, 8, 8, 6, 7, 7, 6, 7, 7, 5, 6, 5, 7, 6, 7, 8, 7, 7, 6, 8, 7, 7, 6, 7, 4, 6, 7, 6, 7, 7, 7, 7, 8, 6, 5, 5, 7, 7, 3, 8, 7, 7, 7, 6, 7, 7, 7, 6, 7, 7, 8, 8, 7, 7, 6, 6, 6, 7, 6, 7, 7, 6, 6, 6, 7, 7, 7, 6, 6, 5, 7, 7, 7, 6, 7, 5, 6, 6, 7, 6, 6, 6, 6, 6], "step_size": [0.018299819339509985, 0.018299819339509985, 0.018299819339509985, 0.018299819339509985, 0.018299819339509985, 0.018299819339509985, 0.018299819339509985, 0.018299819339509985, 0.018299819339509985, 0.018299819339509985, 0.018299819339509985, 0.018299819339509985, 0.018299819339509985, 0.018299819339509985, 0.018299819339509985, 0.018299819339509985, 0.018299819339509985, 0.018299819339509985, 0.018299819339509985, 0.018299819339509985, 0.018299819339509985, 0.018299819339509985, 0.018299819339509985, 0.018299819339509985, 0.018299819339509985, 0.018299819339509985, 0.018299819339509985, 0.018299819339509985, 0.018299819339509985, 0.018299819339509985, 0.018299819339509985, 0.018299819339509985, 0.018299819339509985, 0.018299819339509985, 0.018299819339509985, 0.018299819339509985, 0.018299819339509985, 0.018299819339509985, 0.018299819339509985, 0.018299819339509985, 0.018299819339509985, 0.018299819339509985, 0.018299819339509985, 0.018299819339509985, 0.018299819339509985, 0.018299819339509985, 0.018299819339509985, 0.018299819339509985, 0.018299819339509985, 0.018299819339509985, 0.018299819339509985, 0.018299819339509985, 0.018299819339509985, 0.018299819339509985, 0.018299819339509985, 0.018299819339509985, 0.018299819339509985, 0.018299819339509985, 0.018299819339509985, 0.018299819339509985, 0.018299819339509985, 0.018299819339509985, 0.018299819339509985, 0.018299819339509985, 0.018299819339509985, 0.018299819339509985, 0.018299819339509985, 0.018299819339509985, 0.018299819339509985, 0.018299819339509985, 0.018299819339509985, 0.018299819339509985, 0.018299819339509985, 0.018299819339509985, 0.018299819339509985, 0.018299819339509985, 0.018299819339509985, 0.018299819339509985, 0.018299819339509985, 0.018299819339509985, 0.018299819339509985, 0.018299819339509985, 0.018299819339509985, 0.018299819339509985, 0.018299819339509985, 0.018299819339509985, 0.018299819339509985, 0.018299819339509985, 0.018299819339509985, 0.018299819339509985, 0.018299819339509985, 0.018299819339509985, 0.018299819339509985, 0.018299819339509985, 0.018299819339509985, 0.018299819339509985, 0.018299819339509985, 0.018299819339509985, 0.018299819339509985, 0.018299819339509985], "tune": [true, false, false, false, false, false, false, false, false, false, false, false, false, false, false, false, false, false, false, false, false, false, false, false, false, false, false, false, false, false, false, false, false, false, false, false, false, false, false, false, false, false, false, false, false, false, false, false, false, false, false, false, false, false, false, false, false, false, false, false, false, false, false, false, false, false, false, false, false, false, false, false, false, false, false, false, false, false, false, false, false, false, false, false, false, false, false, false, false, false, false, false, false, false, false, false, false, false, false, false], "mean_tree_accept": [0.9988141317541511, 0.8086869069066659, 0.9859164769927579, 0.9405560555706516, 0.361751432674919, 0.9098228452140146, 0.9997157879241665, 0.9976554493158333, 0.9600851517089141, 0.9823012045375962, 1.0, 0.9131831225497073, 0.9949276383414009, 0.9969590656958833, 0.99307723118927, 0.998962013065427, 0.9956047370489327, 0.998693501199718, 0.5863658386403171, 0.9944356063852005, 0.9694004451675586, 0.9955194097575603, 0.9953547273646531, 0.9732607271790761, 0.998098048747059, 1.0, 0.9983114108308353, 0.9998703481610786, 0.9861619935377491, 0.9681284322852101, 0.9998125018986197, 0.9918755003210369, 0.998157228523157, 0.9725409507419421, 0.958347889228764, 0.881718095969383, 0.8369711968604263, 0.9999970453351623, 0.9894791229479213, 0.9977408692338912, 0.9965736096819827, 0.9862546053040351, 0.9880512132589325, 0.9064913076266953, 0.99647929143581, 0.832364653628979, 0.8862435017908992, 0.950048071407485, 0.9365512631744862, 0.756063272674747, 0.9356883432162427, 0.9968417516414334, 0.9946635570216024, 0.9833875919135808, 0.9877581190414543, 0.8423520648667763, 0.9990254787011953, 0.9987322203307436, 0.9994261440270704, 0.9994090480164664, 0.9979795331481037, 0.9873036668553252, 0.9850318191131381, 0.9972173557760624, 0.9993999104002945, 0.9956812063462147, 0.9921906834704526, 0.7443483055147411, 0.9445752947436232, 0.9388169582401595, 0.8136044428151604, 0.9681846431848543, 0.6125507942826269, 0.3921894074682856, 0.5050260980558037, 0.9828880628238608, 0.21677220192983626, 0.8341440350990872, 0.6950204008239419, 0.9554058414727759, 0.31334961658663757, 0.7537793253437847, 0.2697711807694051, 0.9962211671474698, 0.9877037033345989, 0.9946637098406582, 0.9979038133046185, 0.9713828087752002, 0.6560539680515106, 0.6772510613026664, 0.8027635576680413, 0.4816915203705554, 0.4384299426949253, 0.9567064507267133, 0.565992036690292, 0.873524750357538, 0.5680033506780469, 0.6707570530108192, 0.3512369424923303, 0.8025376615081656], "step_size_bar": [0.017216559026519036, 0.017216559026519036, 0.017216559026519036, 0.017216559026519036, 0.017216559026519036, 0.017216559026519036, 0.017216559026519036, 0.017216559026519036, 0.017216559026519036, 0.017216559026519036, 0.017216559026519036, 0.017216559026519036, 0.017216559026519036, 0.017216559026519036, 0.017216559026519036, 0.017216559026519036, 0.017216559026519036, 0.017216559026519036, 0.017216559026519036, 0.017216559026519036, 0.017216559026519036, 0.017216559026519036, 0.017216559026519036, 0.017216559026519036, 0.017216559026519036, 0.017216559026519036, 0.017216559026519036, 0.017216559026519036, 0.017216559026519036, 0.017216559026519036, 0.017216559026519036, 0.017216559026519036, 0.017216559026519036, 0.017216559026519036, 0.017216559026519036, 0.017216559026519036, 0.017216559026519036, 0.017216559026519036, 0.017216559026519036, 0.017216559026519036, 0.017216559026519036, 0.017216559026519036, 0.017216559026519036, 0.017216559026519036, 0.017216559026519036, 0.017216559026519036, 0.017216559026519036, 0.017216559026519036, 0.017216559026519036, 0.017216559026519036, 0.017216559026519036, 0.017216559026519036, 0.017216559026519036, 0.017216559026519036, 0.017216559026519036, 0.017216559026519036, 0.017216559026519036, 0.017216559026519036, 0.017216559026519036, 0.017216559026519036, 0.017216559026519036, 0.017216559026519036, 0.017216559026519036, 0.017216559026519036, 0.017216559026519036, 0.017216559026519036, 0.017216559026519036, 0.017216559026519036, 0.017216559026519036, 0.017216559026519036, 0.017216559026519036, 0.017216559026519036, 0.017216559026519036, 0.017216559026519036, 0.017216559026519036, 0.017216559026519036, 0.017216559026519036, 0.017216559026519036, 0.017216559026519036, 0.017216559026519036, 0.017216559026519036, 0.017216559026519036, 0.017216559026519036, 0.017216559026519036, 0.017216559026519036, 0.017216559026519036, 0.017216559026519036, 0.017216559026519036, 0.017216559026519036, 0.017216559026519036, 0.017216559026519036, 0.017216559026519036, 0.017216559026519036, 0.017216559026519036, 0.017216559026519036, 0.017216559026519036, 0.017216559026519036, 0.017216559026519036, 0.017216559026519036, 0.017216559026519036],