{"draw_idx": 100, "draws": null, "_stats": [{"depth": [8, 7, 7, 8, 8, 8, 8, 7, 7, 7, 7, 8, 7, 8, 8, 7, 8, 7, 8, 8, 4, 8, 5, 7, 8, 7, 8, 8, 7, 8, 7, 7, 7, 7, 8, 5, 8, 8, 8, 7, 8, 7, 7, 7, 7, 7, 7, 7, 8, 6, 8, 7, 6, 7, 7, 6, 7, 8, 7, 7, 7, 8, 7, 8, 5, 3, 8, 7, 7, 7, 7, 7, 8, 7, 8, 7, 7, 7, 7, 8, 9, 7, 5, 7, 7, 7, 8, 8, 8, 8, 8, 8, 7, 7, 2, 6, 7, 7, 7, 7], "step_size": [0.01963875192829322, 0.01963875192829322, 0.01963875192829322, 0.01963875192829322, 0.01963875192829322, 0.01963875192829322, 0.01963875192829322, 0.01963875192829322, 0.01963875192829322, 0.01963875192829322, 0.01963875192829322, 0.01963875192829322, 0.01963875192829322, 0.01963875192829322, 0.01963875192829322, 0.01963875192829322, 0.01963875192829322, 0.01963875192829322, 0.01963875192829322, 0.01963875192829322, 0.01963875192829322, 0.01963875192829322, 0.01963875192829322, 0.01963875192829322, 0.01963875192829322, 0.01963875192829322, 0.01963875192829322, 0.01963875192829322, 0.01963875192829322, 0.01963875192829322, 0.01963875192829322, 0.01963875192829322, 0.01963875192829322, 0.01963875192829322, 0.01963875192829322, 0.01963875192829322, 0.01963875192829322, 0.01963875192829322, 0.01963875192829322, 0.01963875192829322, 0.01963875192829322, 0.01963875192829322, 0.01963875192829322, 0.01963875192829322, 0.01963875192829322, 0.01963875192829322, 0.01963875192829322, 0.01963875192829322, 0.01963875192829322, 0.01963875192829322, 0.01963875192829322, 0.01963875192829322, 0.01963875192829322, 0.01963875192829322, 0.01963875192829322, 0.01963875192829322, 0.01963875192829322, 0.01963875192829322, 0.01963875192829322, 0.01963875192829322, 0.01963875192829322, 0.01963875192829322, 0.01963875192829322, 0.01963875192829322, 0.01963875192829322, 0.01963875192829322, 0.01963875192829322, 0.01963875192829322, 0.01963875192829322, 0.01963875192829322, 0.01963875192829322, 0.01963875192829322, 0.01963875192829322, 0.01963875192829322, 0.01963875192829322, 0.01963875192829322, 0.01963875192829322, 0.01963875192829322, 0.01963875192829322, 0.01963875192829322, 0.01963875192829322, 0.01963875192829322, 0.01963875192829322, 0.01963875192829322, 0.01963875192829322, 0.01963875192829322, 0.01963875192829322, 0.01963875192829322, 0.01963875192829322, 0.01963875192829322, 0.01963875192829322, 0.01963875192829322, 0.01963875192829322, 0.01963875192829322, 0.01963875192829322, 0.01963875192829322, 0.01963875192829322, 0.01963875192829322, 0.01963875192829322, 0.01963875192829322], "tune": [true, false, false, false, false, false, false, false, false, false, false, false, false, false, false, false, false, false, false, false, false, false, false, false, false, false, false, false, false, false, false, false, false, false, false, false, false, false, false, false, false, false, false, false, false, false, false, false, false, false, false, false, false, false, false, false, false, false, false, false, false, false, false, false, false, false, false, false, false, false, false, false, false, false, false, false, false, false, false, false, false, false, false, false, false, false, false, false, false, false, false, false, false, false, false, false, false, false, false, false], "mean_tree_accept": [0.8286582585160203, 0.9578735122575845, 0.9682993408095123, 0.9177048861475067, 0.9410909272252868, 0.9480587190693469, 0.9653814923003926, 0.9905558950970024, 0.9764344089462439, 0.9860293206931651, 0.997343885634818, 0.9553127935429855, 0.99720065508871, 0.9545993612926396, 0.9014632947009079, 0.9942003965802267, 0.9563218747082942, 0.9924891779789144, 0.9849321564330155, 0.9644628414260678, 0.9996537668470142, 0.9977710045667076, 0.5009022716046126, 0.3672960191845266, 0.9924675574658482, 0.8203088062129392, 0.7100465896007372, 0.8618227271590566, 0.9635837396895214, 0.9097280882762473, 0.7147653215514189, 0.9868417853124344, 0.11185363817266492, 0.7415279033570431, 0.7725749050509857, 0.9528756444031257, 0.8038621075139221, 0.7418581963277099, 0.996889849036625, 0.9706578037997802, 0.48072575959661495, 0.8816275480747036, 0.9995437731440906, 0.9978163848170009, 0.9959375481770687, 0.6001088177797728, 0.4342045706078, 0.8499589369976099, 0.2116691423526807, 0.9817998642641147, 0.9991307015925348, 0.9619225075254495, 0.9636154308748074, 0.9691143953067196, 0.9906578891455033, 0.9992009208079526, 0.9998623523800585, 0.6195898111259508, 0.13283658263684936, 0.9348469295925027, 0.42855416630215615, 0.9992323855134702, 0.9570578342425785, 0.7953284241195588, 0.42857633114092597, 0.657914457691785, 0.9823187677782885, 0.9897741450107732, 0.9981625302968651, 0.5455771724035562, 0.9879077488293492, 0.9094346806799398, 0.9979714169851448, 0.9967609866774453, 0.986546749522929, 0.9973219082512326, 0.995309746821929, 0.9932177194309264, 0.9924317572934881, 0.9938862187037745, 0.9981423071321293, 0.9466583886689278, 0.9975035667374637, 0.9405744526878679, 0.9787101159616096, 0.9459837008966488, 0.7243192138562683, 0.8075945651302501, 0.9825298744913127, 0.7042978739263597, 0.951300351347536, 0.9535671262495221, 0.9093888915314553, 0.6855243481818372, 0.8869455942574286, 0.9981993348010628, 0.998414635681169, 0.9757359496199342, 0.8817157830512478, 0.9925320729123936], "step_size_bar": [0.016263237253005165, 0.016263237253005165, 0.016263237253005165, 0.016263237253005165, 0.016263237253005165, 0.016263237253005165, 0.016263237253005165, 0.016263237253005165, 0.016263237253005165, 0.016263237253005165, 0.016263237253005165, 0.016263237253005165, 0.016263237253005165, 0.016263237253005165, 0.016263237253005165, 0.016263237253005165, 0.016263237253005165, 0.016263237253005165, 0.016263237253005165, 0.016263237253005165, 0.016263237253005165, 0.016263237253005165, 0.016263237253005165, 0.016263237253005165, 0.016263237253005165, 0.016263237253005165, 0.016263237253005165, 0.016263237253005165, 0.016263237253005165, 0.016263237253005165, 0.016263237253005165, 0.016263237253005165, 0.016263237253005165, 0.016263237253005165, 0.016263237253005165, 0.016263237253005165, 0.016263237253005165, 0.016263237253005165, 0.016263237253005165, 0.016263237253005165, 0.016263237253005165, 0.016263237253005165, 0.016263237253005165, 0.016263237253005165, 0.016263237253005165, 0.016263237253005165, 0.016263237253005165, 0.016263237253005165, 0.016263237253005165, 0.016263237253005165, 0.016263237253005165, 0.016263237253005165, 0.016263237253005165, 0.016263237253005165, 0.016263237253005165, 0.016263237253005165, 0.016263237253005165, 0.016263237253005165, 0.016263237253005165, 0.016263237253005165, 0.016263237253005165, 0.016263237253005165, 0.016263237253005165, 0.016263237253005165, 0.016263237253005165, 0.016263237253005165, 0.016263237253005165, 0.016263237253005165, 0.016263237253005165, 0.016263237253005165, 0.016263237253005165, 0.016263237253005165, 0.016263237253005165, 0.016263237253005165, 0.016263237253005165, 0.016263237253005165, 0.016263237253005165, 0.016263237253005165, 0.016263237253005165, 0.016263237253005165, 0.016263237253005165, 0.016263237253005165, 0.016263237253005165, 0.016263237253005165, 0.016263237253005165, 0.016263237253005165, 0.016263237253005165, 0.016263237253005165, 0.016263237253005165, 0.016263237253005165, 0.016263237253005165, 0.016263237253005165, 0.016263237253005165, 0.016263237253005165, 0.016263237253005165, 0.016263237253005165, 0.016263237253005165, 0.016263237253005165, 0.016263237253005165, 0.016263237253005165],