{"draw_idx": 100, "draws": null, "_stats": [{"depth": [6, 7, 8, 6, 7, 7, 7, 7, 7, 8, 8, 7, 6, 7, 7, 8, 7, 7, 6, 7, 4, 7, 4, 7, 7, 8, 8, 8, 7, 7, 7, 7, 7, 6, 3, 7, 7, 7, 7, 7, 4, 7, 7, 7, 3, 8, 7, 8, 2, 7, 7, 8, 7, 6, 8, 7, 7, 7, 8, 6, 7, 7, 8, 7, 7, 6, 7, 7, 5, 7, 7, 8, 7, 7, 7, 7, 8, 8, 7, 8, 7, 7, 5, 7, 8, 7, 7, 7, 8, 8, 7, 7, 7, 8, 6, 8, 8, 8, 8, 6], "step_size": [0.033983947923458865, 0.033983947923458865, 0.033983947923458865, 0.033983947923458865, 0.033983947923458865, 0.033983947923458865, 0.033983947923458865, 0.033983947923458865, 0.033983947923458865, 0.033983947923458865, 0.033983947923458865, 0.033983947923458865, 0.033983947923458865, 0.033983947923458865, 0.033983947923458865, 0.033983947923458865, 0.033983947923458865, 0.033983947923458865, 0.033983947923458865, 0.033983947923458865, 0.033983947923458865, 0.033983947923458865, 0.033983947923458865, 0.033983947923458865, 0.033983947923458865, 0.033983947923458865, 0.033983947923458865, 0.033983947923458865, 0.033983947923458865, 0.033983947923458865, 0.033983947923458865, 0.033983947923458865, 0.033983947923458865, 0.033983947923458865, 0.033983947923458865, 0.033983947923458865, 0.033983947923458865, 0.033983947923458865, 0.033983947923458865, 0.033983947923458865, 0.033983947923458865, 0.033983947923458865, 0.033983947923458865, 0.033983947923458865, 0.033983947923458865, 0.033983947923458865, 0.033983947923458865, 0.033983947923458865, 0.033983947923458865, 0.033983947923458865, 0.033983947923458865, 0.033983947923458865, 0.033983947923458865, 0.033983947923458865, 0.033983947923458865, 0.033983947923458865, 0.033983947923458865, 0.033983947923458865, 0.033983947923458865, 0.033983947923458865, 0.033983947923458865, 0.033983947923458865, 0.033983947923458865, 0.033983947923458865, 0.033983947923458865, 0.033983947923458865, 0.033983947923458865, 0.033983947923458865, 0.033983947923458865, 0.033983947923458865, 0.033983947923458865, 0.033983947923458865, 0.033983947923458865, 0.033983947923458865, 0.033983947923458865, 0.033983947923458865, 0.033983947923458865, 0.033983947923458865, 0.033983947923458865, 0.033983947923458865, 0.033983947923458865, 0.033983947923458865, 0.033983947923458865, 0.033983947923458865, 0.033983947923458865, 0.033983947923458865, 0.033983947923458865, 0.033983947923458865, 0.033983947923458865, 0.033983947923458865, 0.033983947923458865, 0.033983947923458865, 0.033983947923458865, 0.033983947923458865, 0.033983947923458865, 0.033983947923458865, 0.033983947923458865, 0.033983947923458865, 0.033983947923458865, 0.033983947923458865], "tune": [true, false, false, false, false, false, false, false, false, false, false, false, false, false, false, false, false, false, false, false, false, false, false, false, false, false, false, false, false, false, false, false, false, false, false, false, false, false, false, false, false, false, false, false, false, false, false, false, false, false, false, false, false, false, false, false, false, false, false, false, false, false, false, false, false, false, false, false, false, false, false, false, false, false, false, false, false, false, false, false, false, false, false, false, false, false, false, false, false, false, false, false, false, false, false, false, false, false, false, false], "mean_tree_accept": [0.9823345410521042, 0.9998588149732413, 0.9229652451269827, 1.0, 0.9988530748715158, 0.9743056185161768, 0.9674714342818402, 0.9850685246351037, 0.9959879733067875, 0.9926562098532896, 0.9032829861457753, 0.768824356322924, 0.2930981296021412, 0.9149077460677476, 0.9523230758242508, 0.7788383767091951, 0.5315617892640113, 0.022937309527035418, 0.8832018971582144, 0.2341963480817458, 0.23754994435020504, 0.43723801961621006, 0.8175638554618293, 0.9969089090719074, 0.9994749883077267, 0.9819733634979263, 0.44333798596953905, 0.9871886735188414, 0.8481167674465, 0.5460876053996732, 0.9448529060587584, 0.6755167104440071, 0.9833265577760242, 0.8395085062308266, 0.9873155818454864, 0.9924559825764974, 0.84040468843657, 0.9983592569874101, 0.9588400960686543, 0.9998895234202797, 0.7977051020112811, 0.9611525786721716, 0.9876551674047357, 0.9985398672010104, 0.8902549811898661, 0.9913171004928396, 0.9860806535212769, 0.8313299047378492, 0.14694011325007583, 0.8891968793591285, 0.9247926229176673, 0.9986132363718191, 0.9985276873555492, 0.9585575433235949, 0.9919306900030548, 0.9917056120801268, 0.9843960911119289, 0.976954052187605, 0.6933429691836446, 0.9756915648161121, 0.6754668092880015, 0.9996204910544442, 0.8630253408647058, 0.9623788645236083, 0.7182607443917352, 0.998524870265516, 0.9980269315281918, 0.9489198985314875, 0.9993946151708506, 0.9800967430638933, 0.9599373274680928, 1.0, 0.9280912563047286, 0.9797859780350391, 0.9980946417649731, 0.9983436689233679, 0.6280912859844211, 0.6349811273817335, 0.9618055784530288, 0.9604578021733357, 0.8923613797216712, 0.9669449168384823, 0.8564259405965945, 0.9964187595525694, 0.9993959476637918, 0.991651738525137, 0.9550959951223128, 0.9927470001779365, 0.9981323299647046, 0.9897864233204993, 0.7920861177564726, 0.5733300757163353, 0.23331087526389613, 0.16814743092694928, 0.7801516966251455, 0.5981320936109722, 0.9987332885594691, 0.9658255828223568, 0.9976282233831003, 0.9999978817007033], "step_size_bar": [0.018114669737867996, 0.018114669737867996, 0.018114669737867996, 0.018114669737867996, 0.018114669737867996, 0.018114669737867996, 0.018114669737867996, 0.018114669737867996, 0.018114669737867996, 0.018114669737867996, 0.018114669737867996, 0.018114669737867996, 0.018114669737867996, 0.018114669737867996, 0.018114669737867996, 0.018114669737867996, 0.018114669737867996, 0.018114669737867996, 0.018114669737867996, 0.018114669737867996, 0.018114669737867996, 0.018114669737867996, 0.018114669737867996, 0.018114669737867996, 0.018114669737867996, 0.018114669737867996, 0.018114669737867996, 0.018114669737867996, 0.018114669737867996, 0.018114669737867996, 0.018114669737867996, 0.018114669737867996, 0.018114669737867996, 0.018114669737867996, 0.018114669737867996, 0.018114669737867996, 0.018114669737867996, 0.018114669737867996, 0.018114669737867996, 0.018114669737867996, 0.018114669737867996, 0.018114669737867996, 0.018114669737867996, 0.018114669737867996, 0.018114669737867996, 0.018114669737867996, 0.018114669737867996, 0.018114669737867996, 0.018114669737867996, 0.018114669737867996, 0.018114669737867996, 0.018114669737867996, 0.018114669737867996, 0.018114669737867996, 0.018114669737867996, 0.018114669737867996, 0.018114669737867996, 0.018114669737867996, 0.018114669737867996, 0.018114669737867996, 0.018114669737867996, 0.018114669737867996, 0.018114669737867996, 0.018114669737867996, 0.018114669737867996, 0.018114669737867996, 0.018114669737867996, 0.018114669737867996, 0.018114669737867996, 0.018114669737867996, 0.018114669737867996, 0.018114669737867996, 0.018114669737867996, 0.018114669737867996, 0.018114669737867996, 0.018114669737867996, 0.018114669737867996, 0.018114669737867996, 0.018114669737867996, 0.018114669737867996, 0.018114669737867996, 0.018114669737867996, 0.018114669737867996, 0.018114669737867996, 0.018114669737867996, 0.018114669737867996, 0.018114669737867996, 0.018114669737867996, 0.018114669737867996, 0.018114669737867996, 0.018114669737867996, 0.018114669737867996, 0.018114669737867996, 0.018114669737867996, 0.018114669737867996, 0.018114669737867996, 0.018114669737867996, 0.018114669737867996, 0.018114669737867996, 0.018114669737867996],