{"draw_idx": 100, "draws": null, "_stats": [{"depth": [3, 5, 4, 7, 7, 7, 7, 8, 6, 7, 7, 8, 8, 6, 8, 4, 7, 8, 7, 7, 7, 7, 7, 7, 8, 7, 8, 7, 7, 8, 4, 5, 8, 7, 7, 7, 5, 7, 7, 3, 7, 4, 7, 7, 7, 7, 7, 7, 7, 3, 7, 6, 8, 7, 7, 8, 7, 7, 7, 7, 7, 7, 8, 7, 7, 7, 7, 7, 7, 6, 8, 7, 8, 6, 6, 8, 7, 7, 8, 7, 7, 7, 4, 6, 8, 8, 7, 7, 8, 7, 7, 8, 7, 3, 8, 4, 7, 8, 8, 5], "step_size": [0.023577920907712015, 0.023577920907712015, 0.023577920907712015, 0.023577920907712015, 0.023577920907712015, 0.023577920907712015, 0.023577920907712015, 0.023577920907712015, 0.023577920907712015, 0.023577920907712015, 0.023577920907712015, 0.023577920907712015, 0.023577920907712015, 0.023577920907712015, 0.023577920907712015, 0.023577920907712015, 0.023577920907712015, 0.023577920907712015, 0.023577920907712015, 0.023577920907712015, 0.023577920907712015, 0.023577920907712015, 0.023577920907712015, 0.023577920907712015, 0.023577920907712015, 0.023577920907712015, 0.023577920907712015, 0.023577920907712015, 0.023577920907712015, 0.023577920907712015, 0.023577920907712015, 0.023577920907712015, 0.023577920907712015, 0.023577920907712015, 0.023577920907712015, 0.023577920907712015, 0.023577920907712015, 0.023577920907712015, 0.023577920907712015, 0.023577920907712015, 0.023577920907712015, 0.023577920907712015, 0.023577920907712015, 0.023577920907712015, 0.023577920907712015, 0.023577920907712015, 0.023577920907712015, 0.023577920907712015, 0.023577920907712015, 0.023577920907712015, 0.023577920907712015, 0.023577920907712015, 0.023577920907712015, 0.023577920907712015, 0.023577920907712015, 0.023577920907712015, 0.023577920907712015, 0.023577920907712015, 0.023577920907712015, 0.023577920907712015, 0.023577920907712015, 0.023577920907712015, 0.023577920907712015, 0.023577920907712015, 0.023577920907712015, 0.023577920907712015, 0.023577920907712015, 0.023577920907712015, 0.023577920907712015, 0.023577920907712015, 0.023577920907712015, 0.023577920907712015, 0.023577920907712015, 0.023577920907712015, 0.023577920907712015, 0.023577920907712015, 0.023577920907712015, 0.023577920907712015, 0.023577920907712015, 0.023577920907712015, 0.023577920907712015, 0.023577920907712015, 0.023577920907712015, 0.023577920907712015, 0.023577920907712015, 0.023577920907712015, 0.023577920907712015, 0.023577920907712015, 0.023577920907712015, 0.023577920907712015, 0.023577920907712015, 0.023577920907712015, 0.023577920907712015, 0.023577920907712015, 0.023577920907712015, 0.023577920907712015, 0.023577920907712015, 0.023577920907712015, 0.023577920907712015, 0.023577920907712015], "tune": [true, false, false, false, false, false, false, false, false, false, false, false, false, false, false, false, false, false, false, false, false, false, false, false, false, false, false, false, false, false, false, false, false, false, false, false, false, false, false, false, false, false, false, false, false, false, false, false, false, false, false, false, false, false, false, false, false, false, false, false, false, false, false, false, false, false, false, false, false, false, false, false, false, false, false, false, false, false, false, false, false, false, false, false, false, false, false, false, false, false, false, false, false, false, false, false, false, false, false, false], "mean_tree_accept": [0.9923066486315019, 0.9920022636492453, 0.9995691313568732, 0.9518579043373924, 0.9907379246668551, 0.9784925029400214, 0.9667973187404056, 0.967412750671095, 0.9567034279885619, 0.9988890240572108, 0.9797845772479781, 0.9881560709732989, 0.9901119298231642, 0.9182357403665373, 0.9328658547111199, 0.9992566928878356, 0.8540435333327484, 0.9825274048451842, 0.9939990172596984, 0.989114015232559, 0.9833361620160876, 0.9998966164128166, 0.9985078919777245, 0.9901895216228932, 0.9547868129115159, 0.9797043205993384, 0.9918555202042819, 0.9952730930496202, 0.9910415393983545, 0.9965362799401766, 0.9918962733449047, 0.9967827553956529, 0.9895544691123185, 0.9979787241395028, 0.9717803782610436, 0.9000418014579908, 0.9957793040603954, 0.9996047126977621, 0.9803108896208456, 1.0, 1.0, 0.9999448484077698, 0.993537188796491, 0.9399090131397785, 0.9960769577502095, 0.9829925986096285, 0.9717290907724608, 0.9964133612044235, 0.9998199028291039, 0.9799568888709385, 0.9908299863183474, 0.9721917521811564, 0.9954454318095399, 0.9989664374149592, 0.9671443032037387, 0.9955175461554089, 0.9915675930017761, 0.9718789130476972, 0.8335935578000014, 0.9999897186121164, 0.9893679401104423, 0.9918965514343897, 0.9943209684097403, 0.9807174163005703, 0.9961499898786678, 0.9607352497588824, 0.9143460772793488, 0.9961106489648802, 0.9932234494824675, 0.9942513204578686, 0.9872631453909417, 0.9984526520466991, 0.9962936697104541, 0.9700435250410778, 0.99334784315069, 0.9955049119241123, 0.9994095765115916, 0.9903037324651623, 0.9883696337067869, 0.9914285428467673, 0.9459553546731015, 0.9989560067951546, 0.875175903916243, 0.9962211705883502, 0.9930504132672157, 0.991109828884447, 0.9921051433594318, 0.9980895491802015, 0.9988279206803257, 0.9193689215133545, 0.9535479088453479, 0.9965253565998397, 0.9131963759051468, 1.0, 0.9816586038936111, 0.9995523903039686, 0.9824670437192381, 0.44200191574755837, 0.7913621648304173, 0.9949967747034402], "step_size_bar": [0.01623830346877304, 0.01623830346877304, 0.01623830346877304, 0.01623830346877304, 0.01623830346877304, 0.01623830346877304, 0.01623830346877304, 0.01623830346877304, 0.01623830346877304, 0.01623830346877304, 0.01623830346877304, 0.01623830346877304, 0.01623830346877304, 0.01623830346877304, 0.01623830346877304, 0.01623830346877304, 0.01623830346877304, 0.01623830346877304, 0.01623830346877304, 0.01623830346877304, 0.01623830346877304, 0.01623830346877304, 0.01623830346877304, 0.01623830346877304, 0.01623830346877304, 0.01623830346877304, 0.01623830346877304, 0.01623830346877304, 0.01623830346877304, 0.01623830346877304, 0.01623830346877304, 0.01623830346877304, 0.01623830346877304, 0.01623830346877304, 0.01623830346877304, 0.01623830346877304, 0.01623830346877304, 0.01623830346877304, 0.01623830346877304, 0.01623830346877304, 0.01623830346877304, 0.01623830346877304, 0.01623830346877304, 0.01623830346877304, 0.01623830346877304, 0.01623830346877304, 0.01623830346877304, 0.01623830346877304, 0.01623830346877304, 0.01623830346877304, 0.01623830346877304, 0.01623830346877304, 0.01623830346877304, 0.01623830346877304, 0.01623830346877304, 0.01623830346877304, 0.01623830346877304, 0.01623830346877304, 0.01623830346877304, 0.01623830346877304, 0.01623830346877304, 0.01623830346877304, 0.01623830346877304, 0.01623830346877304, 0.01623830346877304, 0.01623830346877304, 0.01623830346877304, 0.01623830346877304, 0.01623830346877304, 0.01623830346877304, 0.01623830346877304, 0.01623830346877304, 0.01623830346877304, 0.01623830346877304, 0.01623830346877304, 0.01623830346877304, 0.01623830346877304, 0.01623830346877304, 0.01623830346877304, 0.01623830346877304, 0.01623830346877304, 0.01623830346877304, 0.01623830346877304, 0.01623830346877304, 0.01623830346877304, 0.01623830346877304, 0.01623830346877304, 0.01623830346877304, 0.01623830346877304, 0.01623830346877304, 0.01623830346877304, 0.01623830346877304, 0.01623830346877304, 0.01623830346877304, 0.01623830346877304, 0.01623830346877304, 0.01623830346877304, 0.01623830346877304, 0.01623830346877304, 0.01623830346877304],