{"draw_idx": 100, "draws": null, "_stats": [{"depth": [7, 8, 7, 8, 7, 8, 6, 7, 8, 8, 8, 7, 6, 8, 5, 8, 7, 8, 7, 7, 7, 8, 8, 8, 8, 8, 8, 8, 7, 8, 7, 7, 8, 8, 7, 8, 7, 8, 9, 9, 9, 7, 5, 5, 8, 6, 8, 9, 7, 6, 8, 8, 8, 8, 8, 8, 8, 8, 6, 8, 8, 8, 8, 8, 8, 7, 8, 9, 6, 8, 5, 8, 7, 5, 6, 7, 7, 8, 9, 8, 8, 7, 8, 6, 8, 8, 9, 9, 8, 8, 7, 8, 8, 7, 6, 9, 9, 8, 7, 7], "step_size": [0.012331574137979546, 0.012331574137979546, 0.012331574137979546, 0.012331574137979546, 0.012331574137979546, 0.012331574137979546, 0.012331574137979546, 0.012331574137979546, 0.012331574137979546, 0.012331574137979546, 0.012331574137979546, 0.012331574137979546, 0.012331574137979546, 0.012331574137979546, 0.012331574137979546, 0.012331574137979546, 0.012331574137979546, 0.012331574137979546, 0.012331574137979546, 0.012331574137979546, 0.012331574137979546, 0.012331574137979546, 0.012331574137979546, 0.012331574137979546, 0.012331574137979546, 0.012331574137979546, 0.012331574137979546, 0.012331574137979546, 0.012331574137979546, 0.012331574137979546, 0.012331574137979546, 0.012331574137979546, 0.012331574137979546, 0.012331574137979546, 0.012331574137979546, 0.012331574137979546, 0.012331574137979546, 0.012331574137979546, 0.012331574137979546, 0.012331574137979546, 0.012331574137979546, 0.012331574137979546, 0.012331574137979546, 0.012331574137979546, 0.012331574137979546, 0.012331574137979546, 0.012331574137979546, 0.012331574137979546, 0.012331574137979546, 0.012331574137979546, 0.012331574137979546, 0.012331574137979546, 0.012331574137979546, 0.012331574137979546, 0.012331574137979546, 0.012331574137979546, 0.012331574137979546, 0.012331574137979546, 0.012331574137979546, 0.012331574137979546, 0.012331574137979546, 0.012331574137979546, 0.012331574137979546, 0.012331574137979546, 0.012331574137979546, 0.012331574137979546, 0.012331574137979546, 0.012331574137979546, 0.012331574137979546, 0.012331574137979546, 0.012331574137979546, 0.012331574137979546, 0.012331574137979546, 0.012331574137979546, 0.012331574137979546, 0.012331574137979546, 0.012331574137979546, 0.012331574137979546, 0.012331574137979546, 0.012331574137979546, 0.012331574137979546, 0.012331574137979546, 0.012331574137979546, 0.012331574137979546, 0.012331574137979546, 0.012331574137979546, 0.012331574137979546, 0.012331574137979546, 0.012331574137979546, 0.012331574137979546, 0.012331574137979546, 0.012331574137979546, 0.012331574137979546, 0.012331574137979546, 0.012331574137979546, 0.012331574137979546, 0.012331574137979546, 0.012331574137979546, 0.012331574137979546, 0.012331574137979546], "tune": [true, false, false, false, false, false, false, false, false, false, false, false, false, false, false, false, false, false, false, false, false, false, false, false, false, false, false, false, false, false, false, false, false, false, false, false, false, false, false, false, false, false, false, false, false, false, false, false, false, false, false, false, false, false, false, false, false, false, false, false, false, false, false, false, false, false, false, false, false, false, false, false, false, false, false, false, false, false, false, false, false, false, false, false, false, false, false, false, false, false, false, false, false, false, false, false, false, false, false, false], "mean_tree_accept": [0.8007377820064527, 0.6850007871006429, 0.8144267239969618, 0.5234961633611328, 0.9991064024601305, 0.9558611628833917, 0.6319852447380258, 0.9702302082149383, 0.9999527598895731, 0.9996626816584754, 0.9981124804390561, 0.9981822026402026, 0.9857625342613099, 0.9874059280419106, 0.9892093751091436, 0.9845145083506538, 0.9881024010545544, 0.9923883104276938, 0.9993162376723341, 0.9961558507365341, 0.9943674715120526, 0.9878522740671659, 0.995083586552784, 0.9999758660089336, 0.9835427557480677, 0.9929559379604945, 0.907376157905023, 0.9322207646828217, 0.9961188806274094, 0.998719954592697, 0.9907313140449453, 0.9954914598670159, 0.9607562399383874, 0.9997692415183583, 0.9857430090753548, 0.897436146239039, 0.9960511057030359, 0.9978626018650617, 0.9974485004322536, 0.999268532879477, 0.9927955023390291, 0.701054206447646, 0.5352101953909293, 0.6734798767310961, 0.14850103944571352, 0.19263749778114495, 0.5852188852941507, 0.9578812895282888, 0.9954983453602009, 0.9945683828909202, 0.9898753106571732, 0.9061702372673166, 0.9792865797548103, 0.9954860759229324, 0.999859638753347, 0.9915864851897571, 0.9874540448022491, 0.9878075491301499, 0.3445097230044248, 0.9025153070544842, 0.8887702920984498, 0.9827340575161697, 0.996433834690428, 0.9615795196462398, 0.9348939157284704, 0.9898157040070342, 0.9814361597579881, 0.8215872857821688, 0.9839019365690771, 0.7750701872539433, 0.7665880905993724, 0.9890454984485816, 0.9809845025674321, 0.9848217812901824, 0.9942539522177932, 0.9957453060898125, 0.9120604212164521, 0.938235344633036, 0.9917970274579461, 0.9931136579661, 0.9982714759619916, 1.0, 0.9988333732592363, 0.9980241174184815, 0.9676773688263641, 0.9646810453694642, 0.16857746453478012, 0.9615202447381282, 0.9951406613819214, 0.9808905316487703, 0.9877477999004081, 0.9994248474182155, 0.9970894982144686, 0.08567080728903086, 0.7667365383529334, 0.8838257780241097, 0.9951736388675703, 0.9981381059535691, 0.9980181447612331, 0.9981447698612663], "step_size_bar": [0.01080551469181977, 0.01080551469181977, 0.01080551469181977, 0.01080551469181977, 0.01080551469181977, 0.01080551469181977, 0.01080551469181977, 0.01080551469181977, 0.01080551469181977, 0.01080551469181977, 0.01080551469181977, 0.01080551469181977, 0.01080551469181977, 0.01080551469181977, 0.01080551469181977, 0.01080551469181977, 0.01080551469181977, 0.01080551469181977, 0.01080551469181977, 0.01080551469181977, 0.01080551469181977, 0.01080551469181977, 0.01080551469181977, 0.01080551469181977, 0.01080551469181977, 0.01080551469181977, 0.01080551469181977, 0.01080551469181977, 0.01080551469181977, 0.01080551469181977, 0.01080551469181977, 0.01080551469181977, 0.01080551469181977, 0.01080551469181977, 0.01080551469181977, 0.01080551469181977, 0.01080551469181977, 0.01080551469181977, 0.01080551469181977, 0.01080551469181977, 0.01080551469181977, 0.01080551469181977, 0.01080551469181977, 0.01080551469181977, 0.01080551469181977, 0.01080551469181977, 0.01080551469181977, 0.01080551469181977, 0.01080551469181977, 0.01080551469181977, 0.01080551469181977, 0.01080551469181977, 0.01080551469181977, 0.01080551469181977, 0.01080551469181977, 0.01080551469181977, 0.01080551469181977, 0.01080551469181977, 0.01080551469181977, 0.01080551469181977, 0.01080551469181977, 0.01080551469181977, 0.01080551469181977, 0.01080551469181977, 0.01080551469181977, 0.01080551469181977, 0.01080551469181977, 0.01080551469181977, 0.01080551469181977, 0.01080551469181977, 0.01080551469181977, 0.01080551469181977, 0.01080551469181977, 0.01080551469181977, 0.01080551469181977, 0.01080551469181977, 0.01080551469181977, 0.01080551469181977, 0.01080551469181977, 0.01080551469181977, 0.01080551469181977, 0.01080551469181977, 0.01080551469181977, 0.01080551469181977, 0.01080551469181977, 0.01080551469181977, 0.01080551469181977, 0.01080551469181977, 0.01080551469181977, 0.01080551469181977, 0.01080551469181977, 0.01080551469181977, 0.01080551469181977, 0.01080551469181977, 0.01080551469181977, 0.01080551469181977, 0.01080551469181977, 0.01080551469181977, 0.01080551469181977, 0.01080551469181977],