{"draw_idx": 100, "draws": null, "_stats": [{"depth": [8, 7, 6, 7, 8, 8, 7, 7, 7, 6, 7, 7, 7, 8, 8, 8, 7, 8, 8, 7, 8, 8, 7, 7, 8, 8, 8, 7, 8, 8, 8, 7, 8, 8, 7, 8, 8, 7, 7, 8, 8, 7, 7, 6, 5, 6, 8, 7, 7, 8, 8, 8, 7, 8, 7, 8, 8, 6, 8, 8, 7, 7, 4, 8, 4, 8, 8, 7, 8, 8, 7, 7, 8, 7, 7, 7, 5, 8, 6, 7, 5, 8, 7, 8, 7, 8, 8, 8, 8, 7, 7, 7, 7, 8, 8, 8, 8, 8, 7, 7], "step_size": [0.020110939843549246, 0.020110939843549246, 0.020110939843549246, 0.020110939843549246, 0.020110939843549246, 0.020110939843549246, 0.020110939843549246, 0.020110939843549246, 0.020110939843549246, 0.020110939843549246, 0.020110939843549246, 0.020110939843549246, 0.020110939843549246, 0.020110939843549246, 0.020110939843549246, 0.020110939843549246, 0.020110939843549246, 0.020110939843549246, 0.020110939843549246, 0.020110939843549246, 0.020110939843549246, 0.020110939843549246, 0.020110939843549246, 0.020110939843549246, 0.020110939843549246, 0.020110939843549246, 0.020110939843549246, 0.020110939843549246, 0.020110939843549246, 0.020110939843549246, 0.020110939843549246, 0.020110939843549246, 0.020110939843549246, 0.020110939843549246, 0.020110939843549246, 0.020110939843549246, 0.020110939843549246, 0.020110939843549246, 0.020110939843549246, 0.020110939843549246, 0.020110939843549246, 0.020110939843549246, 0.020110939843549246, 0.020110939843549246, 0.020110939843549246, 0.020110939843549246, 0.020110939843549246, 0.020110939843549246, 0.020110939843549246, 0.020110939843549246, 0.020110939843549246, 0.020110939843549246, 0.020110939843549246, 0.020110939843549246, 0.020110939843549246, 0.020110939843549246, 0.020110939843549246, 0.020110939843549246, 0.020110939843549246, 0.020110939843549246, 0.020110939843549246, 0.020110939843549246, 0.020110939843549246, 0.020110939843549246, 0.020110939843549246, 0.020110939843549246, 0.020110939843549246, 0.020110939843549246, 0.020110939843549246, 0.020110939843549246, 0.020110939843549246, 0.020110939843549246, 0.020110939843549246, 0.020110939843549246, 0.020110939843549246, 0.020110939843549246, 0.020110939843549246, 0.020110939843549246, 0.020110939843549246, 0.020110939843549246, 0.020110939843549246, 0.020110939843549246, 0.020110939843549246, 0.020110939843549246, 0.020110939843549246, 0.020110939843549246, 0.020110939843549246, 0.020110939843549246, 0.020110939843549246, 0.020110939843549246, 0.020110939843549246, 0.020110939843549246, 0.020110939843549246, 0.020110939843549246, 0.020110939843549246, 0.020110939843549246, 0.020110939843549246, 0.020110939843549246, 0.020110939843549246, 0.020110939843549246], "tune": [true, false, false, false, false, false, false, false, false, false, false, false, false, false, false, false, false, false, false, false, false, false, false, false, false, false, false, false, false, false, false, false, false, false, false, false, false, false, false, false, false, false, false, false, false, false, false, false, false, false, false, false, false, false, false, false, false, false, false, false, false, false, false, false, false, false, false, false, false, false, false, false, false, false, false, false, false, false, false, false, false, false, false, false, false, false, false, false, false, false, false, false, false, false, false, false, false, false, false, false], "mean_tree_accept": [0.9955072862784655, 0.820554175065886, 0.9307034138337393, 0.9698375780912333, 0.9939282382176242, 0.9938855268477188, 0.9924046774960794, 0.9989405059253598, 0.9945096296217242, 0.9708269773480362, 0.9950192067942366, 0.9973600045534736, 0.9981047431769463, 0.9585541164616737, 0.9248351141815948, 0.7553173469081562, 0.12458771211678515, 0.11342352341618754, 0.12124267739671472, 0.43263924902441464, 0.945937494969878, 0.9948175641273594, 0.9888119590363175, 0.9996659538953362, 0.989261051237377, 0.945305754370164, 0.9474055556328302, 0.7388067322081049, 0.7167929088757187, 0.9884294682272718, 0.9975217204377451, 0.9542868562676394, 0.9878762360771971, 0.9820827657911938, 0.9871125735936797, 0.9955310424351829, 0.8910254450329826, 0.9994475982327832, 0.9987220435633952, 0.9848781848136593, 0.9916787811203595, 0.9903302475374234, 0.9982849301609306, 0.971548830839417, 0.9965478586227752, 0.999492846251902, 0.9673792638766744, 0.9994026478942032, 0.9380355014997468, 0.9788063108848469, 0.9948573260845275, 0.9994599221344816, 0.9918527353484607, 0.9925323230690398, 0.9994210282621381, 0.9939998796288041, 0.9934953962053724, 0.4369127078220234, 0.9478385527230827, 0.9930397033599064, 0.9985786364716039, 0.9204571131014586, 0.9757991646224881, 0.9516396101393496, 0.9984172404746194, 0.8359241058823232, 0.993484224940142, 0.7462329487380622, 0.23117459260138035, 0.24600391790741435, 0.9890638953729506, 0.721425542380669, 0.9821503967684903, 0.7820902925635691, 0.9863677553334907, 0.9598573670893138, 0.9995734980272428, 0.9980225646841242, 0.9945391671276368, 0.966125544926195, 0.8537415776064072, 0.9988816981670041, 0.9944850453378764, 0.9942855645290254, 0.9959304906523563, 0.9041527615392274, 0.99822415106398, 0.9676752277694529, 0.9729573752580245, 0.9856834817225691, 0.4913624615137791, 0.9990498227757966, 0.9958664806411173, 0.9984780362949981, 0.7789864663967516, 0.8361803520700642, 0.9929108998750327, 0.9925875047959886, 0.9978966978191235, 0.999936707258267], "step_size_bar": [0.01516893713660657, 0.01516893713660657, 0.01516893713660657, 0.01516893713660657, 0.01516893713660657, 0.01516893713660657, 0.01516893713660657, 0.01516893713660657, 0.01516893713660657, 0.01516893713660657, 0.01516893713660657, 0.01516893713660657, 0.01516893713660657, 0.01516893713660657, 0.01516893713660657, 0.01516893713660657, 0.01516893713660657, 0.01516893713660657, 0.01516893713660657, 0.01516893713660657, 0.01516893713660657, 0.01516893713660657, 0.01516893713660657, 0.01516893713660657, 0.01516893713660657, 0.01516893713660657, 0.01516893713660657, 0.01516893713660657, 0.01516893713660657, 0.01516893713660657, 0.01516893713660657, 0.01516893713660657, 0.01516893713660657, 0.01516893713660657, 0.01516893713660657, 0.01516893713660657, 0.01516893713660657, 0.01516893713660657, 0.01516893713660657, 0.01516893713660657, 0.01516893713660657, 0.01516893713660657, 0.01516893713660657, 0.01516893713660657, 0.01516893713660657, 0.01516893713660657, 0.01516893713660657, 0.01516893713660657, 0.01516893713660657, 0.01516893713660657, 0.01516893713660657, 0.01516893713660657, 0.01516893713660657, 0.01516893713660657, 0.01516893713660657, 0.01516893713660657, 0.01516893713660657, 0.01516893713660657, 0.01516893713660657, 0.01516893713660657, 0.01516893713660657, 0.01516893713660657, 0.01516893713660657, 0.01516893713660657, 0.01516893713660657, 0.01516893713660657, 0.01516893713660657, 0.01516893713660657, 0.01516893713660657, 0.01516893713660657, 0.01516893713660657, 0.01516893713660657, 0.01516893713660657, 0.01516893713660657, 0.01516893713660657, 0.01516893713660657, 0.01516893713660657, 0.01516893713660657, 0.01516893713660657, 0.01516893713660657, 0.01516893713660657, 0.01516893713660657, 0.01516893713660657, 0.01516893713660657, 0.01516893713660657, 0.01516893713660657, 0.01516893713660657, 0.01516893713660657, 0.01516893713660657, 0.01516893713660657, 0.01516893713660657, 0.01516893713660657, 0.01516893713660657, 0.01516893713660657, 0.01516893713660657, 0.01516893713660657, 0.01516893713660657, 0.01516893713660657, 0.01516893713660657, 0.01516893713660657],