{"draw_idx": 100, "draws": null, "_stats": [{"depth": [3, 7, 6, 6, 6, 6, 6, 6, 6, 6, 7, 6, 5, 7, 7, 6, 6, 6, 6, 6, 6, 6, 6, 6, 5, 6, 3, 6, 2, 6, 6, 6, 6, 6, 7, 6, 5, 6, 6, 5, 5, 5, 7, 6, 3, 3, 6, 6, 6, 6, 6, 6, 6, 6, 6, 4, 6, 6, 6, 5, 6, 6, 7, 6, 6, 6, 5, 6, 6, 7, 6, 3, 6, 7, 6, 6, 6, 6, 6, 6, 6, 6, 6, 6, 4, 4, 6, 6, 6, 6, 6, 6, 6, 6, 6, 6, 7, 7, 6, 6], "step_size": [0.07046518449443062, 0.07046518449443062, 0.07046518449443062, 0.07046518449443062, 0.07046518449443062, 0.07046518449443062, 0.07046518449443062, 0.07046518449443062, 0.07046518449443062, 0.07046518449443062, 0.07046518449443062, 0.07046518449443062, 0.07046518449443062, 0.07046518449443062, 0.07046518449443062, 0.07046518449443062, 0.07046518449443062, 0.07046518449443062, 0.07046518449443062, 0.07046518449443062, 0.07046518449443062, 0.07046518449443062, 0.07046518449443062, 0.07046518449443062, 0.07046518449443062, 0.07046518449443062, 0.07046518449443062, 0.07046518449443062, 0.07046518449443062, 0.07046518449443062, 0.07046518449443062, 0.07046518449443062, 0.07046518449443062, 0.07046518449443062, 0.07046518449443062, 0.07046518449443062, 0.07046518449443062, 0.07046518449443062, 0.07046518449443062, 0.07046518449443062, 0.07046518449443062, 0.07046518449443062, 0.07046518449443062, 0.07046518449443062, 0.07046518449443062, 0.07046518449443062, 0.07046518449443062, 0.07046518449443062, 0.07046518449443062, 0.07046518449443062, 0.07046518449443062, 0.07046518449443062, 0.07046518449443062, 0.07046518449443062, 0.07046518449443062, 0.07046518449443062, 0.07046518449443062, 0.07046518449443062, 0.07046518449443062, 0.07046518449443062, 0.07046518449443062, 0.07046518449443062, 0.07046518449443062, 0.07046518449443062, 0.07046518449443062, 0.07046518449443062, 0.07046518449443062, 0.07046518449443062, 0.07046518449443062, 0.07046518449443062, 0.07046518449443062, 0.07046518449443062, 0.07046518449443062, 0.07046518449443062, 0.07046518449443062, 0.07046518449443062, 0.07046518449443062, 0.07046518449443062, 0.07046518449443062, 0.07046518449443062, 0.07046518449443062, 0.07046518449443062, 0.07046518449443062, 0.07046518449443062, 0.07046518449443062, 0.07046518449443062, 0.07046518449443062, 0.07046518449443062, 0.07046518449443062, 0.07046518449443062, 0.07046518449443062, 0.07046518449443062, 0.07046518449443062, 0.07046518449443062, 0.07046518449443062, 0.07046518449443062, 0.07046518449443062, 0.07046518449443062, 0.07046518449443062, 0.07046518449443062], "tune": [true, false, false, false, false, false, false, false, false, false, false, false, false, false, false, false, false, false, false, false, false, false, false, false, false, false, false, false, false, false, false, false, false, false, false, false, false, false, false, false, false, false, false, false, false, false, false, false, false, false, false, false, false, false, false, false, false, false, false, false, false, false, false, false, false, false, false, false, false, false, false, false, false, false, false, false, false, false, false, false, false, false, false, false, false, false, false, false, false, false, false, false, false, false, false, false, false, false, false, false], "mean_tree_accept": [0.8007441867882212, 0.9942446131062963, 0.9684195359634751, 0.8790638459130924, 0.9986570990107955, 0.9916537074986179, 0.9984654777340121, 0.9894252463610764, 0.9074600540833214, 0.9810816420948111, 0.9641778090840447, 0.9269830300251749, 0.9682559719230754, 0.9819489526387557, 0.9421147846915986, 0.5691210240137928, 0.9859352576134012, 0.9487930734811083, 0.9655883790752082, 0.995252233823027, 0.946361054619456, 0.7774959825515746, 0.6398584115521839, 0.9945607791527987, 0.9930035247441048, 0.9624664599979059, 0.9301359053748256, 0.9554046023124534, 0.9594662359260385, 0.9729210410844191, 0.9521904098916533, 0.9956934062769389, 0.948019781843321, 0.9792163150537618, 0.9959912189145492, 0.9968059207352862, 0.9832107487020367, 0.9984757535717083, 0.9937338492757537, 0.9159498513027835, 0.6201229387183749, 0.9245271658776401, 0.9944460341100387, 0.9445082124403124, 0.9449125042849403, 0.8783097323532922, 0.9167768456053921, 0.9099356611579228, 0.9581561273945357, 0.6018036960786604, 0.3366335218948087, 0.4463587632196096, 0.9909326483220323, 0.9854215840125923, 0.9959683041410444, 0.8063048461470307, 0.7153257564758282, 0.8934436924337138, 0.965116021416402, 0.9969706985148046, 0.8797685847827542, 0.4783478156615822, 0.9907078817409767, 0.9840361870968811, 0.9953517191053152, 0.9967059508093654, 0.9707009852933552, 0.995920586392103, 0.79231826045218, 0.8742885826945181, 0.9008610275516261, 0.9861613536981412, 0.9986293650101986, 0.9345307310202966, 0.9811528756222712, 0.9770656316821087, 0.9973408820171226, 0.9546681129342824, 0.40479477072319475, 0.7288396696846408, 0.5903146827597678, 0.8954015634367712, 0.8788201822147476, 0.9733725339495762, 0.9384936149838145, 0.7306447397847567, 0.9664734529511239, 0.983301413550094, 0.9489543080175127, 0.9784169358863568, 0.9993466594293614, 0.9829771402482853, 0.9947853256057854, 0.997077115899999, 0.997462386173664, 0.9941643400486347, 0.9515764061365288, 0.9650026258961725, 0.9330307719675226, 0.980705683552988], "step_size_bar": [0.04301591409681148, 0.04301591409681148, 0.04301591409681148, 0.04301591409681148, 0.04301591409681148, 0.04301591409681148, 0.04301591409681148, 0.04301591409681148, 0.04301591409681148, 0.04301591409681148, 0.04301591409681148, 0.04301591409681148, 0.04301591409681148, 0.04301591409681148, 0.04301591409681148, 0.04301591409681148, 0.04301591409681148, 0.04301591409681148, 0.04301591409681148, 0.04301591409681148, 0.04301591409681148, 0.04301591409681148, 0.04301591409681148, 0.04301591409681148, 0.04301591409681148, 0.04301591409681148, 0.04301591409681148, 0.04301591409681148, 0.04301591409681148, 0.04301591409681148, 0.04301591409681148, 0.04301591409681148, 0.04301591409681148, 0.04301591409681148, 0.04301591409681148, 0.04301591409681148, 0.04301591409681148, 0.04301591409681148, 0.04301591409681148, 0.04301591409681148, 0.04301591409681148, 0.04301591409681148, 0.04301591409681148, 0.04301591409681148, 0.04301591409681148, 0.04301591409681148, 0.04301591409681148, 0.04301591409681148, 0.04301591409681148, 0.04301591409681148, 0.04301591409681148, 0.04301591409681148, 0.04301591409681148, 0.04301591409681148, 0.04301591409681148, 0.04301591409681148, 0.04301591409681148, 0.04301591409681148, 0.04301591409681148, 0.04301591409681148, 0.04301591409681148, 0.04301591409681148, 0.04301591409681148, 0.04301591409681148, 0.04301591409681148, 0.04301591409681148, 0.04301591409681148, 0.04301591409681148, 0.04301591409681148, 0.04301591409681148, 0.04301591409681148, 0.04301591409681148, 0.04301591409681148, 0.04301591409681148, 0.04301591409681148, 0.04301591409681148, 0.04301591409681148, 0.04301591409681148, 0.04301591409681148, 0.04301591409681148, 0.04301591409681148, 0.04301591409681148, 0.04301591409681148, 0.04301591409681148, 0.04301591409681148, 0.04301591409681148, 0.04301591409681148, 0.04301591409681148, 0.04301591409681148, 0.04301591409681148, 0.04301591409681148, 0.04301591409681148, 0.04301591409681148, 0.04301591409681148, 0.04301591409681148, 0.04301591409681148, 0.04301591409681148, 0.04301591409681148, 0.04301591409681148, 0.04301591409681148], "tree_size": [7.0, 127.0, 63.0, 63.0, 47.0, 47.0, 63.0, 63.0, 63.0, 63.0, 127.0, 63.0, 31.0, 127.0, 127.0, 63.0, 63.0, 47.0, 63.0, 63.0, 63.0, 63.0, 63.0, 63.0, 23.0, 63.0, 7.0, 47.0, 3.0, 39.0, 63.0, 63.0, 63.0, 63.0, 127.0, 63.0, 31.0, 63.0, 63.0, 23.0, 23.0, 23.0, 75.0, 63.0, 7.0, 7.0, 63.0, 63.0, 63.0, 63.0, 63.0, 63.0, 63.0, 63.0, 63.0, 15.0, 63.0, 63.0, 63.0, 31.0, 63.0, 63.0, 127.0, 63.0, 63.0, 63.0, 31.0, 63.0, 63.0, 79.0, 63.0, 7.0, 63.0, 127.0, 63.0, 63.0, 63.0, 63.0, 63.0, 63.0, 63.0, 63.0, 63.0, 63.0, 15.0, 11.0, 63.0, 63.0, 63.0, 63.0, 63.0, 63.0, 63.0, 63.0, 63.0, 63.0, 95.0, 79.0, 63.0, 47.0],