{"draw_idx": 100, "draws": null, "_stats": [{"depth": [4, 7, 9, 8, 8, 6, 9, 8, 3, 9, 9, 8, 9, 8, 9, 8, 9, 8, 9, 8, 9, 8, 9, 4, 8, 8, 7, 9, 9, 7, 8, 9, 8, 9, 8, 9, 4, 9, 9, 9, 9, 9, 7, 7, 6, 9, 8, 9, 9, 8, 7, 8, 8, 9, 9, 9, 9, 9, 9, 8, 8, 9, 4, 9, 9, 9, 9, 7, 9, 9, 6, 9, 4, 7, 6, 9, 8, 9, 10, 9, 8, 8, 9, 6, 9, 8, 9, 8, 9, 9, 8, 8, 9, 6, 8, 9, 9, 9, 9, 9], "step_size": [0.01681024028245119, 0.01681024028245119, 0.01681024028245119, 0.01681024028245119, 0.01681024028245119, 0.01681024028245119, 0.01681024028245119, 0.01681024028245119, 0.01681024028245119, 0.01681024028245119, 0.01681024028245119, 0.01681024028245119, 0.01681024028245119, 0.01681024028245119, 0.01681024028245119, 0.01681024028245119, 0.01681024028245119, 0.01681024028245119, 0.01681024028245119, 0.01681024028245119, 0.01681024028245119, 0.01681024028245119, 0.01681024028245119, 0.01681024028245119, 0.01681024028245119, 0.01681024028245119, 0.01681024028245119, 0.01681024028245119, 0.01681024028245119, 0.01681024028245119, 0.01681024028245119, 0.01681024028245119, 0.01681024028245119, 0.01681024028245119, 0.01681024028245119, 0.01681024028245119, 0.01681024028245119, 0.01681024028245119, 0.01681024028245119, 0.01681024028245119, 0.01681024028245119, 0.01681024028245119, 0.01681024028245119, 0.01681024028245119, 0.01681024028245119, 0.01681024028245119, 0.01681024028245119, 0.01681024028245119, 0.01681024028245119, 0.01681024028245119, 0.01681024028245119, 0.01681024028245119, 0.01681024028245119, 0.01681024028245119, 0.01681024028245119, 0.01681024028245119, 0.01681024028245119, 0.01681024028245119, 0.01681024028245119, 0.01681024028245119, 0.01681024028245119, 0.01681024028245119, 0.01681024028245119, 0.01681024028245119, 0.01681024028245119, 0.01681024028245119, 0.01681024028245119, 0.01681024028245119, 0.01681024028245119, 0.01681024028245119, 0.01681024028245119, 0.01681024028245119, 0.01681024028245119, 0.01681024028245119, 0.01681024028245119, 0.01681024028245119, 0.01681024028245119, 0.01681024028245119, 0.01681024028245119, 0.01681024028245119, 0.01681024028245119, 0.01681024028245119, 0.01681024028245119, 0.01681024028245119, 0.01681024028245119, 0.01681024028245119, 0.01681024028245119, 0.01681024028245119, 0.01681024028245119, 0.01681024028245119, 0.01681024028245119, 0.01681024028245119, 0.01681024028245119, 0.01681024028245119, 0.01681024028245119, 0.01681024028245119, 0.01681024028245119, 0.01681024028245119, 0.01681024028245119, 0.01681024028245119], "tune": [true, false, false, false, false, false, false, false, false, false, false, false, false, false, false, false, false, false, false, false, false, false, false, false, false, false, false, false, false, false, false, false, false, false, false, false, false, false, false, false, false, false, false, false, false, false, false, false, false, false, false, false, false, false, false, false, false, false, false, false, false, false, false, false, false, false, false, false, false, false, false, false, false, false, false, false, false, false, false, false, false, false, false, false, false, false, false, false, false, false, false, false, false, false, false, false, false, false, false, false], "mean_tree_accept": [1.0, 0.990367388972148, 0.9950294404955417, 0.9853815939220952, 0.9258890057078215, 0.9930706160805032, 0.998006017956705, 0.9921884524983552, 1.0, 0.8549723542955986, 0.9977798471068637, 0.5969219888543195, 0.7589758361624586, 0.7489775621201238, 0.9967559215493416, 0.9958653634995189, 0.719161266420336, 0.9130024472678648, 0.9762432297280531, 0.968686886312174, 0.9981740964187905, 0.9850161518921857, 0.9895207269989531, 0.9923710748736088, 0.978986175362499, 0.9827554730980084, 0.9251169318345251, 0.9962928343613248, 0.9762666607100213, 0.9979750900708648, 0.9861224796106389, 0.8698468822807892, 0.9997295803739586, 0.7140630174798045, 0.9779537940662502, 0.9920026951822666, 0.9948120865379309, 0.9900176715807173, 0.9930913451582735, 0.4244868232466063, 0.805499131497583, 0.6506998827737861, 0.5532655672009721, 0.5745401481570255, 0.6085539278401592, 0.3224208833862931, 0.6394594663398799, 0.9946282216021486, 0.8697851764300037, 0.9840889422285038, 0.9337190266620122, 0.7413762197530862, 0.9228988997820881, 0.8828313851212813, 0.9506901641128226, 0.9944835037274483, 0.9634319624511384, 0.8751429031546561, 0.917357417769295, 0.9853296463714905, 0.9946506524978667, 0.9959274635531657, 0.9894359032310909, 0.9841963057148989, 0.8887264655631915, 0.9216021043393574, 0.07619554786384979, 0.6644739555707988, 0.3593654884772838, 0.9938327675084085, 0.9185334138969083, 0.7739181792031783, 0.9766552958578011, 0.9990702924891107, 0.9988793382516181, 0.830509313073355, 0.8056676342984511, 0.99721025507206, 0.9924904237135668, 0.9951715983947539, 0.9388605328197666, 0.990711591773142, 0.905456639991991, 0.9865144602712788, 0.953627394246484, 0.992302941961816, 0.5620789175375152, 0.9613638777812661, 0.8601330932474287, 0.9605983538639217, 0.9929465855602823, 0.9848703874503068, 0.9847525685590589, 0.9532811849021348, 0.9676342714134094, 0.9529992116593407, 0.7890009039520254, 0.960711228005976, 0.5211619615248202, 0.9980618272033517], "step_size_bar": [0.010632636039132027, 0.010632636039132027, 0.010632636039132027, 0.010632636039132027, 0.010632636039132027, 0.010632636039132027, 0.010632636039132027, 0.010632636039132027, 0.010632636039132027, 0.010632636039132027, 0.010632636039132027, 0.010632636039132027, 0.010632636039132027, 0.010632636039132027, 0.010632636039132027, 0.010632636039132027, 0.010632636039132027, 0.010632636039132027, 0.010632636039132027, 0.010632636039132027, 0.010632636039132027, 0.010632636039132027, 0.010632636039132027, 0.010632636039132027, 0.010632636039132027, 0.010632636039132027, 0.010632636039132027, 0.010632636039132027, 0.010632636039132027, 0.010632636039132027, 0.010632636039132027, 0.010632636039132027, 0.010632636039132027, 0.010632636039132027, 0.010632636039132027, 0.010632636039132027, 0.010632636039132027, 0.010632636039132027, 0.010632636039132027, 0.010632636039132027, 0.010632636039132027, 0.010632636039132027, 0.010632636039132027, 0.010632636039132027, 0.010632636039132027, 0.010632636039132027, 0.010632636039132027, 0.010632636039132027, 0.010632636039132027, 0.010632636039132027, 0.010632636039132027, 0.010632636039132027, 0.010632636039132027, 0.010632636039132027, 0.010632636039132027, 0.010632636039132027, 0.010632636039132027, 0.010632636039132027, 0.010632636039132027, 0.010632636039132027, 0.010632636039132027, 0.010632636039132027, 0.010632636039132027, 0.010632636039132027, 0.010632636039132027, 0.010632636039132027, 0.010632636039132027, 0.010632636039132027, 0.010632636039132027, 0.010632636039132027, 0.010632636039132027, 0.010632636039132027, 0.010632636039132027, 0.010632636039132027, 0.010632636039132027, 0.010632636039132027, 0.010632636039132027, 0.010632636039132027, 0.010632636039132027, 0.010632636039132027, 0.010632636039132027, 0.010632636039132027, 0.010632636039132027, 0.010632636039132027, 0.010632636039132027, 0.010632636039132027, 0.010632636039132027, 0.010632636039132027, 0.010632636039132027, 0.010632636039132027, 0.010632636039132027, 0.010632636039132027, 0.010632636039132027, 0.010632636039132027, 0.010632636039132027, 0.010632636039132027, 0.010632636039132027, 0.010632636039132027, 0.010632636039132027, 0.010632636039132027],