{"draw_idx": 100, "draws": null, "_stats": [{"depth": [4, 10, 6, 9, 8, 9, 9, 9, 9, 9, 9, 6, 9, 9, 10, 7, 10, 9, 8, 9, 7, 8, 9, 10, 3, 9, 7, 7, 6, 2, 7, 9, 8, 9, 8, 7, 7, 7, 7, 9, 5, 8, 9, 8, 8, 6, 9, 10, 9, 9, 9, 8, 9, 9, 8, 6, 8, 9, 8, 9, 8, 9, 9, 9, 9, 9, 10, 8, 4, 9, 9, 8, 8, 9, 9, 4, 6, 9, 9, 9, 8, 9, 10, 7, 9, 9, 9, 9, 7, 9, 9, 8, 9, 9, 9, 7, 6, 9, 9, 9], "step_size": [0.014984596455269287, 0.014984596455269287, 0.014984596455269287, 0.014984596455269287, 0.014984596455269287, 0.014984596455269287, 0.014984596455269287, 0.014984596455269287, 0.014984596455269287, 0.014984596455269287, 0.014984596455269287, 0.014984596455269287, 0.014984596455269287, 0.014984596455269287, 0.014984596455269287, 0.014984596455269287, 0.014984596455269287, 0.014984596455269287, 0.014984596455269287, 0.014984596455269287, 0.014984596455269287, 0.014984596455269287, 0.014984596455269287, 0.014984596455269287, 0.014984596455269287, 0.014984596455269287, 0.014984596455269287, 0.014984596455269287, 0.014984596455269287, 0.014984596455269287, 0.014984596455269287, 0.014984596455269287, 0.014984596455269287, 0.014984596455269287, 0.014984596455269287, 0.014984596455269287, 0.014984596455269287, 0.014984596455269287, 0.014984596455269287, 0.014984596455269287, 0.014984596455269287, 0.014984596455269287, 0.014984596455269287, 0.014984596455269287, 0.014984596455269287, 0.014984596455269287, 0.014984596455269287, 0.014984596455269287, 0.014984596455269287, 0.014984596455269287, 0.014984596455269287, 0.014984596455269287, 0.014984596455269287, 0.014984596455269287, 0.014984596455269287, 0.014984596455269287, 0.014984596455269287, 0.014984596455269287, 0.014984596455269287, 0.014984596455269287, 0.014984596455269287, 0.014984596455269287, 0.014984596455269287, 0.014984596455269287, 0.014984596455269287, 0.014984596455269287, 0.014984596455269287, 0.014984596455269287, 0.014984596455269287, 0.014984596455269287, 0.014984596455269287, 0.014984596455269287, 0.014984596455269287, 0.014984596455269287, 0.014984596455269287, 0.014984596455269287, 0.014984596455269287, 0.014984596455269287, 0.014984596455269287, 0.014984596455269287, 0.014984596455269287, 0.014984596455269287, 0.014984596455269287, 0.014984596455269287, 0.014984596455269287, 0.014984596455269287, 0.014984596455269287, 0.014984596455269287, 0.014984596455269287, 0.014984596455269287, 0.014984596455269287, 0.014984596455269287, 0.014984596455269287, 0.014984596455269287, 0.014984596455269287, 0.014984596455269287, 0.014984596455269287, 0.014984596455269287, 0.014984596455269287, 0.014984596455269287], "tune": [true, false, false, false, false, false, false, false, false, false, false, false, false, false, false, false, false, false, false, false, false, false, false, false, false, false, false, false, false, false, false, false, false, false, false, false, false, false, false, false, false, false, false, false, false, false, false, false, false, false, false, false, false, false, false, false, false, false, false, false, false, false, false, false, false, false, false, false, false, false, false, false, false, false, false, false, false, false, false, false, false, false, false, false, false, false, false, false, false, false, false, false, false, false, false, false, false, false, false, false], "mean_tree_accept": [0.9806867751496992, 0.930816827093215, 0.9829994158417013, 0.9472734533927989, 0.9984823296764348, 0.9809268198215887, 0.9599395901008597, 0.998400669680975, 0.3354584024670667, 0.7988018314189776, 0.5923085976045108, 0.7456311797276083, 0.9912120996203042, 0.9716372839616068, 0.997349642995347, 0.9983144007470313, 0.9194039878255923, 0.9989302653248595, 0.9192512326438563, 0.9616952538867597, 0.8404331148561285, 0.99315595854279, 0.9969108062928682, 0.8335660685558054, 0.8836650267942192, 0.9882289162009967, 0.9965520906924769, 0.9761492158873788, 0.8742417867964266, 1.0, 0.9897083747320514, 0.9791369194708892, 0.9806098596017567, 0.9986455839102001, 0.9523361867029034, 0.9989845185195995, 0.9999917105296268, 0.9957142469297624, 0.9909656825796432, 0.9940920389657669, 0.8601884742908354, 0.9985037959039103, 0.9963871883063964, 0.8915066754630229, 0.9982465563789054, 0.9920211428812226, 0.9955121413258007, 0.9933813509938308, 0.9342863704103819, 0.9900135363096135, 0.9617106900727103, 0.41527689282305963, 0.9908190561359449, 0.7929550556956588, 0.4805009317394543, 0.6008789785072371, 0.9987965985814382, 0.9954600521288494, 0.9964436301652813, 0.6619198072728768, 0.9740477319787204, 0.9991430564796978, 0.9982890096277877, 0.9582073550053696, 0.9610317400895425, 0.9851760760705364, 0.9650053448881437, 0.9994390665995981, 0.9998795839411045, 0.9402360068342553, 0.9943232059101095, 0.9921724039096153, 0.9744382257503047, 0.6439758831992939, 0.9473199988868275, 0.9195158827414855, 0.9993364676144239, 0.9671021719722974, 0.9650388276186568, 0.9951710841087732, 0.9926046800245617, 0.9791142961060436, 0.963839873505403, 0.9994367167094701, 0.9327706655490494, 0.9579626513503542, 0.9775881246635196, 0.9732842741913652, 0.24751152246322128, 0.873309951192702, 0.8710126937678209, 0.9697647060217444, 0.9799014468642424, 0.9955236755145824, 0.9980067093816402, 0.9785884064252796, 0.7265701682026935, 0.9979080666146568, 0.9828524108619219, 0.9997102116804522], "step_size_bar": [0.01029722716056704, 0.01029722716056704, 0.01029722716056704, 0.01029722716056704, 0.01029722716056704, 0.01029722716056704, 0.01029722716056704, 0.01029722716056704, 0.01029722716056704, 0.01029722716056704, 0.01029722716056704, 0.01029722716056704, 0.01029722716056704, 0.01029722716056704, 0.01029722716056704, 0.01029722716056704, 0.01029722716056704, 0.01029722716056704, 0.01029722716056704, 0.01029722716056704, 0.01029722716056704, 0.01029722716056704, 0.01029722716056704, 0.01029722716056704, 0.01029722716056704, 0.01029722716056704, 0.01029722716056704, 0.01029722716056704, 0.01029722716056704, 0.01029722716056704, 0.01029722716056704, 0.01029722716056704, 0.01029722716056704, 0.01029722716056704, 0.01029722716056704, 0.01029722716056704, 0.01029722716056704, 0.01029722716056704, 0.01029722716056704, 0.01029722716056704, 0.01029722716056704, 0.01029722716056704, 0.01029722716056704, 0.01029722716056704, 0.01029722716056704, 0.01029722716056704, 0.01029722716056704, 0.01029722716056704, 0.01029722716056704, 0.01029722716056704, 0.01029722716056704, 0.01029722716056704, 0.01029722716056704, 0.01029722716056704, 0.01029722716056704, 0.01029722716056704, 0.01029722716056704, 0.01029722716056704, 0.01029722716056704, 0.01029722716056704, 0.01029722716056704, 0.01029722716056704, 0.01029722716056704, 0.01029722716056704, 0.01029722716056704, 0.01029722716056704, 0.01029722716056704, 0.01029722716056704, 0.01029722716056704, 0.01029722716056704, 0.01029722716056704, 0.01029722716056704, 0.01029722716056704, 0.01029722716056704, 0.01029722716056704, 0.01029722716056704, 0.01029722716056704, 0.01029722716056704, 0.01029722716056704, 0.01029722716056704, 0.01029722716056704, 0.01029722716056704, 0.01029722716056704, 0.01029722716056704, 0.01029722716056704, 0.01029722716056704, 0.01029722716056704, 0.01029722716056704, 0.01029722716056704, 0.01029722716056704, 0.01029722716056704, 0.01029722716056704, 0.01029722716056704, 0.01029722716056704, 0.01029722716056704, 0.01029722716056704, 0.01029722716056704, 0.01029722716056704, 0.01029722716056704, 0.01029722716056704],