{"draw_idx": 100, "draws": null, "_stats": [{"depth": [7, 8, 7, 8, 8, 8, 8, 4, 8, 8, 8, 8, 7, 8, 8, 8, 8, 8, 7, 8, 8, 8, 7, 8, 8, 8, 8, 8, 8, 8, 8, 8, 8, 8, 5, 9, 8, 8, 7, 7, 8, 8, 4, 8, 7, 8, 8, 8, 8, 8, 7, 8, 8, 8, 8, 8, 7, 8, 5, 8, 8, 4, 7, 7, 7, 4, 6, 8, 7, 8, 8, 8, 7, 7, 8, 8, 8, 8, 8, 8, 8, 7, 8, 4, 8, 8, 8, 8, 7, 8, 8, 5, 8, 8, 8, 8, 8, 8, 8, 8], "step_size": [0.015655693130011403, 0.015655693130011403, 0.015655693130011403, 0.015655693130011403, 0.015655693130011403, 0.015655693130011403, 0.015655693130011403, 0.015655693130011403, 0.015655693130011403, 0.015655693130011403, 0.015655693130011403, 0.015655693130011403, 0.015655693130011403, 0.015655693130011403, 0.015655693130011403, 0.015655693130011403, 0.015655693130011403, 0.015655693130011403, 0.015655693130011403, 0.015655693130011403, 0.015655693130011403, 0.015655693130011403, 0.015655693130011403, 0.015655693130011403, 0.015655693130011403, 0.015655693130011403, 0.015655693130011403, 0.015655693130011403, 0.015655693130011403, 0.015655693130011403, 0.015655693130011403, 0.015655693130011403, 0.015655693130011403, 0.015655693130011403, 0.015655693130011403, 0.015655693130011403, 0.015655693130011403, 0.015655693130011403, 0.015655693130011403, 0.015655693130011403, 0.015655693130011403, 0.015655693130011403, 0.015655693130011403, 0.015655693130011403, 0.015655693130011403, 0.015655693130011403, 0.015655693130011403, 0.015655693130011403, 0.015655693130011403, 0.015655693130011403, 0.015655693130011403, 0.015655693130011403, 0.015655693130011403, 0.015655693130011403, 0.015655693130011403, 0.015655693130011403, 0.015655693130011403, 0.015655693130011403, 0.015655693130011403, 0.015655693130011403, 0.015655693130011403, 0.015655693130011403, 0.015655693130011403, 0.015655693130011403, 0.015655693130011403, 0.015655693130011403, 0.015655693130011403, 0.015655693130011403, 0.015655693130011403, 0.015655693130011403, 0.015655693130011403, 0.015655693130011403, 0.015655693130011403, 0.015655693130011403, 0.015655693130011403, 0.015655693130011403, 0.015655693130011403, 0.015655693130011403, 0.015655693130011403, 0.015655693130011403, 0.015655693130011403, 0.015655693130011403, 0.015655693130011403, 0.015655693130011403, 0.015655693130011403, 0.015655693130011403, 0.015655693130011403, 0.015655693130011403, 0.015655693130011403, 0.015655693130011403, 0.015655693130011403, 0.015655693130011403, 0.015655693130011403, 0.015655693130011403, 0.015655693130011403, 0.015655693130011403, 0.015655693130011403, 0.015655693130011403, 0.015655693130011403, 0.015655693130011403], "tune": [true, false, false, false, false, false, false, false, false, false, false, false, false, false, false, false, false, false, false, false, false, false, false, false, false, false, false, false, false, false, false, false, false, false, false, false, false, false, false, false, false, false, false, false, false, false, false, false, false, false, false, false, false, false, false, false, false, false, false, false, false, false, false, false, false, false, false, false, false, false, false, false, false, false, false, false, false, false, false, false, false, false, false, false, false, false, false, false, false, false, false, false, false, false, false, false, false, false, false, false], "mean_tree_accept": [0.6486032035668965, 0.9938756165244801, 0.9946098245109823, 0.9027285896296847, 0.9570043008754325, 0.2715847938615874, 0.9982757136571917, 0.9999715552548525, 0.7948393205765533, 0.9983744666132314, 0.9809902362098172, 0.9999947484779061, 0.9982858309045922, 0.9993561074186335, 0.8580977486513377, 0.9002811792156283, 0.9986927584311955, 0.755848531799346, 0.9933128274334596, 0.9979155448527081, 0.8641315752536809, 0.996310875376664, 0.9702181676673782, 0.9866871231671658, 0.9905614547723234, 0.9997934741865819, 0.9998773825227592, 0.9965463941556666, 0.9906583187067037, 0.9994426578860663, 0.9979966885916073, 0.998384031707442, 0.9999249631017878, 0.9974490838863754, 0.9983990801484786, 0.9976202034750893, 0.9815053216600087, 0.9736370530312808, 0.9997295118586097, 0.9993173813342847, 0.6260749606221391, 0.9025167577847515, 0.9885627359750726, 0.9994394699026647, 0.9998294479057798, 0.9999327562096925, 0.9982848567042977, 0.9980795677686926, 0.9990240377617863, 0.7770460932163823, 0.9996903692154259, 0.9986117858516608, 0.9763291621188973, 0.9215418484551575, 0.9574148094194772, 0.9925930254466176, 0.9803048492689372, 0.9974027880941007, 0.9794231174805309, 0.9953086081452108, 0.9497466112357589, 0.9877627730843167, 0.9716663587630673, 0.7171695550094046, 0.9997938595997091, 0.8955740492771066, 0.9469038531202476, 0.994287994376869, 0.9983721035904946, 0.6940072573928454, 0.9429585762941866, 0.9985484736646301, 0.9988518629035267, 0.9780770066521434, 0.9814930433416431, 0.721532675756625, 1.0, 0.8573806782530021, 0.9947700454617044, 0.9468183450425232, 0.9902080945595072, 0.9714081583244935, 0.9962080595041983, 0.9961525527249729, 0.9983160495779635, 0.9218098314147039, 0.9991717910621629, 0.9280103905429979, 0.9997542343416443, 0.9937512474646465, 0.8761427126841795, 0.9099375130091663, 0.9595259656243273, 0.9831869264991454, 0.6619832659428292, 0.9860979196502713, 0.9774827582301489, 0.981510927754618, 0.6075456999304962, 0.9763534327607649], "step_size_bar": [0.01378005242426019, 0.01378005242426019, 0.01378005242426019, 0.01378005242426019, 0.01378005242426019, 0.01378005242426019, 0.01378005242426019, 0.01378005242426019, 0.01378005242426019, 0.01378005242426019, 0.01378005242426019, 0.01378005242426019, 0.01378005242426019, 0.01378005242426019, 0.01378005242426019, 0.01378005242426019, 0.01378005242426019, 0.01378005242426019, 0.01378005242426019, 0.01378005242426019, 0.01378005242426019, 0.01378005242426019, 0.01378005242426019, 0.01378005242426019, 0.01378005242426019, 0.01378005242426019, 0.01378005242426019, 0.01378005242426019, 0.01378005242426019, 0.01378005242426019, 0.01378005242426019, 0.01378005242426019, 0.01378005242426019, 0.01378005242426019, 0.01378005242426019, 0.01378005242426019, 0.01378005242426019, 0.01378005242426019, 0.01378005242426019, 0.01378005242426019, 0.01378005242426019, 0.01378005242426019, 0.01378005242426019, 0.01378005242426019, 0.01378005242426019, 0.01378005242426019, 0.01378005242426019, 0.01378005242426019, 0.01378005242426019, 0.01378005242426019, 0.01378005242426019, 0.01378005242426019, 0.01378005242426019, 0.01378005242426019, 0.01378005242426019, 0.01378005242426019, 0.01378005242426019, 0.01378005242426019, 0.01378005242426019, 0.01378005242426019, 0.01378005242426019, 0.01378005242426019, 0.01378005242426019, 0.01378005242426019, 0.01378005242426019, 0.01378005242426019, 0.01378005242426019, 0.01378005242426019, 0.01378005242426019, 0.01378005242426019, 0.01378005242426019, 0.01378005242426019, 0.01378005242426019, 0.01378005242426019, 0.01378005242426019, 0.01378005242426019, 0.01378005242426019, 0.01378005242426019, 0.01378005242426019, 0.01378005242426019, 0.01378005242426019, 0.01378005242426019, 0.01378005242426019, 0.01378005242426019, 0.01378005242426019, 0.01378005242426019, 0.01378005242426019, 0.01378005242426019, 0.01378005242426019, 0.01378005242426019, 0.01378005242426019, 0.01378005242426019, 0.01378005242426019, 0.01378005242426019, 0.01378005242426019, 0.01378005242426019, 0.01378005242426019, 0.01378005242426019, 0.01378005242426019, 0.01378005242426019],