{"draw_idx": 100, "draws": null, "_stats": [{"depth": [8, 8, 8, 5, 7, 8, 7, 7, 7, 7, 7, 7, 8, 7, 7, 8, 8, 7, 7, 9, 7, 8, 8, 4, 7, 7, 6, 4, 8, 6, 6, 6, 6, 6, 8, 7, 8, 8, 7, 7, 8, 7, 8, 8, 7, 6, 6, 8, 8, 5, 7, 7, 7, 8, 8, 8, 8, 8, 8, 8, 8, 9, 8, 7, 8, 7, 6, 8, 8, 6, 8, 7, 7, 8, 5, 6, 8, 9, 7, 8, 6, 5, 7, 8, 6, 8, 8, 8, 8, 8, 7, 8, 8, 6, 6, 6, 7, 6, 6, 6], "step_size": [0.013211246890190412, 0.013211246890190412, 0.013211246890190412, 0.013211246890190412, 0.013211246890190412, 0.013211246890190412, 0.013211246890190412, 0.013211246890190412, 0.013211246890190412, 0.013211246890190412, 0.013211246890190412, 0.013211246890190412, 0.013211246890190412, 0.013211246890190412, 0.013211246890190412, 0.013211246890190412, 0.013211246890190412, 0.013211246890190412, 0.013211246890190412, 0.013211246890190412, 0.013211246890190412, 0.013211246890190412, 0.013211246890190412, 0.013211246890190412, 0.013211246890190412, 0.013211246890190412, 0.013211246890190412, 0.013211246890190412, 0.013211246890190412, 0.013211246890190412, 0.013211246890190412, 0.013211246890190412, 0.013211246890190412, 0.013211246890190412, 0.013211246890190412, 0.013211246890190412, 0.013211246890190412, 0.013211246890190412, 0.013211246890190412, 0.013211246890190412, 0.013211246890190412, 0.013211246890190412, 0.013211246890190412, 0.013211246890190412, 0.013211246890190412, 0.013211246890190412, 0.013211246890190412, 0.013211246890190412, 0.013211246890190412, 0.013211246890190412, 0.013211246890190412, 0.013211246890190412, 0.013211246890190412, 0.013211246890190412, 0.013211246890190412, 0.013211246890190412, 0.013211246890190412, 0.013211246890190412, 0.013211246890190412, 0.013211246890190412, 0.013211246890190412, 0.013211246890190412, 0.013211246890190412, 0.013211246890190412, 0.013211246890190412, 0.013211246890190412, 0.013211246890190412, 0.013211246890190412, 0.013211246890190412, 0.013211246890190412, 0.013211246890190412, 0.013211246890190412, 0.013211246890190412, 0.013211246890190412, 0.013211246890190412, 0.013211246890190412, 0.013211246890190412, 0.013211246890190412, 0.013211246890190412, 0.013211246890190412, 0.013211246890190412, 0.013211246890190412, 0.013211246890190412, 0.013211246890190412, 0.013211246890190412, 0.013211246890190412, 0.013211246890190412, 0.013211246890190412, 0.013211246890190412, 0.013211246890190412, 0.013211246890190412, 0.013211246890190412, 0.013211246890190412, 0.013211246890190412, 0.013211246890190412, 0.013211246890190412, 0.013211246890190412, 0.013211246890190412, 0.013211246890190412, 0.013211246890190412], "tune": [true, false, false, false, false, false, false, false, false, false, false, false, false, false, false, false, false, false, false, false, false, false, false, false, false, false, false, false, false, false, false, false, false, false, false, false, false, false, false, false, false, false, false, false, false, false, false, false, false, false, false, false, false, false, false, false, false, false, false, false, false, false, false, false, false, false, false, false, false, false, false, false, false, false, false, false, false, false, false, false, false, false, false, false, false, false, false, false, false, false, false, false, false, false, false, false, false, false, false, false], "mean_tree_accept": [0.9607480426366456, 0.9183794727593902, 0.863956581849637, 0.9840251674194584, 0.9599118958940053, 0.618248713055692, 0.9983751983198221, 0.9940971177706911, 0.9993518031863539, 0.9142407055986217, 0.9998200667159399, 0.9997169826525442, 0.9543794713637324, 0.2176562906650264, 0.9536369154821553, 0.9393919801061557, 0.9991236075964139, 0.7979224398745023, 0.9051036082966136, 0.952924864261779, 0.9967091205504567, 0.9980133921934912, 0.9992625104191077, 1.0, 0.9890044597462679, 0.9955775276159932, 0.4725046973488667, 0.9401046561750325, 0.8841113747440987, 0.991871689085491, 0.9951097007278364, 0.9015630428631548, 0.7601579230051375, 0.625249937966973, 0.8700822090918592, 0.9981116898372172, 0.9979960079521196, 0.9836865027834575, 0.9897017100992203, 0.9242093951364753, 0.9747488369027908, 0.9999799517838115, 0.9929162551893467, 0.8825751284501979, 0.9997659621544513, 0.999243595345105, 0.99541098103636, 0.9145067050628839, 0.7948270607013098, 0.9892904550946525, 0.6398571081180264, 0.5053334813092627, 0.9973819370094842, 0.9928330159134382, 0.5606432584586505, 0.9369656819121929, 0.9491484148732524, 0.6088605857512855, 0.8518744997679457, 0.9363668864255512, 0.992302263743845, 0.9800134757327715, 0.9977804451491822, 0.9468210460789145, 0.9916781138659654, 0.9852313425198294, 0.9725535439731656, 0.9240269827902168, 0.9953958359093293, 0.9998480887743826, 0.9360595580615357, 0.9979234719879316, 0.9986446404435707, 0.9818635297132299, 0.9786868608558854, 0.7836399486874166, 0.8468723557058571, 0.9820550748518404, 0.9988179690952438, 0.9912715798666091, 0.9914008230212792, 0.6220366578469309, 0.993962761273235, 0.7631691164255011, 0.9177043177505619, 0.830741368970388, 0.9964613069650559, 0.9986687766495904, 0.9992477316211745, 0.9329445687520286, 0.970078277247699, 0.6223706906144082, 0.7838648965107605, 0.9901891146745765, 0.9363411233987504, 0.9927841066090675, 0.9990102519696143, 0.8874785678608211, 0.9603771806893515, 0.998610942972653], "step_size_bar": [0.011517946066374537, 0.011517946066374537, 0.011517946066374537, 0.011517946066374537, 0.011517946066374537, 0.011517946066374537, 0.011517946066374537, 0.011517946066374537, 0.011517946066374537, 0.011517946066374537, 0.011517946066374537, 0.011517946066374537, 0.011517946066374537, 0.011517946066374537, 0.011517946066374537, 0.011517946066374537, 0.011517946066374537, 0.011517946066374537, 0.011517946066374537, 0.011517946066374537, 0.011517946066374537, 0.011517946066374537, 0.011517946066374537, 0.011517946066374537, 0.011517946066374537, 0.011517946066374537, 0.011517946066374537, 0.011517946066374537, 0.011517946066374537, 0.011517946066374537, 0.011517946066374537, 0.011517946066374537, 0.011517946066374537, 0.011517946066374537, 0.011517946066374537, 0.011517946066374537, 0.011517946066374537, 0.011517946066374537, 0.011517946066374537, 0.011517946066374537, 0.011517946066374537, 0.011517946066374537, 0.011517946066374537, 0.011517946066374537, 0.011517946066374537, 0.011517946066374537, 0.011517946066374537, 0.011517946066374537, 0.011517946066374537, 0.011517946066374537, 0.011517946066374537, 0.011517946066374537, 0.011517946066374537, 0.011517946066374537, 0.011517946066374537, 0.011517946066374537, 0.011517946066374537, 0.011517946066374537, 0.011517946066374537, 0.011517946066374537, 0.011517946066374537, 0.011517946066374537, 0.011517946066374537, 0.011517946066374537, 0.011517946066374537, 0.011517946066374537, 0.011517946066374537, 0.011517946066374537, 0.011517946066374537, 0.011517946066374537, 0.011517946066374537, 0.011517946066374537, 0.011517946066374537, 0.011517946066374537, 0.011517946066374537, 0.011517946066374537, 0.011517946066374537, 0.011517946066374537, 0.011517946066374537, 0.011517946066374537, 0.011517946066374537, 0.011517946066374537, 0.011517946066374537, 0.011517946066374537, 0.011517946066374537, 0.011517946066374537, 0.011517946066374537, 0.011517946066374537, 0.011517946066374537, 0.011517946066374537, 0.011517946066374537, 0.011517946066374537, 0.011517946066374537, 0.011517946066374537, 0.011517946066374537, 0.011517946066374537, 0.011517946066374537, 0.011517946066374537, 0.011517946066374537, 0.011517946066374537],