{"draw_idx": 100, "draws": null, "_stats": [{"depth": [8, 7, 8, 8, 6, 8, 8, 8, 8, 8, 7, 8, 5, 5, 7, 8, 8, 8, 6, 7, 8, 8, 8, 8, 8, 8, 8, 8, 8, 8, 7, 8, 8, 8, 8, 8, 8, 6, 8, 8, 8, 8, 5, 7, 7, 8, 8, 8, 8, 4, 4, 8, 8, 7, 8, 8, 7, 8, 8, 7, 8, 8, 7, 8, 8, 3, 7, 8, 8, 8, 8, 8, 8, 8, 8, 7, 7, 8, 7, 8, 4, 6, 6, 6, 7, 6, 8, 5, 7, 8, 8, 7, 7, 7, 7, 8, 8, 8, 8, 8], "step_size": [0.017677751974704725, 0.017677751974704725, 0.017677751974704725, 0.017677751974704725, 0.017677751974704725, 0.017677751974704725, 0.017677751974704725, 0.017677751974704725, 0.017677751974704725, 0.017677751974704725, 0.017677751974704725, 0.017677751974704725, 0.017677751974704725, 0.017677751974704725, 0.017677751974704725, 0.017677751974704725, 0.017677751974704725, 0.017677751974704725, 0.017677751974704725, 0.017677751974704725, 0.017677751974704725, 0.017677751974704725, 0.017677751974704725, 0.017677751974704725, 0.017677751974704725, 0.017677751974704725, 0.017677751974704725, 0.017677751974704725, 0.017677751974704725, 0.017677751974704725, 0.017677751974704725, 0.017677751974704725, 0.017677751974704725, 0.017677751974704725, 0.017677751974704725, 0.017677751974704725, 0.017677751974704725, 0.017677751974704725, 0.017677751974704725, 0.017677751974704725, 0.017677751974704725, 0.017677751974704725, 0.017677751974704725, 0.017677751974704725, 0.017677751974704725, 0.017677751974704725, 0.017677751974704725, 0.017677751974704725, 0.017677751974704725, 0.017677751974704725, 0.017677751974704725, 0.017677751974704725, 0.017677751974704725, 0.017677751974704725, 0.017677751974704725, 0.017677751974704725, 0.017677751974704725, 0.017677751974704725, 0.017677751974704725, 0.017677751974704725, 0.017677751974704725, 0.017677751974704725, 0.017677751974704725, 0.017677751974704725, 0.017677751974704725, 0.017677751974704725, 0.017677751974704725, 0.017677751974704725, 0.017677751974704725, 0.017677751974704725, 0.017677751974704725, 0.017677751974704725, 0.017677751974704725, 0.017677751974704725, 0.017677751974704725, 0.017677751974704725, 0.017677751974704725, 0.017677751974704725, 0.017677751974704725, 0.017677751974704725, 0.017677751974704725, 0.017677751974704725, 0.017677751974704725, 0.017677751974704725, 0.017677751974704725, 0.017677751974704725, 0.017677751974704725, 0.017677751974704725, 0.017677751974704725, 0.017677751974704725, 0.017677751974704725, 0.017677751974704725, 0.017677751974704725, 0.017677751974704725, 0.017677751974704725, 0.017677751974704725, 0.017677751974704725, 0.017677751974704725, 0.017677751974704725, 0.017677751974704725], "tune": [true, false, false, false, false, false, false, false, false, false, false, false, false, false, false, false, false, false, false, false, false, false, false, false, false, false, false, false, false, false, false, false, false, false, false, false, false, false, false, false, false, false, false, false, false, false, false, false, false, false, false, false, false, false, false, false, false, false, false, false, false, false, false, false, false, false, false, false, false, false, false, false, false, false, false, false, false, false, false, false, false, false, false, false, false, false, false, false, false, false, false, false, false, false, false, false, false, false, false, false], "mean_tree_accept": [0.9964650518015814, 0.9965972283672274, 0.9918761923236052, 0.9929777845832253, 0.14310388859794326, 0.22957902993404342, 0.8698147118938073, 0.9895134131470491, 0.9089532219764579, 0.9988167531933467, 0.9874009493261089, 0.9935465338945354, 0.9809249144181534, 0.998255284056883, 0.9845870640412122, 0.9955606889484512, 0.924731666069552, 0.9082784732973803, 0.9967719431562804, 0.9990405814142177, 0.9954964889273276, 0.992954625286033, 0.9741200705024126, 0.9086266354183771, 0.0711473562707438, 0.870120583248511, 0.7251307388701533, 0.9933061461007346, 0.9976683387947404, 0.9917233555866246, 0.9944088915180965, 0.9646897205222373, 0.8682637437831611, 0.9947860634232991, 0.9984698003668385, 0.9682832596882741, 0.9870691331298209, 0.9857294510554133, 0.9947209274131907, 0.9554629707548985, 0.988747916890248, 0.9995061087379364, 0.9908768289424936, 0.9942189869668934, 0.9990523907966214, 0.9856656334438789, 0.8699325346444383, 0.9988168327831001, 0.9457408831357573, 0.9263259720440918, 0.9973765076679196, 0.9995752391185241, 0.8892835588521268, 0.9985004197322761, 0.9968042764585991, 0.8510488643777407, 0.9999079067551538, 0.9889641669583047, 0.9853750160758626, 0.8599353853556648, 0.9363757980569686, 0.9962257671532669, 0.9861148135798713, 0.9962243961018332, 0.9978597442677087, 0.9952475752412154, 0.9994002152503633, 0.9953811259533043, 0.9902508244533975, 0.9985165709267585, 0.9966592446699963, 0.9859184571526901, 0.9994539111244145, 0.9399324662866207, 0.9962963752240157, 0.9998302024483342, 0.9875030535811092, 0.9853306785011127, 0.9599077818773866, 0.9327115662397514, 0.9921547103269714, 0.9934220757617913, 0.9939239089981641, 0.9994914616465321, 0.9999480247846616, 0.9998695954603269, 0.8595868029431513, 0.5077461931424101, 0.7788701455524631, 0.8048296684793257, 0.9884813745159658, 0.9989169167447288, 0.9812949016883338, 0.9971967733187825, 0.9509812788278039, 0.9916040980605882, 0.9315512832217535, 0.9201657832154252, 0.9744528363489089, 0.9384345881438608], "step_size_bar": [0.014555151280662494, 0.014555151280662494, 0.014555151280662494, 0.014555151280662494, 0.014555151280662494, 0.014555151280662494, 0.014555151280662494, 0.014555151280662494, 0.014555151280662494, 0.014555151280662494, 0.014555151280662494, 0.014555151280662494, 0.014555151280662494, 0.014555151280662494, 0.014555151280662494, 0.014555151280662494, 0.014555151280662494, 0.014555151280662494, 0.014555151280662494, 0.014555151280662494, 0.014555151280662494, 0.014555151280662494, 0.014555151280662494, 0.014555151280662494, 0.014555151280662494, 0.014555151280662494, 0.014555151280662494, 0.014555151280662494, 0.014555151280662494, 0.014555151280662494, 0.014555151280662494, 0.014555151280662494, 0.014555151280662494, 0.014555151280662494, 0.014555151280662494, 0.014555151280662494, 0.014555151280662494, 0.014555151280662494, 0.014555151280662494, 0.014555151280662494, 0.014555151280662494, 0.014555151280662494, 0.014555151280662494, 0.014555151280662494, 0.014555151280662494, 0.014555151280662494, 0.014555151280662494, 0.014555151280662494, 0.014555151280662494, 0.014555151280662494, 0.014555151280662494, 0.014555151280662494, 0.014555151280662494, 0.014555151280662494, 0.014555151280662494, 0.014555151280662494, 0.014555151280662494, 0.014555151280662494, 0.014555151280662494, 0.014555151280662494, 0.014555151280662494, 0.014555151280662494, 0.014555151280662494, 0.014555151280662494, 0.014555151280662494, 0.014555151280662494, 0.014555151280662494, 0.014555151280662494, 0.014555151280662494, 0.014555151280662494, 0.014555151280662494, 0.014555151280662494, 0.014555151280662494, 0.014555151280662494, 0.014555151280662494, 0.014555151280662494, 0.014555151280662494, 0.014555151280662494, 0.014555151280662494, 0.014555151280662494, 0.014555151280662494, 0.014555151280662494, 0.014555151280662494, 0.014555151280662494, 0.014555151280662494, 0.014555151280662494, 0.014555151280662494, 0.014555151280662494, 0.014555151280662494, 0.014555151280662494, 0.014555151280662494, 0.014555151280662494, 0.014555151280662494, 0.014555151280662494, 0.014555151280662494, 0.014555151280662494, 0.014555151280662494, 0.014555151280662494, 0.014555151280662494, 0.014555151280662494],