{"draw_idx": 100, "draws": null, "_stats": [{"depth": [6, 8, 7, 5, 6, 8, 7, 7, 8, 4, 6, 7, 7, 7, 3, 8, 6, 7, 4, 4, 5, 8, 8, 7, 8, 8, 7, 7, 7, 7, 7, 7, 7, 8, 8, 4, 7, 5, 7, 6, 6, 7, 7, 6, 7, 8, 8, 8, 7, 8, 7, 7, 7, 8, 7, 7, 7, 6, 6, 7, 7, 7, 4, 6, 7, 8, 8, 7, 8, 6, 6, 7, 4, 6, 6, 7, 6, 5, 7, 7, 6, 4, 6, 5, 2, 8, 7, 7, 6, 8, 7, 8, 8, 5, 8, 7, 8, 8, 8, 7], "step_size": [0.030024897592720267, 0.030024897592720267, 0.030024897592720267, 0.030024897592720267, 0.030024897592720267, 0.030024897592720267, 0.030024897592720267, 0.030024897592720267, 0.030024897592720267, 0.030024897592720267, 0.030024897592720267, 0.030024897592720267, 0.030024897592720267, 0.030024897592720267, 0.030024897592720267, 0.030024897592720267, 0.030024897592720267, 0.030024897592720267, 0.030024897592720267, 0.030024897592720267, 0.030024897592720267, 0.030024897592720267, 0.030024897592720267, 0.030024897592720267, 0.030024897592720267, 0.030024897592720267, 0.030024897592720267, 0.030024897592720267, 0.030024897592720267, 0.030024897592720267, 0.030024897592720267, 0.030024897592720267, 0.030024897592720267, 0.030024897592720267, 0.030024897592720267, 0.030024897592720267, 0.030024897592720267, 0.030024897592720267, 0.030024897592720267, 0.030024897592720267, 0.030024897592720267, 0.030024897592720267, 0.030024897592720267, 0.030024897592720267, 0.030024897592720267, 0.030024897592720267, 0.030024897592720267, 0.030024897592720267, 0.030024897592720267, 0.030024897592720267, 0.030024897592720267, 0.030024897592720267, 0.030024897592720267, 0.030024897592720267, 0.030024897592720267, 0.030024897592720267, 0.030024897592720267, 0.030024897592720267, 0.030024897592720267, 0.030024897592720267, 0.030024897592720267, 0.030024897592720267, 0.030024897592720267, 0.030024897592720267, 0.030024897592720267, 0.030024897592720267, 0.030024897592720267, 0.030024897592720267, 0.030024897592720267, 0.030024897592720267, 0.030024897592720267, 0.030024897592720267, 0.030024897592720267, 0.030024897592720267, 0.030024897592720267, 0.030024897592720267, 0.030024897592720267, 0.030024897592720267, 0.030024897592720267, 0.030024897592720267, 0.030024897592720267, 0.030024897592720267, 0.030024897592720267, 0.030024897592720267, 0.030024897592720267, 0.030024897592720267, 0.030024897592720267, 0.030024897592720267, 0.030024897592720267, 0.030024897592720267, 0.030024897592720267, 0.030024897592720267, 0.030024897592720267, 0.030024897592720267, 0.030024897592720267, 0.030024897592720267, 0.030024897592720267, 0.030024897592720267, 0.030024897592720267, 0.030024897592720267], "tune": [true, false, false, false, false, false, false, false, false, false, false, false, false, false, false, false, false, false, false, false, false, false, false, false, false, false, false, false, false, false, false, false, false, false, false, false, false, false, false, false, false, false, false, false, false, false, false, false, false, false, false, false, false, false, false, false, false, false, false, false, false, false, false, false, false, false, false, false, false, false, false, false, false, false, false, false, false, false, false, false, false, false, false, false, false, false, false, false, false, false, false, false, false, false, false, false, false, false, false, false], "mean_tree_accept": [0.9970171794419157, 0.7228604776110521, 0.9884336468059961, 0.97529974473128, 0.970147966174202, 0.9935187569057461, 0.47939740396652314, 0.21938214105773246, 0.12112049584394072, 0.547888314689672, 0.2925858819966494, 0.7826448923143929, 0.985959939065676, 0.9925802230646978, 0.9694010199056431, 0.9099472008306576, 0.9644257487929989, 0.606910882173679, 0.9788939736323072, 1.0, 0.9620419887388951, 0.9996019349094681, 0.9775515892877786, 0.8025955334916902, 0.8486519816781987, 0.9960543407827154, 0.9024312611148848, 0.9932448441819632, 0.9850618244690927, 0.9987683201274699, 0.69850935858483, 0.9992947430403512, 0.7090000640704581, 0.09868974744422922, 0.7900061978554771, 0.7004847469827902, 0.9621377722838835, 0.9977166150204201, 0.9965197852747325, 0.9778060292403651, 0.7657579407166623, 0.8134839995491675, 0.6536195406771784, 0.5509610472959836, 0.9694230084122183, 0.23412293252772795, 0.9775684964149847, 0.301846375181931, 0.8416139670728409, 0.9994701672373039, 0.9989240919068538, 0.9984950015941348, 0.8602448635924962, 0.9961095815349664, 0.7682566221227138, 0.9999987926241765, 0.9324001382687455, 0.999771720834757, 0.996373722959373, 0.9996652690623713, 0.9989426005089732, 0.9846189021858639, 0.7963880915595712, 0.9998705603426812, 0.9996788457991401, 0.9755947143488481, 0.909068281325819, 0.14422730808850992, 0.9718181497726083, 0.9981193466757947, 0.9978567516401646, 0.9776072790758674, 0.9794082012749478, 0.9992981056486615, 0.9533647863306142, 0.9998733223524693, 0.9965694299411761, 0.9957398861102281, 0.9764523209156512, 0.9871639619330795, 0.9999929823535166, 0.9963849861300865, 0.8928265099905266, 0.8399327466973536, 1.0, 0.9947420786128662, 0.9768809467031548, 0.9956103531487807, 0.9976254150837027, 0.995723670793332, 0.9888488344320164, 0.8301892189180151, 0.9929548573288919, 0.9981180714613466, 0.9904691656921716, 0.9977242088653079, 0.9828840854940905, 0.8491341366060231, 0.09305291755345171, 0.9664119520728479], "step_size_bar": [0.01607667544877552, 0.01607667544877552, 0.01607667544877552, 0.01607667544877552, 0.01607667544877552, 0.01607667544877552, 0.01607667544877552, 0.01607667544877552, 0.01607667544877552, 0.01607667544877552, 0.01607667544877552, 0.01607667544877552, 0.01607667544877552, 0.01607667544877552, 0.01607667544877552, 0.01607667544877552, 0.01607667544877552, 0.01607667544877552, 0.01607667544877552, 0.01607667544877552, 0.01607667544877552, 0.01607667544877552, 0.01607667544877552, 0.01607667544877552, 0.01607667544877552, 0.01607667544877552, 0.01607667544877552, 0.01607667544877552, 0.01607667544877552, 0.01607667544877552, 0.01607667544877552, 0.01607667544877552, 0.01607667544877552, 0.01607667544877552, 0.01607667544877552, 0.01607667544877552, 0.01607667544877552, 0.01607667544877552, 0.01607667544877552, 0.01607667544877552, 0.01607667544877552, 0.01607667544877552, 0.01607667544877552, 0.01607667544877552, 0.01607667544877552, 0.01607667544877552, 0.01607667544877552, 0.01607667544877552, 0.01607667544877552, 0.01607667544877552, 0.01607667544877552, 0.01607667544877552, 0.01607667544877552, 0.01607667544877552, 0.01607667544877552, 0.01607667544877552, 0.01607667544877552, 0.01607667544877552, 0.01607667544877552, 0.01607667544877552, 0.01607667544877552, 0.01607667544877552, 0.01607667544877552, 0.01607667544877552, 0.01607667544877552, 0.01607667544877552, 0.01607667544877552, 0.01607667544877552, 0.01607667544877552, 0.01607667544877552, 0.01607667544877552, 0.01607667544877552, 0.01607667544877552, 0.01607667544877552, 0.01607667544877552, 0.01607667544877552, 0.01607667544877552, 0.01607667544877552, 0.01607667544877552, 0.01607667544877552, 0.01607667544877552, 0.01607667544877552, 0.01607667544877552, 0.01607667544877552, 0.01607667544877552, 0.01607667544877552, 0.01607667544877552, 0.01607667544877552, 0.01607667544877552, 0.01607667544877552, 0.01607667544877552, 0.01607667544877552, 0.01607667544877552, 0.01607667544877552, 0.01607667544877552, 0.01607667544877552, 0.01607667544877552, 0.01607667544877552, 0.01607667544877552, 0.01607667544877552],