{"draw_idx": 100, "draws": null, "_stats": [{"depth": [8, 8, 8, 8, 8, 8, 7, 8, 8, 8, 8, 8, 8, 8, 7, 6, 8, 8, 8, 6, 6, 8, 7, 8, 7, 7, 8, 8, 8, 8, 8, 7, 7, 7, 8, 7, 8, 8, 8, 8, 7, 8, 8, 7, 6, 8, 8, 8, 7, 8, 8, 8, 8, 8, 8, 8, 8, 7, 7, 7, 8, 6, 7, 8, 8, 8, 8, 4, 8, 8, 8, 8, 8, 7, 8, 8, 8, 8, 8, 5, 5, 8, 6, 8, 8, 8, 8, 7, 8, 8, 8, 8, 8, 6, 7, 9, 6, 7, 4, 5], "step_size": [0.010436351284442733, 0.010436351284442733, 0.010436351284442733, 0.010436351284442733, 0.010436351284442733, 0.010436351284442733, 0.010436351284442733, 0.010436351284442733, 0.010436351284442733, 0.010436351284442733, 0.010436351284442733, 0.010436351284442733, 0.010436351284442733, 0.010436351284442733, 0.010436351284442733, 0.010436351284442733, 0.010436351284442733, 0.010436351284442733, 0.010436351284442733, 0.010436351284442733, 0.010436351284442733, 0.010436351284442733, 0.010436351284442733, 0.010436351284442733, 0.010436351284442733, 0.010436351284442733, 0.010436351284442733, 0.010436351284442733, 0.010436351284442733, 0.010436351284442733, 0.010436351284442733, 0.010436351284442733, 0.010436351284442733, 0.010436351284442733, 0.010436351284442733, 0.010436351284442733, 0.010436351284442733, 0.010436351284442733, 0.010436351284442733, 0.010436351284442733, 0.010436351284442733, 0.010436351284442733, 0.010436351284442733, 0.010436351284442733, 0.010436351284442733, 0.010436351284442733, 0.010436351284442733, 0.010436351284442733, 0.010436351284442733, 0.010436351284442733, 0.010436351284442733, 0.010436351284442733, 0.010436351284442733, 0.010436351284442733, 0.010436351284442733, 0.010436351284442733, 0.010436351284442733, 0.010436351284442733, 0.010436351284442733, 0.010436351284442733, 0.010436351284442733, 0.010436351284442733, 0.010436351284442733, 0.010436351284442733, 0.010436351284442733, 0.010436351284442733, 0.010436351284442733, 0.010436351284442733, 0.010436351284442733, 0.010436351284442733, 0.010436351284442733, 0.010436351284442733, 0.010436351284442733, 0.010436351284442733, 0.010436351284442733, 0.010436351284442733, 0.010436351284442733, 0.010436351284442733, 0.010436351284442733, 0.010436351284442733, 0.010436351284442733, 0.010436351284442733, 0.010436351284442733, 0.010436351284442733, 0.010436351284442733, 0.010436351284442733, 0.010436351284442733, 0.010436351284442733, 0.010436351284442733, 0.010436351284442733, 0.010436351284442733, 0.010436351284442733, 0.010436351284442733, 0.010436351284442733, 0.010436351284442733, 0.010436351284442733, 0.010436351284442733, 0.010436351284442733, 0.010436351284442733, 0.010436351284442733], "tune": [true, false, false, false, false, false, false, false, false, false, false, false, false, false, false, false, false, false, false, false, false, false, false, false, false, false, false, false, false, false, false, false, false, false, false, false, false, false, false, false, false, false, false, false, false, false, false, false, false, false, false, false, false, false, false, false, false, false, false, false, false, false, false, false, false, false, false, false, false, false, false, false, false, false, false, false, false, false, false, false, false, false, false, false, false, false, false, false, false, false, false, false, false, false, false, false, false, false, false, false], "mean_tree_accept": [0.999944668105172, 0.9091792338387894, 0.9870509307862937, 0.9987442616094521, 0.9994345162998199, 0.9407764828351185, 0.999033008147316, 0.9975970425892591, 0.998013301297214, 0.9963600816145977, 0.7790123088705944, 0.9871023360990235, 0.9321574408988657, 0.9242632721535418, 0.9821752721268863, 0.980761567382142, 0.9656570622499092, 0.9833309286494301, 0.990796930508076, 0.9605402358535873, 0.9995128111883684, 0.9992502651840429, 0.9981652992928604, 0.9905466142732244, 0.9950340844730935, 0.9969900927828138, 0.9978458244055223, 0.9946805194982596, 0.9955128130873818, 0.9988676528035972, 0.9845886890109377, 0.9989035504678635, 0.9541550001463149, 0.7017539816043366, 0.9996387208587244, 0.9960556879612188, 0.9994933159850363, 0.9987408974778585, 0.9984567259436443, 0.9924829964664306, 0.9936887915229193, 0.9833724495637646, 0.9929343567330953, 0.822724241908824, 0.9950842600150395, 0.9993260352278637, 0.9976319640781356, 0.9271375658326609, 0.9598752967798213, 0.9998112275789764, 0.9990226250201596, 0.989127104977569, 0.9978303455289843, 0.9992103774558997, 0.9758501631295043, 0.2757425625215335, 0.9119277847555737, 0.9983796823011256, 0.9999977310910758, 0.9999937926269958, 0.9993620064076458, 0.9997945957649896, 0.9981924007769349, 0.9701671787104234, 0.9986235626929831, 0.7679794639832537, 0.9703900568173316, 0.9838937091217471, 0.9848768258929139, 0.9894729640546667, 0.9992085107667366, 0.9852052358001597, 0.9947377361357151, 0.9826102491477794, 0.9937818506490785, 0.9900333652689679, 0.9945318153924696, 0.9340731092573151, 0.9966556757492602, 0.9998686733215858, 0.907484176115512, 0.7863503974437728, 0.9984796385220444, 0.9872218048922402, 0.997490273108316, 0.9950631134158197, 0.9873963027964303, 0.9999902534817614, 0.9175551901705157, 0.9951156809254894, 0.9937090575490312, 0.9989016244633706, 0.9441136878016818, 0.41440469924145146, 0.9998819467670597, 0.9995610650693539, 0.0972271201135985, 0.048338024685088014, 0.44902000279249604, 0.587435769294204], "step_size_bar": [0.010216841464494043, 0.010216841464494043, 0.010216841464494043, 0.010216841464494043, 0.010216841464494043, 0.010216841464494043, 0.010216841464494043, 0.010216841464494043, 0.010216841464494043, 0.010216841464494043, 0.010216841464494043, 0.010216841464494043, 0.010216841464494043, 0.010216841464494043, 0.010216841464494043, 0.010216841464494043, 0.010216841464494043, 0.010216841464494043, 0.010216841464494043, 0.010216841464494043, 0.010216841464494043, 0.010216841464494043, 0.010216841464494043, 0.010216841464494043, 0.010216841464494043, 0.010216841464494043, 0.010216841464494043, 0.010216841464494043, 0.010216841464494043, 0.010216841464494043, 0.010216841464494043, 0.010216841464494043, 0.010216841464494043, 0.010216841464494043, 0.010216841464494043, 0.010216841464494043, 0.010216841464494043, 0.010216841464494043, 0.010216841464494043, 0.010216841464494043, 0.010216841464494043, 0.010216841464494043, 0.010216841464494043, 0.010216841464494043, 0.010216841464494043, 0.010216841464494043, 0.010216841464494043, 0.010216841464494043, 0.010216841464494043, 0.010216841464494043, 0.010216841464494043, 0.010216841464494043, 0.010216841464494043, 0.010216841464494043, 0.010216841464494043, 0.010216841464494043, 0.010216841464494043, 0.010216841464494043, 0.010216841464494043, 0.010216841464494043, 0.010216841464494043, 0.010216841464494043, 0.010216841464494043, 0.010216841464494043, 0.010216841464494043, 0.010216841464494043, 0.010216841464494043, 0.010216841464494043, 0.010216841464494043, 0.010216841464494043, 0.010216841464494043, 0.010216841464494043, 0.010216841464494043, 0.010216841464494043, 0.010216841464494043, 0.010216841464494043, 0.010216841464494043, 0.010216841464494043, 0.010216841464494043, 0.010216841464494043, 0.010216841464494043, 0.010216841464494043, 0.010216841464494043, 0.010216841464494043, 0.010216841464494043, 0.010216841464494043, 0.010216841464494043, 0.010216841464494043, 0.010216841464494043, 0.010216841464494043, 0.010216841464494043, 0.010216841464494043, 0.010216841464494043, 0.010216841464494043, 0.010216841464494043, 0.010216841464494043, 0.010216841464494043, 0.010216841464494043, 0.010216841464494043, 0.010216841464494043],