{"draw_idx": 100, "draws": null, "_stats": [{"depth": [5, 7, 8, 9, 10, 9, 9, 9, 9, 8, 10, 8, 8, 9, 6, 9, 9, 9, 10, 8, 10, 9, 9, 8, 9, 10, 10, 9, 8, 9, 8, 9, 10, 9, 9, 9, 2, 9, 9, 8, 10, 6, 8, 7, 6, 7, 2, 6, 7, 6, 9, 4, 8, 8, 9, 8, 9, 10, 7, 8, 9, 9, 9, 9, 9, 8, 9, 9, 9, 9, 9, 10, 9, 9, 8, 6, 7, 9, 8, 9, 6, 9, 5, 6, 10, 7, 8, 8, 8, 8, 8, 8, 5, 8, 9, 8, 9, 9, 7, 9], "step_size": [0.013610184259410817, 0.013610184259410817, 0.013610184259410817, 0.013610184259410817, 0.013610184259410817, 0.013610184259410817, 0.013610184259410817, 0.013610184259410817, 0.013610184259410817, 0.013610184259410817, 0.013610184259410817, 0.013610184259410817, 0.013610184259410817, 0.013610184259410817, 0.013610184259410817, 0.013610184259410817, 0.013610184259410817, 0.013610184259410817, 0.013610184259410817, 0.013610184259410817, 0.013610184259410817, 0.013610184259410817, 0.013610184259410817, 0.013610184259410817, 0.013610184259410817, 0.013610184259410817, 0.013610184259410817, 0.013610184259410817, 0.013610184259410817, 0.013610184259410817, 0.013610184259410817, 0.013610184259410817, 0.013610184259410817, 0.013610184259410817, 0.013610184259410817, 0.013610184259410817, 0.013610184259410817, 0.013610184259410817, 0.013610184259410817, 0.013610184259410817, 0.013610184259410817, 0.013610184259410817, 0.013610184259410817, 0.013610184259410817, 0.013610184259410817, 0.013610184259410817, 0.013610184259410817, 0.013610184259410817, 0.013610184259410817, 0.013610184259410817, 0.013610184259410817, 0.013610184259410817, 0.013610184259410817, 0.013610184259410817, 0.013610184259410817, 0.013610184259410817, 0.013610184259410817, 0.013610184259410817, 0.013610184259410817, 0.013610184259410817, 0.013610184259410817, 0.013610184259410817, 0.013610184259410817, 0.013610184259410817, 0.013610184259410817, 0.013610184259410817, 0.013610184259410817, 0.013610184259410817, 0.013610184259410817, 0.013610184259410817, 0.013610184259410817, 0.013610184259410817, 0.013610184259410817, 0.013610184259410817, 0.013610184259410817, 0.013610184259410817, 0.013610184259410817, 0.013610184259410817, 0.013610184259410817, 0.013610184259410817, 0.013610184259410817, 0.013610184259410817, 0.013610184259410817, 0.013610184259410817, 0.013610184259410817, 0.013610184259410817, 0.013610184259410817, 0.013610184259410817, 0.013610184259410817, 0.013610184259410817, 0.013610184259410817, 0.013610184259410817, 0.013610184259410817, 0.013610184259410817, 0.013610184259410817, 0.013610184259410817, 0.013610184259410817, 0.013610184259410817, 0.013610184259410817, 0.013610184259410817], "tune": [true, false, false, false, false, false, false, false, false, false, false, false, false, false, false, false, false, false, false, false, false, false, false, false, false, false, false, false, false, false, false, false, false, false, false, false, false, false, false, false, false, false, false, false, false, false, false, false, false, false, false, false, false, false, false, false, false, false, false, false, false, false, false, false, false, false, false, false, false, false, false, false, false, false, false, false, false, false, false, false, false, false, false, false, false, false, false, false, false, false, false, false, false, false, false, false, false, false, false, false], "mean_tree_accept": [0.9754649074011111, 1.0, 0.9990939809447004, 0.9440432013482453, 0.9968627544668776, 0.9777779519953433, 0.9929024252200317, 0.9848860132479993, 0.9851880888536508, 0.9155477552208677, 0.9990030788600339, 0.9759408303264858, 0.9655618017289935, 0.9965142725506564, 1.0, 0.9973581099353507, 0.9992495090901992, 0.9596430762065491, 0.9909657668336254, 0.9885001631469172, 0.9972471828213205, 0.9965355545666913, 0.9471439057024004, 0.9975090560796307, 0.6783479175913545, 0.9180214196130982, 0.9999371350369792, 0.9951681450655707, 0.9997420625369727, 0.9869415066951078, 0.9567041364704674, 0.9922910039838168, 0.9384007928854857, 0.9968280658937452, 0.9938934232732171, 0.9919503618771126, 0.7221097461997292, 0.4487795811254487, 0.9506884193016872, 0.8382550591061706, 0.9227725652606895, 0.8997452522333512, 0.923004584143473, 0.9789070041440543, 0.9423774827726858, 0.9932405469849076, 0.9856342819222679, 0.9941618403482403, 0.992042582236855, 0.9719636963044204, 0.9985936988671095, 0.9995774746819613, 0.9322280431616686, 0.999005986438159, 0.8826982014453179, 0.9965337341240075, 0.9998136397295327, 0.9913832113105332, 0.9969581676209337, 0.9943649918154088, 0.995201520332284, 0.9985293995074114, 0.9942475907764272, 0.9806316271249852, 0.99425911867961, 0.9989899309959396, 0.9948508693893756, 0.9888660634178184, 0.8913598434261496, 0.998864838326111, 0.8781485595976225, 0.75759953640357, 0.9958845194344305, 0.9970131065344671, 0.9911789539216551, 0.9898229637353247, 0.9886216545378184, 0.9179283386422817, 0.9978788353070704, 0.9273601151882582, 0.9886958857958211, 0.7034885536644346, 0.9999376541255818, 0.9902470943435664, 0.9695130112201589, 0.9986621322962687, 0.9911594957786767, 0.9999972485289625, 0.9651953564629329, 0.7954760556624009, 0.9953740568201308, 0.994135897254586, 0.9732747862366651, 0.9912558926043654, 0.999734943960469, 0.7824957286054236, 0.8655921819630603, 0.9927189016940878, 0.996563731390073, 0.9554104800078155], "step_size_bar": [0.009412106322585923, 0.009412106322585923, 0.009412106322585923, 0.009412106322585923, 0.009412106322585923, 0.009412106322585923, 0.009412106322585923, 0.009412106322585923, 0.009412106322585923, 0.009412106322585923, 0.009412106322585923, 0.009412106322585923, 0.009412106322585923, 0.009412106322585923, 0.009412106322585923, 0.009412106322585923, 0.009412106322585923, 0.009412106322585923, 0.009412106322585923, 0.009412106322585923, 0.009412106322585923, 0.009412106322585923, 0.009412106322585923, 0.009412106322585923, 0.009412106322585923, 0.009412106322585923, 0.009412106322585923, 0.009412106322585923, 0.009412106322585923, 0.009412106322585923, 0.009412106322585923, 0.009412106322585923, 0.009412106322585923, 0.009412106322585923, 0.009412106322585923, 0.009412106322585923, 0.009412106322585923, 0.009412106322585923, 0.009412106322585923, 0.009412106322585923, 0.009412106322585923, 0.009412106322585923, 0.009412106322585923, 0.009412106322585923, 0.009412106322585923, 0.009412106322585923, 0.009412106322585923, 0.009412106322585923, 0.009412106322585923, 0.009412106322585923, 0.009412106322585923, 0.009412106322585923, 0.009412106322585923, 0.009412106322585923, 0.009412106322585923, 0.009412106322585923, 0.009412106322585923, 0.009412106322585923, 0.009412106322585923, 0.009412106322585923, 0.009412106322585923, 0.009412106322585923, 0.009412106322585923, 0.009412106322585923, 0.009412106322585923, 0.009412106322585923, 0.009412106322585923, 0.009412106322585923, 0.009412106322585923, 0.009412106322585923, 0.009412106322585923, 0.009412106322585923, 0.009412106322585923, 0.009412106322585923, 0.009412106322585923, 0.009412106322585923, 0.009412106322585923, 0.009412106322585923, 0.009412106322585923, 0.009412106322585923, 0.009412106322585923, 0.009412106322585923, 0.009412106322585923, 0.009412106322585923, 0.009412106322585923, 0.009412106322585923, 0.009412106322585923, 0.009412106322585923, 0.009412106322585923, 0.009412106322585923, 0.009412106322585923, 0.009412106322585923, 0.009412106322585923, 0.009412106322585923, 0.009412106322585923, 0.009412106322585923, 0.009412106322585923, 0.009412106322585923, 0.009412106322585923, 0.009412106322585923],