{"draw_idx": 100, "draws": null, "_stats": [{"depth": [8, 6, 7, 6, 9, 8, 6, 7, 8, 8, 8, 8, 8, 8, 6, 8, 8, 8, 7, 8, 7, 6, 8, 8, 8, 7, 8, 8, 8, 7, 7, 9, 9, 9, 7, 7, 8, 8, 5, 8, 8, 8, 8, 2, 8, 8, 7, 8, 8, 7, 8, 8, 8, 7, 7, 7, 7, 7, 8, 8, 7, 5, 8, 8, 8, 8, 7, 7, 7, 9, 8, 8, 4, 8, 8, 8, 7, 8, 8, 7, 8, 8, 9, 8, 8, 8, 7, 7, 8, 4, 8, 8, 6, 8, 8, 8, 8, 7, 8, 7], "step_size": [0.011716907675200365, 0.011716907675200365, 0.011716907675200365, 0.011716907675200365, 0.011716907675200365, 0.011716907675200365, 0.011716907675200365, 0.011716907675200365, 0.011716907675200365, 0.011716907675200365, 0.011716907675200365, 0.011716907675200365, 0.011716907675200365, 0.011716907675200365, 0.011716907675200365, 0.011716907675200365, 0.011716907675200365, 0.011716907675200365, 0.011716907675200365, 0.011716907675200365, 0.011716907675200365, 0.011716907675200365, 0.011716907675200365, 0.011716907675200365, 0.011716907675200365, 0.011716907675200365, 0.011716907675200365, 0.011716907675200365, 0.011716907675200365, 0.011716907675200365, 0.011716907675200365, 0.011716907675200365, 0.011716907675200365, 0.011716907675200365, 0.011716907675200365, 0.011716907675200365, 0.011716907675200365, 0.011716907675200365, 0.011716907675200365, 0.011716907675200365, 0.011716907675200365, 0.011716907675200365, 0.011716907675200365, 0.011716907675200365, 0.011716907675200365, 0.011716907675200365, 0.011716907675200365, 0.011716907675200365, 0.011716907675200365, 0.011716907675200365, 0.011716907675200365, 0.011716907675200365, 0.011716907675200365, 0.011716907675200365, 0.011716907675200365, 0.011716907675200365, 0.011716907675200365, 0.011716907675200365, 0.011716907675200365, 0.011716907675200365, 0.011716907675200365, 0.011716907675200365, 0.011716907675200365, 0.011716907675200365, 0.011716907675200365, 0.011716907675200365, 0.011716907675200365, 0.011716907675200365, 0.011716907675200365, 0.011716907675200365, 0.011716907675200365, 0.011716907675200365, 0.011716907675200365, 0.011716907675200365, 0.011716907675200365, 0.011716907675200365, 0.011716907675200365, 0.011716907675200365, 0.011716907675200365, 0.011716907675200365, 0.011716907675200365, 0.011716907675200365, 0.011716907675200365, 0.011716907675200365, 0.011716907675200365, 0.011716907675200365, 0.011716907675200365, 0.011716907675200365, 0.011716907675200365, 0.011716907675200365, 0.011716907675200365, 0.011716907675200365, 0.011716907675200365, 0.011716907675200365, 0.011716907675200365, 0.011716907675200365, 0.011716907675200365, 0.011716907675200365, 0.011716907675200365, 0.011716907675200365], "tune": [true, false, false, false, false, false, false, false, false, false, false, false, false, false, false, false, false, false, false, false, false, false, false, false, false, false, false, false, false, false, false, false, false, false, false, false, false, false, false, false, false, false, false, false, false, false, false, false, false, false, false, false, false, false, false, false, false, false, false, false, false, false, false, false, false, false, false, false, false, false, false, false, false, false, false, false, false, false, false, false, false, false, false, false, false, false, false, false, false, false, false, false, false, false, false, false, false, false, false, false], "mean_tree_accept": [0.8879656433618839, 0.6392343583370241, 0.32500773483813306, 0.33228032482190895, 0.9785824282813194, 0.935860091115098, 0.11543958527220799, 0.15534752542846345, 0.9994920385376284, 0.831934857387133, 0.9950177424692362, 0.9915419362319198, 0.9698988501369243, 0.9878193956022011, 0.9784990629565526, 0.8880400954455846, 0.9765375797920217, 0.9992236639822828, 0.9991584436061304, 0.9994668124349286, 0.983874658880447, 0.9702257919061085, 0.9983955890429691, 0.9627163681606066, 0.9814225398347485, 0.9992814571760199, 0.9006415004281543, 0.992547416550287, 0.9122419077522872, 0.9995972099645198, 0.9316100030817028, 0.8163665172825186, 0.9992131782667025, 0.9997810803889279, 0.9809489302198592, 0.9305262602160981, 0.9411952584168444, 0.9829387427113867, 0.9463759435846738, 0.9992284181692406, 0.9998712861974096, 0.990768255079894, 0.5537465627599015, 1.0, 0.9200143884056194, 0.9781769297591911, 0.9636910541586269, 0.9796073348736044, 0.9997410025119867, 0.993368405614179, 0.7384569521755981, 0.9039761779139772, 0.6658802261972078, 0.997642847516245, 0.9115030057778388, 0.964337605387852, 0.9999624172286711, 0.999425387684103, 0.9997796404933795, 0.9978203957428137, 0.9999987917549843, 0.8669433755180648, 0.7468804354482068, 0.9888200009127824, 0.9942415415848196, 0.9997404259904472, 0.9997293494488735, 0.9968111955676051, 0.9999831179242952, 0.9961447393593631, 0.9407108456377812, 0.9809994619820626, 0.9566246434906077, 1.0, 0.9956349239577723, 0.7795269961394027, 0.9977248756353112, 0.9900179759739777, 0.9913501764063697, 0.9974342442417825, 0.9819695049045921, 0.9924867096223222, 0.9902059734238038, 0.9783335059913106, 0.9292490847806051, 0.9948099554050233, 0.9982458228917211, 0.9997618739068791, 0.9327770721986877, 0.9117301222554405, 0.9651942070236101, 0.9988503414545574, 0.9464833498538183, 0.9963168135842083, 0.9978013877298451, 0.9196471864533641, 0.7189140361299732, 0.8920017855656732, 0.9999232656745279, 0.9706139506403295], "step_size_bar": [0.01190530884589144, 0.01190530884589144, 0.01190530884589144, 0.01190530884589144, 0.01190530884589144, 0.01190530884589144, 0.01190530884589144, 0.01190530884589144, 0.01190530884589144, 0.01190530884589144, 0.01190530884589144, 0.01190530884589144, 0.01190530884589144, 0.01190530884589144, 0.01190530884589144, 0.01190530884589144, 0.01190530884589144, 0.01190530884589144, 0.01190530884589144, 0.01190530884589144, 0.01190530884589144, 0.01190530884589144, 0.01190530884589144, 0.01190530884589144, 0.01190530884589144, 0.01190530884589144, 0.01190530884589144, 0.01190530884589144, 0.01190530884589144, 0.01190530884589144, 0.01190530884589144, 0.01190530884589144, 0.01190530884589144, 0.01190530884589144, 0.01190530884589144, 0.01190530884589144, 0.01190530884589144, 0.01190530884589144, 0.01190530884589144, 0.01190530884589144, 0.01190530884589144, 0.01190530884589144, 0.01190530884589144, 0.01190530884589144, 0.01190530884589144, 0.01190530884589144, 0.01190530884589144, 0.01190530884589144, 0.01190530884589144, 0.01190530884589144, 0.01190530884589144, 0.01190530884589144, 0.01190530884589144, 0.01190530884589144, 0.01190530884589144, 0.01190530884589144, 0.01190530884589144, 0.01190530884589144, 0.01190530884589144, 0.01190530884589144, 0.01190530884589144, 0.01190530884589144, 0.01190530884589144, 0.01190530884589144, 0.01190530884589144, 0.01190530884589144, 0.01190530884589144, 0.01190530884589144, 0.01190530884589144, 0.01190530884589144, 0.01190530884589144, 0.01190530884589144, 0.01190530884589144, 0.01190530884589144, 0.01190530884589144, 0.01190530884589144, 0.01190530884589144, 0.01190530884589144, 0.01190530884589144, 0.01190530884589144, 0.01190530884589144, 0.01190530884589144, 0.01190530884589144, 0.01190530884589144, 0.01190530884589144, 0.01190530884589144, 0.01190530884589144, 0.01190530884589144, 0.01190530884589144, 0.01190530884589144, 0.01190530884589144, 0.01190530884589144, 0.01190530884589144, 0.01190530884589144, 0.01190530884589144, 0.01190530884589144, 0.01190530884589144, 0.01190530884589144, 0.01190530884589144, 0.01190530884589144],