{"draw_idx": 100, "draws": null, "_stats": [{"depth": [7, 7, 4, 8, 7, 7, 7, 6, 5, 6, 7, 7, 7, 6, 7, 7, 5, 6, 7, 7, 7, 7, 7, 7, 5, 6, 7, 7, 7, 7, 7, 7, 6, 7, 7, 7, 7, 6, 7, 6, 5, 6, 7, 7, 7, 7, 7, 7, 7, 7, 6, 7, 7, 8, 7, 7, 7, 7, 7, 6, 7, 8, 7, 7, 7, 6, 7, 6, 7, 6, 6, 6, 7, 7, 8, 7, 6, 7, 6, 7, 8, 7, 7, 6, 8, 7, 7, 7, 7, 7, 7, 7, 7, 4, 7, 7, 7, 7, 6, 6], "step_size": [0.006852854040254783, 0.006852854040254783, 0.006852854040254783, 0.006852854040254783, 0.006852854040254783, 0.006852854040254783, 0.006852854040254783, 0.006852854040254783, 0.006852854040254783, 0.006852854040254783, 0.006852854040254783, 0.006852854040254783, 0.006852854040254783, 0.006852854040254783, 0.006852854040254783, 0.006852854040254783, 0.006852854040254783, 0.006852854040254783, 0.006852854040254783, 0.006852854040254783, 0.006852854040254783, 0.006852854040254783, 0.006852854040254783, 0.006852854040254783, 0.006852854040254783, 0.006852854040254783, 0.006852854040254783, 0.006852854040254783, 0.006852854040254783, 0.006852854040254783, 0.006852854040254783, 0.006852854040254783, 0.006852854040254783, 0.006852854040254783, 0.006852854040254783, 0.006852854040254783, 0.006852854040254783, 0.006852854040254783, 0.006852854040254783, 0.006852854040254783, 0.006852854040254783, 0.006852854040254783, 0.006852854040254783, 0.006852854040254783, 0.006852854040254783, 0.006852854040254783, 0.006852854040254783, 0.006852854040254783, 0.006852854040254783, 0.006852854040254783, 0.006852854040254783, 0.006852854040254783, 0.006852854040254783, 0.006852854040254783, 0.006852854040254783, 0.006852854040254783, 0.006852854040254783, 0.006852854040254783, 0.006852854040254783, 0.006852854040254783, 0.006852854040254783, 0.006852854040254783, 0.006852854040254783, 0.006852854040254783, 0.006852854040254783, 0.006852854040254783, 0.006852854040254783, 0.006852854040254783, 0.006852854040254783, 0.006852854040254783, 0.006852854040254783, 0.006852854040254783, 0.006852854040254783, 0.006852854040254783, 0.006852854040254783, 0.006852854040254783, 0.006852854040254783, 0.006852854040254783, 0.006852854040254783, 0.006852854040254783, 0.006852854040254783, 0.006852854040254783, 0.006852854040254783, 0.006852854040254783, 0.006852854040254783, 0.006852854040254783, 0.006852854040254783, 0.006852854040254783, 0.006852854040254783, 0.006852854040254783, 0.006852854040254783, 0.006852854040254783, 0.006852854040254783, 0.006852854040254783, 0.006852854040254783, 0.006852854040254783, 0.006852854040254783, 0.006852854040254783, 0.006852854040254783, 0.006852854040254783], "tune": [true, false, false, false, false, false, false, false, false, false, false, false, false, false, false, false, false, false, false, false, false, false, false, false, false, false, false, false, false, false, false, false, false, false, false, false, false, false, false, false, false, false, false, false, false, false, false, false, false, false, false, false, false, false, false, false, false, false, false, false, false, false, false, false, false, false, false, false, false, false, false, false, false, false, false, false, false, false, false, false, false, false, false, false, false, false, false, false, false, false, false, false, false, false, false, false, false, false, false, false], "mean_tree_accept": [0.5435483542703796, 0.5520679695108826, 0.9546664048872894, 0.999275586071205, 0.987522844946146, 0.984272588871852, 0.6987745635749586, 0.6958644811144794, 0.9962685706620732, 0.9985902483718937, 0.9986275875276818, 0.9130194852515642, 0.9908987732696227, 0.988046207648763, 0.9998574642921035, 0.6905096862070979, 0.9999344158763874, 0.9786459737492119, 0.7398384625841555, 0.7049818591006618, 0.9917075467169549, 0.9984079461527853, 0.9747291290663669, 0.999282093506071, 0.9818717027838246, 0.9627194049877252, 0.9727267122625526, 0.9868254835899961, 0.8747774639076891, 0.997217704065409, 0.9459402149470219, 0.9972651734002249, 0.9208376627127187, 0.9996868479986286, 0.9921535059325367, 0.9926253833175259, 0.9986838482076954, 0.9849420200908963, 0.9969103872201012, 0.9945393759317578, 0.9956956010091551, 0.9999241274198611, 0.838440439243646, 0.924647866021594, 0.915622449432413, 0.9773846413148013, 0.969836138713084, 0.9198546511027442, 0.9995868642689905, 0.9995171237930902, 0.9349331457884976, 0.5019323126173721, 0.9836987341753775, 0.9635459542474515, 0.9834572731984592, 0.9992853840272292, 0.9971325845005399, 0.9869292162934021, 0.9340744661903668, 0.9990354182135653, 0.9859770432181894, 0.9789699138238386, 1.0, 0.9962328178351525, 0.963226247306634, 0.999704633387129, 0.9983009492793381, 0.9111532144574072, 0.9993001385020753, 0.9932557323785509, 0.9814183739215349, 0.9942846676796552, 0.9980651071090376, 0.9963410085252415, 0.9732421753599317, 0.8856045884193268, 0.9931336956291171, 0.9992176190881381, 0.9990435914938445, 0.9847431782087116, 0.9970184251764976, 0.9941932263434154, 0.9381565875969168, 0.9904877138537965, 0.9426663401528748, 0.999126124037568, 0.9675408958711845, 0.9845366677132209, 0.9879291125729672, 0.9822835684886955, 0.9912466147759363, 0.9926245372193152, 0.9577541005136342, 0.9642443911196927, 0.9998755762711667, 0.995099072648264, 0.9067422267244967, 0.9986284397777472, 0.8805009748491911, 0.979790299241545], "step_size_bar": [0.016079473161892135, 0.016079473161892135, 0.016079473161892135, 0.016079473161892135, 0.016079473161892135, 0.016079473161892135, 0.016079473161892135, 0.016079473161892135, 0.016079473161892135, 0.016079473161892135, 0.016079473161892135, 0.016079473161892135, 0.016079473161892135, 0.016079473161892135, 0.016079473161892135, 0.016079473161892135, 0.016079473161892135, 0.016079473161892135, 0.016079473161892135, 0.016079473161892135, 0.016079473161892135, 0.016079473161892135, 0.016079473161892135, 0.016079473161892135, 0.016079473161892135, 0.016079473161892135, 0.016079473161892135, 0.016079473161892135, 0.016079473161892135, 0.016079473161892135, 0.016079473161892135, 0.016079473161892135, 0.016079473161892135, 0.016079473161892135, 0.016079473161892135, 0.016079473161892135, 0.016079473161892135, 0.016079473161892135, 0.016079473161892135, 0.016079473161892135, 0.016079473161892135, 0.016079473161892135, 0.016079473161892135, 0.016079473161892135, 0.016079473161892135, 0.016079473161892135, 0.016079473161892135, 0.016079473161892135, 0.016079473161892135, 0.016079473161892135, 0.016079473161892135, 0.016079473161892135, 0.016079473161892135, 0.016079473161892135, 0.016079473161892135, 0.016079473161892135, 0.016079473161892135, 0.016079473161892135, 0.016079473161892135, 0.016079473161892135, 0.016079473161892135, 0.016079473161892135, 0.016079473161892135, 0.016079473161892135, 0.016079473161892135, 0.016079473161892135, 0.016079473161892135, 0.016079473161892135, 0.016079473161892135, 0.016079473161892135, 0.016079473161892135, 0.016079473161892135, 0.016079473161892135, 0.016079473161892135, 0.016079473161892135, 0.016079473161892135, 0.016079473161892135, 0.016079473161892135, 0.016079473161892135, 0.016079473161892135, 0.016079473161892135, 0.016079473161892135, 0.016079473161892135, 0.016079473161892135, 0.016079473161892135, 0.016079473161892135, 0.016079473161892135, 0.016079473161892135, 0.016079473161892135, 0.016079473161892135, 0.016079473161892135, 0.016079473161892135, 0.016079473161892135, 0.016079473161892135, 0.016079473161892135, 0.016079473161892135, 0.016079473161892135, 0.016079473161892135, 0.016079473161892135, 0.016079473161892135],