{"draw_idx": 100, "draws": null, "_stats": [{"depth": [8, 7, 8, 8, 8, 7, 8, 5, 5, 8, 8, 7, 8, 7, 7, 5, 8, 8, 8, 8, 6, 8, 7, 6, 7, 8, 6, 8, 6, 8, 7, 7, 7, 8, 8, 4, 4, 7, 8, 8, 8, 8, 6, 6, 8, 7, 8, 7, 7, 8, 7, 8, 7, 8, 7, 7, 8, 8, 7, 8, 8, 5, 8, 8, 8, 8, 8, 8, 7, 8, 4, 8, 8, 8, 8, 7, 7, 5, 7, 8, 8, 7, 8, 6, 4, 7, 8, 5, 8, 8, 5, 6, 8, 8, 6, 7, 6, 7, 8, 8], "step_size": [0.009521556957141, 0.009521556957141, 0.009521556957141, 0.009521556957141, 0.009521556957141, 0.009521556957141, 0.009521556957141, 0.009521556957141, 0.009521556957141, 0.009521556957141, 0.009521556957141, 0.009521556957141, 0.009521556957141, 0.009521556957141, 0.009521556957141, 0.009521556957141, 0.009521556957141, 0.009521556957141, 0.009521556957141, 0.009521556957141, 0.009521556957141, 0.009521556957141, 0.009521556957141, 0.009521556957141, 0.009521556957141, 0.009521556957141, 0.009521556957141, 0.009521556957141, 0.009521556957141, 0.009521556957141, 0.009521556957141, 0.009521556957141, 0.009521556957141, 0.009521556957141, 0.009521556957141, 0.009521556957141, 0.009521556957141, 0.009521556957141, 0.009521556957141, 0.009521556957141, 0.009521556957141, 0.009521556957141, 0.009521556957141, 0.009521556957141, 0.009521556957141, 0.009521556957141, 0.009521556957141, 0.009521556957141, 0.009521556957141, 0.009521556957141, 0.009521556957141, 0.009521556957141, 0.009521556957141, 0.009521556957141, 0.009521556957141, 0.009521556957141, 0.009521556957141, 0.009521556957141, 0.009521556957141, 0.009521556957141, 0.009521556957141, 0.009521556957141, 0.009521556957141, 0.009521556957141, 0.009521556957141, 0.009521556957141, 0.009521556957141, 0.009521556957141, 0.009521556957141, 0.009521556957141, 0.009521556957141, 0.009521556957141, 0.009521556957141, 0.009521556957141, 0.009521556957141, 0.009521556957141, 0.009521556957141, 0.009521556957141, 0.009521556957141, 0.009521556957141, 0.009521556957141, 0.009521556957141, 0.009521556957141, 0.009521556957141, 0.009521556957141, 0.009521556957141, 0.009521556957141, 0.009521556957141, 0.009521556957141, 0.009521556957141, 0.009521556957141, 0.009521556957141, 0.009521556957141, 0.009521556957141, 0.009521556957141, 0.009521556957141, 0.009521556957141, 0.009521556957141, 0.009521556957141, 0.009521556957141], "tune": [true, false, false, false, false, false, false, false, false, false, false, false, false, false, false, false, false, false, false, false, false, false, false, false, false, false, false, false, false, false, false, false, false, false, false, false, false, false, false, false, false, false, false, false, false, false, false, false, false, false, false, false, false, false, false, false, false, false, false, false, false, false, false, false, false, false, false, false, false, false, false, false, false, false, false, false, false, false, false, false, false, false, false, false, false, false, false, false, false, false, false, false, false, false, false, false, false, false, false, false], "mean_tree_accept": [0.7977580551465436, 0.9656409366462139, 0.999218709978265, 0.9964719614702484, 0.9275309283633089, 0.9971121902147725, 0.9477403477998909, 0.7949237990621801, 0.9807700582513357, 0.9999581035552458, 0.9978730145061823, 0.9996671295475417, 0.6944714157679098, 0.9995198034779451, 0.999968436991227, 0.9915969963934568, 0.9675112071440518, 0.970671231112145, 0.9929621588139689, 0.9077240087955009, 0.9982592995984996, 0.9737932569527261, 0.9975277074121173, 0.9999650921241978, 0.9925278518019003, 0.9612878367401837, 1.0, 0.9431655454628285, 0.9993625890351407, 0.9495716696491404, 0.9972606351076284, 0.9965500154564073, 0.9999939290662887, 0.9992524110229714, 0.9957892503160631, 0.8341477356108643, 1.0, 0.9991027745582504, 0.9969362215997432, 0.8217642178741664, 0.9981299324932512, 0.9704785251400353, 0.9951175244552452, 0.9978972457047267, 0.9460591738623205, 0.9988364374120797, 0.9989082177434271, 0.9984586456790049, 0.9922689085415523, 0.9924748399209309, 0.9884674294581783, 0.994804188223496, 0.9889916291882535, 0.9996313686166703, 0.9782357393842425, 0.9975685224607747, 0.9922545870827917, 0.9946612750859136, 0.9966104813765173, 0.9321940398841939, 0.8791616667033768, 0.99940609493452, 0.995078652012024, 0.9861500120276923, 0.991214437584474, 0.9882130294138302, 0.9290897231048352, 0.9972656336743915, 0.9702384161399316, 0.9824559302290472, 0.3588645689564357, 0.9761175379882133, 0.9924739442019331, 0.9909727036047836, 0.9987173392757117, 0.9997788661693912, 0.9994076745988414, 0.9999925327611641, 0.9915255204822466, 0.9635985117024781, 0.9779920876932349, 0.952087134057149, 0.7383020923046866, 0.9923481721925449, 0.9994524135582376, 0.9996270913935076, 0.9975155399400476, 0.9798678293907829, 0.999530046268505, 0.9815063010428342, 0.9997041294296862, 0.9892799303002179, 0.9951518636962889, 0.9339776338680177, 0.9995743959681581, 0.9966308475017911, 0.9936820516203679, 0.9569874635812483, 0.972236810025058, 0.9988574744512412], "step_size_bar": [0.013443472224232372, 0.013443472224232372, 0.013443472224232372, 0.013443472224232372, 0.013443472224232372, 0.013443472224232372, 0.013443472224232372, 0.013443472224232372, 0.013443472224232372, 0.013443472224232372, 0.013443472224232372, 0.013443472224232372, 0.013443472224232372, 0.013443472224232372, 0.013443472224232372, 0.013443472224232372, 0.013443472224232372, 0.013443472224232372, 0.013443472224232372, 0.013443472224232372, 0.013443472224232372, 0.013443472224232372, 0.013443472224232372, 0.013443472224232372, 0.013443472224232372, 0.013443472224232372, 0.013443472224232372, 0.013443472224232372, 0.013443472224232372, 0.013443472224232372, 0.013443472224232372, 0.013443472224232372, 0.013443472224232372, 0.013443472224232372, 0.013443472224232372, 0.013443472224232372, 0.013443472224232372, 0.013443472224232372, 0.013443472224232372, 0.013443472224232372, 0.013443472224232372, 0.013443472224232372, 0.013443472224232372, 0.013443472224232372, 0.013443472224232372, 0.013443472224232372, 0.013443472224232372, 0.013443472224232372, 0.013443472224232372, 0.013443472224232372, 0.013443472224232372, 0.013443472224232372, 0.013443472224232372, 0.013443472224232372, 0.013443472224232372, 0.013443472224232372, 0.013443472224232372, 0.013443472224232372, 0.013443472224232372, 0.013443472224232372, 0.013443472224232372, 0.013443472224232372, 0.013443472224232372, 0.013443472224232372, 0.013443472224232372, 0.013443472224232372, 0.013443472224232372, 0.013443472224232372, 0.013443472224232372, 0.013443472224232372, 0.013443472224232372, 0.013443472224232372, 0.013443472224232372, 0.013443472224232372, 0.013443472224232372, 0.013443472224232372, 0.013443472224232372, 0.013443472224232372, 0.013443472224232372, 0.013443472224232372, 0.013443472224232372, 0.013443472224232372, 0.013443472224232372, 0.013443472224232372, 0.013443472224232372, 0.013443472224232372, 0.013443472224232372, 0.013443472224232372, 0.013443472224232372, 0.013443472224232372, 0.013443472224232372, 0.013443472224232372, 0.013443472224232372, 0.013443472224232372, 0.013443472224232372, 0.013443472224232372, 0.013443472224232372, 0.013443472224232372, 0.013443472224232372, 0.013443472224232372], "tree_size": [255.0, 127.0, 255.0, 255.0, 255.0, 127.0, 255.0, 31.0, 31.0, 255.0, 255.0, 127.0, 255.0, 127.0, 127.0, 31.0, 255.0, 255.0, 255.0, 255.0, 63.0, 255.0, 127.0, 63.0, 127.0, 255.0, 63.0, 255.0, 63.0, 255.0, 127.0, 127.0, 111.0, 255.0, 255.0, 15.0, 15.0, 127.0, 159.0, 191.0, 255.0, 255.0, 63.0, 63.0, 255.0, 127.0, 255.0, 127.0, 127.0, 255.0, 127.0, 255.0, 127.0, 255.0, 95.0, 127.0, 159.0, 159.0, 127.0, 255.0, 255.0, 31.0, 255.0, 255.0, 255.0, 255.0, 255.0, 159.0, 127.0, 255.0, 13.0, 255.0, 255.0, 191.0, 143.0, 127.0, 127.0, 31.0, 127.0, 255.0, 255.0, 127.0, 175.0, 39.0, 15.0, 127.0, 255.0, 31.0, 191.0, 239.0, 31.0, 63.0, 255.0, 255.0, 63.0, 127.0, 63.0, 127.0, 255.0, 255.0],