{"draw_idx": 100, "draws": null, "_stats": [{"depth": [6, 6, 6, 6, 6, 6, 4, 7, 6, 6, 6, 6, 6, 6, 5, 7, 7, 6, 6, 7, 6, 7, 3, 8, 6, 6, 7, 6, 5, 7, 5, 6, 5, 7, 5, 6, 3, 7, 4, 7, 5, 6, 6, 4, 6, 6, 3, 5, 3, 6, 7, 7, 6, 7, 6, 6, 6, 4, 6, 5, 6, 5, 7, 6, 7, 7, 6, 6, 6, 7, 6, 7, 7, 7, 7, 7, 7, 6, 6, 6, 6, 7, 6, 7, 7, 6, 3, 5, 7, 6, 4, 5, 5, 6, 7, 7, 6, 5, 6, 7], "step_size": [0.07027240282086368, 0.07027240282086368, 0.07027240282086368, 0.07027240282086368, 0.07027240282086368, 0.07027240282086368, 0.07027240282086368, 0.07027240282086368, 0.07027240282086368, 0.07027240282086368, 0.07027240282086368, 0.07027240282086368, 0.07027240282086368, 0.07027240282086368, 0.07027240282086368, 0.07027240282086368, 0.07027240282086368, 0.07027240282086368, 0.07027240282086368, 0.07027240282086368, 0.07027240282086368, 0.07027240282086368, 0.07027240282086368, 0.07027240282086368, 0.07027240282086368, 0.07027240282086368, 0.07027240282086368, 0.07027240282086368, 0.07027240282086368, 0.07027240282086368, 0.07027240282086368, 0.07027240282086368, 0.07027240282086368, 0.07027240282086368, 0.07027240282086368, 0.07027240282086368, 0.07027240282086368, 0.07027240282086368, 0.07027240282086368, 0.07027240282086368, 0.07027240282086368, 0.07027240282086368, 0.07027240282086368, 0.07027240282086368, 0.07027240282086368, 0.07027240282086368, 0.07027240282086368, 0.07027240282086368, 0.07027240282086368, 0.07027240282086368, 0.07027240282086368, 0.07027240282086368, 0.07027240282086368, 0.07027240282086368, 0.07027240282086368, 0.07027240282086368, 0.07027240282086368, 0.07027240282086368, 0.07027240282086368, 0.07027240282086368, 0.07027240282086368, 0.07027240282086368, 0.07027240282086368, 0.07027240282086368, 0.07027240282086368, 0.07027240282086368, 0.07027240282086368, 0.07027240282086368, 0.07027240282086368, 0.07027240282086368, 0.07027240282086368, 0.07027240282086368, 0.07027240282086368, 0.07027240282086368, 0.07027240282086368, 0.07027240282086368, 0.07027240282086368, 0.07027240282086368, 0.07027240282086368, 0.07027240282086368, 0.07027240282086368, 0.07027240282086368, 0.07027240282086368, 0.07027240282086368, 0.07027240282086368, 0.07027240282086368, 0.07027240282086368, 0.07027240282086368, 0.07027240282086368, 0.07027240282086368, 0.07027240282086368, 0.07027240282086368, 0.07027240282086368, 0.07027240282086368, 0.07027240282086368, 0.07027240282086368, 0.07027240282086368, 0.07027240282086368, 0.07027240282086368, 0.07027240282086368], "tune": [true, false, false, false, false, false, false, false, false, false, false, false, false, false, false, false, false, false, false, false, false, false, false, false, false, false, false, false, false, false, false, false, false, false, false, false, false, false, false, false, false, false, false, false, false, false, false, false, false, false, false, false, false, false, false, false, false, false, false, false, false, false, false, false, false, false, false, false, false, false, false, false, false, false, false, false, false, false, false, false, false, false, false, false, false, false, false, false, false, false, false, false, false, false, false, false, false, false, false, false], "mean_tree_accept": [0.8885960152416436, 0.998470490943309, 0.9935094717870918, 0.9761400373865697, 0.9889038133449123, 0.9985862549250598, 0.9556639641857816, 0.9609436128391845, 0.9729659060718439, 0.9816786582375874, 0.9374517019439581, 0.8751269289747812, 0.9670578584973584, 0.9555762179641913, 0.9888686169815071, 0.9968443231645734, 0.97352681209404, 0.9848736786632816, 0.9856071616217124, 0.6524671109458876, 0.9895469691678808, 0.9066572459346092, 0.9899775711419482, 0.9795078175361226, 0.9546621973464868, 0.9955401310008403, 0.94936598818651, 0.575617990056866, 0.4839837408788843, 0.39969643688903184, 0.9995837303327515, 0.9905446223011183, 0.9773885366041167, 0.9870587634859362, 0.9385681529738963, 0.9619552372900947, 0.998590630992857, 0.9951437397750656, 0.9711083996500905, 0.9908722990825858, 0.7195201570516235, 0.8703364358218186, 0.8780389216243917, 0.7187948265045415, 0.9985515912867214, 0.803454606959508, 0.7930749505039142, 0.9702166496945973, 0.7550974280067736, 0.9976958375684759, 0.9756628028560776, 0.9973512868023535, 0.9780792719078001, 0.9931387574010543, 0.9896390423841586, 0.9749646744699897, 0.995919441567752, 0.9331179837960017, 0.9968951334351251, 0.9921271826187991, 0.9998154246428281, 0.9932007872732881, 0.9906406841826645, 0.9983550764512804, 0.9956938965719494, 0.5771025083650045, 0.9554116404897951, 0.9688555543237292, 0.9974890342510998, 0.983951639492997, 0.9940349632563797, 0.9946546437231605, 0.97234158031136, 0.9136417675132774, 0.8645126516684059, 0.9890047087578281, 0.9944331066670621, 0.9996151890510272, 0.9968860445070474, 0.9770057323194534, 0.9872144391070653, 0.9888193534329235, 0.9655988569950632, 0.9468857597111906, 0.7696678231193328, 0.9841718098106442, 0.847854688180117, 0.9875894260176038, 0.9866544965365617, 0.9969731977585281, 0.9943443540913158, 0.9944282290861102, 0.9894002419364764, 0.9610956242284641, 0.9606840563368552, 0.9695905276295453, 0.9709643530859371, 0.942567655837218, 0.9888922281505461, 0.9678279682006681], "step_size_bar": [0.03677621165912165, 0.03677621165912165, 0.03677621165912165, 0.03677621165912165, 0.03677621165912165, 0.03677621165912165, 0.03677621165912165, 0.03677621165912165, 0.03677621165912165, 0.03677621165912165, 0.03677621165912165, 0.03677621165912165, 0.03677621165912165, 0.03677621165912165, 0.03677621165912165, 0.03677621165912165, 0.03677621165912165, 0.03677621165912165, 0.03677621165912165, 0.03677621165912165, 0.03677621165912165, 0.03677621165912165, 0.03677621165912165, 0.03677621165912165, 0.03677621165912165, 0.03677621165912165, 0.03677621165912165, 0.03677621165912165, 0.03677621165912165, 0.03677621165912165, 0.03677621165912165, 0.03677621165912165, 0.03677621165912165, 0.03677621165912165, 0.03677621165912165, 0.03677621165912165, 0.03677621165912165, 0.03677621165912165, 0.03677621165912165, 0.03677621165912165, 0.03677621165912165, 0.03677621165912165, 0.03677621165912165, 0.03677621165912165, 0.03677621165912165, 0.03677621165912165, 0.03677621165912165, 0.03677621165912165, 0.03677621165912165, 0.03677621165912165, 0.03677621165912165, 0.03677621165912165, 0.03677621165912165, 0.03677621165912165, 0.03677621165912165, 0.03677621165912165, 0.03677621165912165, 0.03677621165912165, 0.03677621165912165, 0.03677621165912165, 0.03677621165912165, 0.03677621165912165, 0.03677621165912165, 0.03677621165912165, 0.03677621165912165, 0.03677621165912165, 0.03677621165912165, 0.03677621165912165, 0.03677621165912165, 0.03677621165912165, 0.03677621165912165, 0.03677621165912165, 0.03677621165912165, 0.03677621165912165, 0.03677621165912165, 0.03677621165912165, 0.03677621165912165, 0.03677621165912165, 0.03677621165912165, 0.03677621165912165, 0.03677621165912165, 0.03677621165912165, 0.03677621165912165, 0.03677621165912165, 0.03677621165912165, 0.03677621165912165, 0.03677621165912165, 0.03677621165912165, 0.03677621165912165, 0.03677621165912165, 0.03677621165912165, 0.03677621165912165, 0.03677621165912165, 0.03677621165912165, 0.03677621165912165, 0.03677621165912165, 0.03677621165912165, 0.03677621165912165, 0.03677621165912165, 0.03677621165912165], "tree_size": [55.0, 63.0, 55.0, 63.0, 63.0, 63.0, 15.0, 127.0, 63.0, 63.0, 63.0, 63.0, 63.0, 55.0, 23.0, 79.0, 87.0, 47.0, 63.0, 79.0, 63.0, 127.0, 7.0, 143.0, 63.0, 63.0, 127.0, 63.0, 23.0, 127.0, 31.0, 63.0, 31.0, 87.0, 23.0, 63.0, 7.0, 127.0, 15.0, 127.0, 19.0, 53.0, 47.0, 15.0, 63.0, 63.0, 7.0, 23.0, 7.0, 47.0, 127.0, 127.0, 63.0, 127.0, 55.0, 63.0, 63.0, 15.0, 39.0, 23.0, 63.0, 31.0, 127.0, 63.0, 95.0, 127.0, 63.0, 47.0, 63.0, 127.0, 63.0, 79.0, 127.0, 127.0, 127.0, 79.0, 95.0, 63.0, 63.0, 63.0, 63.0, 127.0, 63.0, 79.0, 75.0, 63.0, 7.0, 31.0, 127.0, 63.0, 15.0, 31.0, 31.0, 63.0, 127.0, 127.0, 47.0, 23.0, 63.0, 127.0],