{"draw_idx": 100, "draws": null, "_stats": [{"depth": [8, 6, 6, 6, 6, 7, 6, 5, 6, 4, 7, 5, 6, 5, 7, 7, 5, 5, 7, 7, 4, 7, 7, 6, 6, 6, 6, 6, 7, 6, 6, 7, 7, 6, 6, 7, 6, 5, 6, 7, 6, 7, 6, 3, 7, 6, 6, 3, 7, 6, 6, 6, 6, 7, 6, 6, 4, 7, 6, 6, 7, 6, 7, 7, 7, 6, 5, 7, 6, 7, 6, 7, 4, 6, 4, 6, 7, 6, 6, 7, 6, 4, 6, 6, 6, 7, 6, 6, 6, 6, 6, 7, 7, 7, 7, 6, 6, 7, 7, 5], "step_size": [0.020456527484025096, 0.020456527484025096, 0.020456527484025096, 0.020456527484025096, 0.020456527484025096, 0.020456527484025096, 0.020456527484025096, 0.020456527484025096, 0.020456527484025096, 0.020456527484025096, 0.020456527484025096, 0.020456527484025096, 0.020456527484025096, 0.020456527484025096, 0.020456527484025096, 0.020456527484025096, 0.020456527484025096, 0.020456527484025096, 0.020456527484025096, 0.020456527484025096, 0.020456527484025096, 0.020456527484025096, 0.020456527484025096, 0.020456527484025096, 0.020456527484025096, 0.020456527484025096, 0.020456527484025096, 0.020456527484025096, 0.020456527484025096, 0.020456527484025096, 0.020456527484025096, 0.020456527484025096, 0.020456527484025096, 0.020456527484025096, 0.020456527484025096, 0.020456527484025096, 0.020456527484025096, 0.020456527484025096, 0.020456527484025096, 0.020456527484025096, 0.020456527484025096, 0.020456527484025096, 0.020456527484025096, 0.020456527484025096, 0.020456527484025096, 0.020456527484025096, 0.020456527484025096, 0.020456527484025096, 0.020456527484025096, 0.020456527484025096, 0.020456527484025096, 0.020456527484025096, 0.020456527484025096, 0.020456527484025096, 0.020456527484025096, 0.020456527484025096, 0.020456527484025096, 0.020456527484025096, 0.020456527484025096, 0.020456527484025096, 0.020456527484025096, 0.020456527484025096, 0.020456527484025096, 0.020456527484025096, 0.020456527484025096, 0.020456527484025096, 0.020456527484025096, 0.020456527484025096, 0.020456527484025096, 0.020456527484025096, 0.020456527484025096, 0.020456527484025096, 0.020456527484025096, 0.020456527484025096, 0.020456527484025096, 0.020456527484025096, 0.020456527484025096, 0.020456527484025096, 0.020456527484025096, 0.020456527484025096, 0.020456527484025096, 0.020456527484025096, 0.020456527484025096, 0.020456527484025096, 0.020456527484025096, 0.020456527484025096, 0.020456527484025096, 0.020456527484025096, 0.020456527484025096, 0.020456527484025096, 0.020456527484025096, 0.020456527484025096, 0.020456527484025096, 0.020456527484025096, 0.020456527484025096, 0.020456527484025096, 0.020456527484025096, 0.020456527484025096, 0.020456527484025096, 0.020456527484025096], "tune": [true, false, false, false, false, false, false, false, false, false, false, false, false, false, false, false, false, false, false, false, false, false, false, false, false, false, false, false, false, false, false, false, false, false, false, false, false, false, false, false, false, false, false, false, false, false, false, false, false, false, false, false, false, false, false, false, false, false, false, false, false, false, false, false, false, false, false, false, false, false, false, false, false, false, false, false, false, false, false, false, false, false, false, false, false, false, false, false, false, false, false, false, false, false, false, false, false, false, false, false], "mean_tree_accept": [0.9941620836891029, 0.9957852080401622, 0.9874768670574644, 0.9820045990775919, 0.9997554181050167, 0.9918841295615495, 0.954444670475901, 0.9935524382387761, 0.9998991878077277, 0.981533470824188, 0.9998909955044927, 0.981499772736931, 0.9876790988053656, 0.986231440245668, 0.9928684418797963, 0.9791508216634943, 0.9936512179479957, 0.9967528002903596, 0.983862657820631, 0.9999492478634933, 0.9496519836751803, 0.9352681681908971, 0.9991464455773285, 0.9712029341366558, 0.9860351545025732, 0.9986012663855593, 0.9978506394758762, 0.9957627886719596, 0.9981984205538571, 0.9959644296274405, 0.9390652640228913, 0.8848121610846404, 0.9655427114951181, 0.9919722917290904, 0.965875778154851, 0.9963714696180755, 0.958040934265194, 0.959521143453835, 0.9985960123481677, 0.9877981278187569, 0.9997744081555665, 0.9991716190264969, 0.9953009440142475, 0.8832092388924877, 1.0, 0.9946459020997926, 0.9951360147860658, 1.0, 0.9997414146895778, 0.9963822984495174, 0.9912591910966654, 0.9993983417243085, 0.9893040043709507, 0.9176126666704687, 0.9899716474925628, 0.9982213286716798, 0.985382284788097, 0.9970504936113882, 0.9883739256621882, 0.9958752896940486, 0.9207978839950756, 0.9606960309370486, 0.9998055039217566, 0.9803454498897052, 0.8934543033008503, 0.41373090036522825, 0.2825626213811946, 0.2969380048874058, 0.9303793570621215, 0.2100937948058706, 0.30250072681872675, 0.9875238581346029, 0.9787208797132976, 0.9833597386055234, 0.9920637131807223, 0.9988060607584915, 0.9977059086361495, 0.9700349554073667, 0.9959039500192423, 0.9724922728578089, 0.9977540995557689, 0.967398855489391, 0.9765462756642916, 0.9991527819664576, 0.9768983063781967, 0.9907047456362211, 0.9589345992153799, 0.982633937794652, 0.9995251019971713, 0.9987903172520877, 0.9732852491670945, 0.9998135456461121, 0.8432051575604715, 0.7745098474646134, 0.9853104473046311, 0.9689409808211408, 0.9971523218616911, 0.9504555651394486, 0.9992782149070109, 0.9891225080107827], "step_size_bar": [0.03315868597839182, 0.03315868597839182, 0.03315868597839182, 0.03315868597839182, 0.03315868597839182, 0.03315868597839182, 0.03315868597839182, 0.03315868597839182, 0.03315868597839182, 0.03315868597839182, 0.03315868597839182, 0.03315868597839182, 0.03315868597839182, 0.03315868597839182, 0.03315868597839182, 0.03315868597839182, 0.03315868597839182, 0.03315868597839182, 0.03315868597839182, 0.03315868597839182, 0.03315868597839182, 0.03315868597839182, 0.03315868597839182, 0.03315868597839182, 0.03315868597839182, 0.03315868597839182, 0.03315868597839182, 0.03315868597839182, 0.03315868597839182, 0.03315868597839182, 0.03315868597839182, 0.03315868597839182, 0.03315868597839182, 0.03315868597839182, 0.03315868597839182, 0.03315868597839182, 0.03315868597839182, 0.03315868597839182, 0.03315868597839182, 0.03315868597839182, 0.03315868597839182, 0.03315868597839182, 0.03315868597839182, 0.03315868597839182, 0.03315868597839182, 0.03315868597839182, 0.03315868597839182, 0.03315868597839182, 0.03315868597839182, 0.03315868597839182, 0.03315868597839182, 0.03315868597839182, 0.03315868597839182, 0.03315868597839182, 0.03315868597839182, 0.03315868597839182, 0.03315868597839182, 0.03315868597839182, 0.03315868597839182, 0.03315868597839182, 0.03315868597839182, 0.03315868597839182, 0.03315868597839182, 0.03315868597839182, 0.03315868597839182, 0.03315868597839182, 0.03315868597839182, 0.03315868597839182, 0.03315868597839182, 0.03315868597839182, 0.03315868597839182, 0.03315868597839182, 0.03315868597839182, 0.03315868597839182, 0.03315868597839182, 0.03315868597839182, 0.03315868597839182, 0.03315868597839182, 0.03315868597839182, 0.03315868597839182, 0.03315868597839182, 0.03315868597839182, 0.03315868597839182, 0.03315868597839182, 0.03315868597839182, 0.03315868597839182, 0.03315868597839182, 0.03315868597839182, 0.03315868597839182, 0.03315868597839182, 0.03315868597839182, 0.03315868597839182, 0.03315868597839182, 0.03315868597839182, 0.03315868597839182, 0.03315868597839182, 0.03315868597839182, 0.03315868597839182, 0.03315868597839182, 0.03315868597839182],