{"draw_idx": 100, "draws": null, "_stats": [{"depth": [7, 7, 7, 8, 8, 7, 7, 8, 8, 7, 8, 4, 8, 8, 7, 6, 7, 6, 7, 5, 7, 8, 7, 7, 5, 7, 7, 7, 7, 7, 7, 8, 7, 7, 7, 8, 7, 7, 7, 6, 7, 7, 5, 4, 7, 6, 8, 7, 8, 7, 7, 7, 8, 7, 7, 6, 7, 7, 7, 7, 6, 8, 7, 5, 7, 5, 7, 6, 7, 7, 5, 8, 7, 6, 7, 7, 6, 6, 7, 6, 6, 8, 7, 6, 7, 6, 5, 7, 7, 7, 7, 8, 7, 7, 7, 5, 8, 7, 7, 7], "step_size": [0.030912029011407677, 0.030912029011407677, 0.030912029011407677, 0.030912029011407677, 0.030912029011407677, 0.030912029011407677, 0.030912029011407677, 0.030912029011407677, 0.030912029011407677, 0.030912029011407677, 0.030912029011407677, 0.030912029011407677, 0.030912029011407677, 0.030912029011407677, 0.030912029011407677, 0.030912029011407677, 0.030912029011407677, 0.030912029011407677, 0.030912029011407677, 0.030912029011407677, 0.030912029011407677, 0.030912029011407677, 0.030912029011407677, 0.030912029011407677, 0.030912029011407677, 0.030912029011407677, 0.030912029011407677, 0.030912029011407677, 0.030912029011407677, 0.030912029011407677, 0.030912029011407677, 0.030912029011407677, 0.030912029011407677, 0.030912029011407677, 0.030912029011407677, 0.030912029011407677, 0.030912029011407677, 0.030912029011407677, 0.030912029011407677, 0.030912029011407677, 0.030912029011407677, 0.030912029011407677, 0.030912029011407677, 0.030912029011407677, 0.030912029011407677, 0.030912029011407677, 0.030912029011407677, 0.030912029011407677, 0.030912029011407677, 0.030912029011407677, 0.030912029011407677, 0.030912029011407677, 0.030912029011407677, 0.030912029011407677, 0.030912029011407677, 0.030912029011407677, 0.030912029011407677, 0.030912029011407677, 0.030912029011407677, 0.030912029011407677, 0.030912029011407677, 0.030912029011407677, 0.030912029011407677, 0.030912029011407677, 0.030912029011407677, 0.030912029011407677, 0.030912029011407677, 0.030912029011407677, 0.030912029011407677, 0.030912029011407677, 0.030912029011407677, 0.030912029011407677, 0.030912029011407677, 0.030912029011407677, 0.030912029011407677, 0.030912029011407677, 0.030912029011407677, 0.030912029011407677, 0.030912029011407677, 0.030912029011407677, 0.030912029011407677, 0.030912029011407677, 0.030912029011407677, 0.030912029011407677, 0.030912029011407677, 0.030912029011407677, 0.030912029011407677, 0.030912029011407677, 0.030912029011407677, 0.030912029011407677, 0.030912029011407677, 0.030912029011407677, 0.030912029011407677, 0.030912029011407677, 0.030912029011407677, 0.030912029011407677, 0.030912029011407677, 0.030912029011407677, 0.030912029011407677, 0.030912029011407677], "tune": [true, false, false, false, false, false, false, false, false, false, false, false, false, false, false, false, false, false, false, false, false, false, false, false, false, false, false, false, false, false, false, false, false, false, false, false, false, false, false, false, false, false, false, false, false, false, false, false, false, false, false, false, false, false, false, false, false, false, false, false, false, false, false, false, false, false, false, false, false, false, false, false, false, false, false, false, false, false, false, false, false, false, false, false, false, false, false, false, false, false, false, false, false, false, false, false, false, false, false, false], "mean_tree_accept": [0.9994901580006227, 0.9908164731176067, 0.9863879813661771, 0.938760312538114, 0.9812377055802276, 0.9901751169867111, 0.9903731443707304, 0.9649882600305155, 0.8739020728613696, 0.9994677299153316, 0.574059344964728, 0.7423648221061863, 0.7363944105529798, 0.9686513360211565, 0.9990795734734599, 0.9553813102587675, 0.9659553038375973, 0.9999718523787573, 0.9955998306820774, 0.9928829613888231, 0.8881126709932663, 0.9912814003794241, 0.9988631482956559, 0.9852948295950978, 0.9954295787774818, 0.960335218196965, 0.9843392122108162, 0.9988277457492225, 0.9773182232904088, 0.9736136432440186, 0.9966179443373797, 0.9956730854861172, 0.9797161891194343, 0.8457687476813266, 0.7526490837173963, 0.6450065450021701, 0.889049532771827, 0.9994793132451856, 0.9926103594138992, 0.9999341167622037, 0.9731766947567645, 0.9820028204800227, 0.986522687816633, 0.9918846768978723, 0.9985860898322592, 0.992188815800821, 0.9673593257545858, 0.9907527325484884, 0.996334884850952, 0.986591574364301, 0.9987164003987695, 0.9856575684367391, 0.6009615525625551, 0.9833625079311735, 0.9884570115333948, 0.9991968359515827, 0.9980810202334628, 0.9903945352797447, 0.979286170641665, 0.9986708120003143, 0.9990772841398009, 0.9840511009240464, 0.9980743954363512, 0.9976235389100914, 0.9855692386030529, 0.9949170719745835, 0.9996044962333451, 0.9961639793041196, 0.9873809699067605, 0.9395664957948255, 0.974543651217175, 0.7909163173311312, 0.7696406217680711, 0.9994644283629728, 0.9958534601728259, 0.953632318490393, 0.993517105033776, 0.9597377580340207, 0.9933720003590393, 0.9697470020166247, 0.9688810657434632, 0.9887011168885268, 0.9939835049844244, 0.9960261580302255, 0.9882687681093207, 0.9998727024479914, 0.9997733032582558, 0.9842820918720516, 0.9884869995324832, 0.9802680675729561, 0.9926252888626838, 0.9985765694186436, 0.9861536434381347, 0.9970832328567184, 0.9757135524667189, 0.9899524359399305, 0.9724546182188946, 0.9463601061542667, 0.9965627626251006, 0.9424300723334909], "step_size_bar": [0.01437397566998767, 0.01437397566998767, 0.01437397566998767, 0.01437397566998767, 0.01437397566998767, 0.01437397566998767, 0.01437397566998767, 0.01437397566998767, 0.01437397566998767, 0.01437397566998767, 0.01437397566998767, 0.01437397566998767, 0.01437397566998767, 0.01437397566998767, 0.01437397566998767, 0.01437397566998767, 0.01437397566998767, 0.01437397566998767, 0.01437397566998767, 0.01437397566998767, 0.01437397566998767, 0.01437397566998767, 0.01437397566998767, 0.01437397566998767, 0.01437397566998767, 0.01437397566998767, 0.01437397566998767, 0.01437397566998767, 0.01437397566998767, 0.01437397566998767, 0.01437397566998767, 0.01437397566998767, 0.01437397566998767, 0.01437397566998767, 0.01437397566998767, 0.01437397566998767, 0.01437397566998767, 0.01437397566998767, 0.01437397566998767, 0.01437397566998767, 0.01437397566998767, 0.01437397566998767, 0.01437397566998767, 0.01437397566998767, 0.01437397566998767, 0.01437397566998767, 0.01437397566998767, 0.01437397566998767, 0.01437397566998767, 0.01437397566998767, 0.01437397566998767, 0.01437397566998767, 0.01437397566998767, 0.01437397566998767, 0.01437397566998767, 0.01437397566998767, 0.01437397566998767, 0.01437397566998767, 0.01437397566998767, 0.01437397566998767, 0.01437397566998767, 0.01437397566998767, 0.01437397566998767, 0.01437397566998767, 0.01437397566998767, 0.01437397566998767, 0.01437397566998767, 0.01437397566998767, 0.01437397566998767, 0.01437397566998767, 0.01437397566998767, 0.01437397566998767, 0.01437397566998767, 0.01437397566998767, 0.01437397566998767, 0.01437397566998767, 0.01437397566998767, 0.01437397566998767, 0.01437397566998767, 0.01437397566998767, 0.01437397566998767, 0.01437397566998767, 0.01437397566998767, 0.01437397566998767, 0.01437397566998767, 0.01437397566998767, 0.01437397566998767, 0.01437397566998767, 0.01437397566998767, 0.01437397566998767, 0.01437397566998767, 0.01437397566998767, 0.01437397566998767, 0.01437397566998767, 0.01437397566998767, 0.01437397566998767, 0.01437397566998767, 0.01437397566998767, 0.01437397566998767, 0.01437397566998767],