{"draw_idx": 100, "draws": null, "_stats": [{"depth": [8, 7, 7, 6, 7, 6, 6, 8, 7, 5, 9, 7, 5, 6, 6, 3, 7, 7, 7, 6, 8, 7, 8, 7, 6, 8, 8, 8, 8, 7, 7, 8, 7, 7, 7, 8, 8, 9, 7, 8, 8, 8, 8, 7, 5, 9, 8, 7, 8, 8, 7, 7, 8, 7, 8, 6, 7, 8, 7, 7, 7, 7, 7, 7, 7, 8, 6, 5, 8, 7, 6, 5, 6, 8, 8, 3, 7, 8, 6, 5, 8, 7, 8, 8, 7, 8, 3, 8, 7, 7, 7, 7, 8, 7, 6, 3, 8, 6, 7, 7], "step_size": [0.009555909073979874, 0.009555909073979874, 0.009555909073979874, 0.009555909073979874, 0.009555909073979874, 0.009555909073979874, 0.009555909073979874, 0.009555909073979874, 0.009555909073979874, 0.009555909073979874, 0.009555909073979874, 0.009555909073979874, 0.009555909073979874, 0.009555909073979874, 0.009555909073979874, 0.009555909073979874, 0.009555909073979874, 0.009555909073979874, 0.009555909073979874, 0.009555909073979874, 0.009555909073979874, 0.009555909073979874, 0.009555909073979874, 0.009555909073979874, 0.009555909073979874, 0.009555909073979874, 0.009555909073979874, 0.009555909073979874, 0.009555909073979874, 0.009555909073979874, 0.009555909073979874, 0.009555909073979874, 0.009555909073979874, 0.009555909073979874, 0.009555909073979874, 0.009555909073979874, 0.009555909073979874, 0.009555909073979874, 0.009555909073979874, 0.009555909073979874, 0.009555909073979874, 0.009555909073979874, 0.009555909073979874, 0.009555909073979874, 0.009555909073979874, 0.009555909073979874, 0.009555909073979874, 0.009555909073979874, 0.009555909073979874, 0.009555909073979874, 0.009555909073979874, 0.009555909073979874, 0.009555909073979874, 0.009555909073979874, 0.009555909073979874, 0.009555909073979874, 0.009555909073979874, 0.009555909073979874, 0.009555909073979874, 0.009555909073979874, 0.009555909073979874, 0.009555909073979874, 0.009555909073979874, 0.009555909073979874, 0.009555909073979874, 0.009555909073979874, 0.009555909073979874, 0.009555909073979874, 0.009555909073979874, 0.009555909073979874, 0.009555909073979874, 0.009555909073979874, 0.009555909073979874, 0.009555909073979874, 0.009555909073979874, 0.009555909073979874, 0.009555909073979874, 0.009555909073979874, 0.009555909073979874, 0.009555909073979874, 0.009555909073979874, 0.009555909073979874, 0.009555909073979874, 0.009555909073979874, 0.009555909073979874, 0.009555909073979874, 0.009555909073979874, 0.009555909073979874, 0.009555909073979874, 0.009555909073979874, 0.009555909073979874, 0.009555909073979874, 0.009555909073979874, 0.009555909073979874, 0.009555909073979874, 0.009555909073979874, 0.009555909073979874, 0.009555909073979874, 0.009555909073979874, 0.009555909073979874], "tune": [true, false, false, false, false, false, false, false, false, false, false, false, false, false, false, false, false, false, false, false, false, false, false, false, false, false, false, false, false, false, false, false, false, false, false, false, false, false, false, false, false, false, false, false, false, false, false, false, false, false, false, false, false, false, false, false, false, false, false, false, false, false, false, false, false, false, false, false, false, false, false, false, false, false, false, false, false, false, false, false, false, false, false, false, false, false, false, false, false, false, false, false, false, false, false, false, false, false, false, false], "mean_tree_accept": [0.9331759569246636, 0.9986025824070045, 0.9848012265929578, 0.9907911410976474, 0.956424175651256, 0.9997694745208028, 0.9654596968467202, 0.9997892625019378, 0.973679320413872, 0.9824948884257511, 0.9825673745996326, 0.9992372903129154, 0.9297644332846671, 0.9937434831733801, 0.25593516086828083, 0.9836319516357436, 0.9993500370709645, 0.9999711901047478, 0.9981955990361849, 0.9971822069866453, 0.9966364582664757, 0.9928679355487913, 0.9991905011585722, 0.9558024744618077, 0.9796114306273579, 0.9964819338223438, 0.9970984590389786, 0.96040178611147, 0.9936332867492728, 0.7814379240422574, 0.08242265315696341, 0.2573646262121919, 0.7296233442000006, 0.5758190936730242, 0.9817612526266322, 0.8225728316627053, 0.8486464942243224, 0.9991113331855858, 0.9790348778175108, 0.4316765315811229, 0.9315681740715368, 0.9458290058499697, 0.8094226394472379, 0.471112491218529, 0.11341975239070315, 0.6141351748225126, 0.9955285313431499, 0.9910914150735094, 0.9684911632924689, 0.9868912443272373, 0.9999729020928377, 0.9931552607459456, 0.9989263281765248, 0.9791850207469911, 0.927780248328922, 0.9997540934275578, 0.9903774363419863, 0.9981011487579182, 0.999984738712662, 0.9986664464117891, 0.999112016573395, 0.9999664844127554, 0.9912149099175757, 0.9983180984479032, 0.9978856350575755, 0.7374071139157555, 0.4314023343991485, 0.689920997311347, 0.7282903629977512, 0.4207345805969788, 0.31627067531156955, 0.6026848591606152, 0.2779218077460396, 0.9825562119629112, 0.6826017792185313, 0.9602679895965984, 0.9329086250619735, 0.6444943036993168, 0.9258233110553805, 0.40701661384566806, 0.2751948254193898, 0.988308273674343, 0.9612333509485568, 0.9574738593172132, 0.9993740388766024, 0.9912261216094289, 0.9464951357735439, 0.9548776398199903, 0.9636275145382223, 0.9942503976031118, 0.9994074801422828, 0.9976419018114897, 0.999416514471159, 0.9903361660338904, 0.9925491386433779, 0.9950026822488901, 0.9803830676139272, 0.9778677081304294, 0.9784799881871953, 0.9870853137657803], "step_size_bar": [0.014355926421360013, 0.014355926421360013, 0.014355926421360013, 0.014355926421360013, 0.014355926421360013, 0.014355926421360013, 0.014355926421360013, 0.014355926421360013, 0.014355926421360013, 0.014355926421360013, 0.014355926421360013, 0.014355926421360013, 0.014355926421360013, 0.014355926421360013, 0.014355926421360013, 0.014355926421360013, 0.014355926421360013, 0.014355926421360013, 0.014355926421360013, 0.014355926421360013, 0.014355926421360013, 0.014355926421360013, 0.014355926421360013, 0.014355926421360013, 0.014355926421360013, 0.014355926421360013, 0.014355926421360013, 0.014355926421360013, 0.014355926421360013, 0.014355926421360013, 0.014355926421360013, 0.014355926421360013, 0.014355926421360013, 0.014355926421360013, 0.014355926421360013, 0.014355926421360013, 0.014355926421360013, 0.014355926421360013, 0.014355926421360013, 0.014355926421360013, 0.014355926421360013, 0.014355926421360013, 0.014355926421360013, 0.014355926421360013, 0.014355926421360013, 0.014355926421360013, 0.014355926421360013, 0.014355926421360013, 0.014355926421360013, 0.014355926421360013, 0.014355926421360013, 0.014355926421360013, 0.014355926421360013, 0.014355926421360013, 0.014355926421360013, 0.014355926421360013, 0.014355926421360013, 0.014355926421360013, 0.014355926421360013, 0.014355926421360013, 0.014355926421360013, 0.014355926421360013, 0.014355926421360013, 0.014355926421360013, 0.014355926421360013, 0.014355926421360013, 0.014355926421360013, 0.014355926421360013, 0.014355926421360013, 0.014355926421360013, 0.014355926421360013, 0.014355926421360013, 0.014355926421360013, 0.014355926421360013, 0.014355926421360013, 0.014355926421360013, 0.014355926421360013, 0.014355926421360013, 0.014355926421360013, 0.014355926421360013, 0.014355926421360013, 0.014355926421360013, 0.014355926421360013, 0.014355926421360013, 0.014355926421360013, 0.014355926421360013, 0.014355926421360013, 0.014355926421360013, 0.014355926421360013, 0.014355926421360013, 0.014355926421360013, 0.014355926421360013, 0.014355926421360013, 0.014355926421360013, 0.014355926421360013, 0.014355926421360013, 0.014355926421360013, 0.014355926421360013, 0.014355926421360013, 0.014355926421360013],