{"draw_idx": 100, "draws": null, "_stats": [{"depth": [8, 10, 8, 9, 9, 9, 10, 9, 8, 10, 8, 9, 9, 6, 9, 9, 9, 9, 7, 9, 10, 9, 6, 10, 9, 9, 10, 9, 9, 9, 9, 9, 9, 9, 9, 8, 9, 9, 9, 9, 6, 5, 9, 9, 8, 10, 10, 10, 9, 9, 6, 10, 9, 9, 10, 9, 9, 9, 10, 9, 9, 9, 9, 4, 10, 9, 9, 7, 6, 9, 8, 6, 9, 8, 9, 9, 9, 10, 9, 9, 9, 9, 7, 6, 8, 10, 8, 10, 9, 9, 7, 9, 8, 9, 9, 9, 9, 9, 6, 9], "step_size": [0.011913313533578303, 0.011913313533578303, 0.011913313533578303, 0.011913313533578303, 0.011913313533578303, 0.011913313533578303, 0.011913313533578303, 0.011913313533578303, 0.011913313533578303, 0.011913313533578303, 0.011913313533578303, 0.011913313533578303, 0.011913313533578303, 0.011913313533578303, 0.011913313533578303, 0.011913313533578303, 0.011913313533578303, 0.011913313533578303, 0.011913313533578303, 0.011913313533578303, 0.011913313533578303, 0.011913313533578303, 0.011913313533578303, 0.011913313533578303, 0.011913313533578303, 0.011913313533578303, 0.011913313533578303, 0.011913313533578303, 0.011913313533578303, 0.011913313533578303, 0.011913313533578303, 0.011913313533578303, 0.011913313533578303, 0.011913313533578303, 0.011913313533578303, 0.011913313533578303, 0.011913313533578303, 0.011913313533578303, 0.011913313533578303, 0.011913313533578303, 0.011913313533578303, 0.011913313533578303, 0.011913313533578303, 0.011913313533578303, 0.011913313533578303, 0.011913313533578303, 0.011913313533578303, 0.011913313533578303, 0.011913313533578303, 0.011913313533578303, 0.011913313533578303, 0.011913313533578303, 0.011913313533578303, 0.011913313533578303, 0.011913313533578303, 0.011913313533578303, 0.011913313533578303, 0.011913313533578303, 0.011913313533578303, 0.011913313533578303, 0.011913313533578303, 0.011913313533578303, 0.011913313533578303, 0.011913313533578303, 0.011913313533578303, 0.011913313533578303, 0.011913313533578303, 0.011913313533578303, 0.011913313533578303, 0.011913313533578303, 0.011913313533578303, 0.011913313533578303, 0.011913313533578303, 0.011913313533578303, 0.011913313533578303, 0.011913313533578303, 0.011913313533578303, 0.011913313533578303, 0.011913313533578303, 0.011913313533578303, 0.011913313533578303, 0.011913313533578303, 0.011913313533578303, 0.011913313533578303, 0.011913313533578303, 0.011913313533578303, 0.011913313533578303, 0.011913313533578303, 0.011913313533578303, 0.011913313533578303, 0.011913313533578303, 0.011913313533578303, 0.011913313533578303, 0.011913313533578303, 0.011913313533578303, 0.011913313533578303, 0.011913313533578303, 0.011913313533578303, 0.011913313533578303, 0.011913313533578303], "tune": [true, false, false, false, false, false, false, false, false, false, false, false, false, false, false, false, false, false, false, false, false, false, false, false, false, false, false, false, false, false, false, false, false, false, false, false, false, false, false, false, false, false, false, false, false, false, false, false, false, false, false, false, false, false, false, false, false, false, false, false, false, false, false, false, false, false, false, false, false, false, false, false, false, false, false, false, false, false, false, false, false, false, false, false, false, false, false, false, false, false, false, false, false, false, false, false, false, false, false, false], "mean_tree_accept": [0.9989491354204663, 0.9993185104884925, 0.9978127812756196, 0.9999853200825521, 0.9999682441981323, 0.9999983857861425, 0.9990917837138096, 0.9874827630716076, 0.9950982047222782, 0.9920744751350938, 0.9985647940608032, 0.9986122436070847, 0.9938059733388742, 0.9999962941794497, 0.9960282990022254, 0.9932044372209289, 0.9975288762318308, 0.9998946758481636, 0.9937687208484869, 0.9998850842080084, 0.999798747230788, 0.9957606934930053, 0.9760520449942873, 0.9987797587164892, 0.9978286149131886, 0.9998047003644278, 0.9990452657609896, 0.9976239954709223, 0.9988399599355774, 0.9999906279602604, 0.9987003657172949, 0.9789320332572942, 0.9981309947323479, 0.9974716965639737, 0.9999496847079291, 0.9998325584134118, 0.9992241709650634, 0.9977026885410939, 0.9977384148835635, 0.9991106487789566, 0.9916492045783029, 0.9999452481591871, 0.9997164605443734, 0.99922864927715, 0.9995437221308506, 0.996930435354727, 0.9966157960949162, 0.9996145665300257, 0.9972937190347965, 0.9993659745728645, 0.9998150990129503, 0.9998038740117, 0.99532579728981, 0.9914771973703261, 0.9868871584578873, 0.9568440520253633, 0.4689321058610202, 0.99432462794339, 0.992393009450551, 0.9993702892401491, 0.9999269640339669, 0.9998275221808756, 0.9928312348650723, 1.0, 0.9973365426273119, 0.9408442924642311, 0.7660434526180188, 0.8976143373599528, 0.22272406101722736, 0.38125013495394094, 0.34518345638854964, 0.9883402159711349, 0.38202864565493416, 0.9961560602110089, 0.8762430972630973, 0.9995154067663362, 0.9998667586215817, 0.9989207050464459, 0.9963238111566349, 0.9758886472549393, 0.9947433494579705, 0.996215657877234, 0.9954501728025578, 0.9993818023262909, 0.9990269674057233, 0.999866060551685, 0.9999967540098672, 0.9979769060939929, 0.9953975187129024, 0.9788976228137253, 0.9990866326348705, 0.999778454884478, 0.9976429905111114, 0.9991699565191464, 0.9968796104202577, 0.998285271316714, 0.9925271846961229, 0.9997736974463911, 0.9990079493878914, 0.9995735230292857], "step_size_bar": [0.004749991456483176, 0.004749991456483176, 0.004749991456483176, 0.004749991456483176, 0.004749991456483176, 0.004749991456483176, 0.004749991456483176, 0.004749991456483176, 0.004749991456483176, 0.004749991456483176, 0.004749991456483176, 0.004749991456483176, 0.004749991456483176, 0.004749991456483176, 0.004749991456483176, 0.004749991456483176, 0.004749991456483176, 0.004749991456483176, 0.004749991456483176, 0.004749991456483176, 0.004749991456483176, 0.004749991456483176, 0.004749991456483176, 0.004749991456483176, 0.004749991456483176, 0.004749991456483176, 0.004749991456483176, 0.004749991456483176, 0.004749991456483176, 0.004749991456483176, 0.004749991456483176, 0.004749991456483176, 0.004749991456483176, 0.004749991456483176, 0.004749991456483176, 0.004749991456483176, 0.004749991456483176, 0.004749991456483176, 0.004749991456483176, 0.004749991456483176, 0.004749991456483176, 0.004749991456483176, 0.004749991456483176, 0.004749991456483176, 0.004749991456483176, 0.004749991456483176, 0.004749991456483176, 0.004749991456483176, 0.004749991456483176, 0.004749991456483176, 0.004749991456483176, 0.004749991456483176, 0.004749991456483176, 0.004749991456483176, 0.004749991456483176, 0.004749991456483176, 0.004749991456483176, 0.004749991456483176, 0.004749991456483176, 0.004749991456483176, 0.004749991456483176, 0.004749991456483176, 0.004749991456483176, 0.004749991456483176, 0.004749991456483176, 0.004749991456483176, 0.004749991456483176, 0.004749991456483176, 0.004749991456483176, 0.004749991456483176, 0.004749991456483176, 0.004749991456483176, 0.004749991456483176, 0.004749991456483176, 0.004749991456483176, 0.004749991456483176, 0.004749991456483176, 0.004749991456483176, 0.004749991456483176, 0.004749991456483176, 0.004749991456483176, 0.004749991456483176, 0.004749991456483176, 0.004749991456483176, 0.004749991456483176, 0.004749991456483176, 0.004749991456483176, 0.004749991456483176, 0.004749991456483176, 0.004749991456483176, 0.004749991456483176, 0.004749991456483176, 0.004749991456483176, 0.004749991456483176, 0.004749991456483176, 0.004749991456483176, 0.004749991456483176, 0.004749991456483176, 0.004749991456483176, 0.004749991456483176],