{"draw_idx": 100, "draws": null, "_stats": [{"depth": [7, 8, 7, 6, 7, 7, 7, 7, 7, 7, 7, 8, 6, 7, 7, 7, 8, 6, 7, 6, 6, 8, 7, 7, 7, 7, 7, 7, 8, 8, 6, 7, 7, 7, 7, 8, 8, 4, 7, 6, 7, 8, 7, 7, 5, 8, 7, 8, 8, 7, 7, 8, 8, 6, 8, 7, 7, 7, 8, 8, 8, 8, 8, 7, 7, 8, 6, 8, 7, 7, 8, 8, 8, 7, 8, 7, 7, 7, 7, 7, 6, 5, 8, 8, 8, 7, 7, 8, 8, 8, 8, 7, 5, 6, 8, 5, 6, 7, 6, 7], "step_size": [0.021932111103588406, 0.021932111103588406, 0.021932111103588406, 0.021932111103588406, 0.021932111103588406, 0.021932111103588406, 0.021932111103588406, 0.021932111103588406, 0.021932111103588406, 0.021932111103588406, 0.021932111103588406, 0.021932111103588406, 0.021932111103588406, 0.021932111103588406, 0.021932111103588406, 0.021932111103588406, 0.021932111103588406, 0.021932111103588406, 0.021932111103588406, 0.021932111103588406, 0.021932111103588406, 0.021932111103588406, 0.021932111103588406, 0.021932111103588406, 0.021932111103588406, 0.021932111103588406, 0.021932111103588406, 0.021932111103588406, 0.021932111103588406, 0.021932111103588406, 0.021932111103588406, 0.021932111103588406, 0.021932111103588406, 0.021932111103588406, 0.021932111103588406, 0.021932111103588406, 0.021932111103588406, 0.021932111103588406, 0.021932111103588406, 0.021932111103588406, 0.021932111103588406, 0.021932111103588406, 0.021932111103588406, 0.021932111103588406, 0.021932111103588406, 0.021932111103588406, 0.021932111103588406, 0.021932111103588406, 0.021932111103588406, 0.021932111103588406, 0.021932111103588406, 0.021932111103588406, 0.021932111103588406, 0.021932111103588406, 0.021932111103588406, 0.021932111103588406, 0.021932111103588406, 0.021932111103588406, 0.021932111103588406, 0.021932111103588406, 0.021932111103588406, 0.021932111103588406, 0.021932111103588406, 0.021932111103588406, 0.021932111103588406, 0.021932111103588406, 0.021932111103588406, 0.021932111103588406, 0.021932111103588406, 0.021932111103588406, 0.021932111103588406, 0.021932111103588406, 0.021932111103588406, 0.021932111103588406, 0.021932111103588406, 0.021932111103588406, 0.021932111103588406, 0.021932111103588406, 0.021932111103588406, 0.021932111103588406, 0.021932111103588406, 0.021932111103588406, 0.021932111103588406, 0.021932111103588406, 0.021932111103588406, 0.021932111103588406, 0.021932111103588406, 0.021932111103588406, 0.021932111103588406, 0.021932111103588406, 0.021932111103588406, 0.021932111103588406, 0.021932111103588406, 0.021932111103588406, 0.021932111103588406, 0.021932111103588406, 0.021932111103588406, 0.021932111103588406, 0.021932111103588406, 0.021932111103588406], "tune": [true, false, false, false, false, false, false, false, false, false, false, false, false, false, false, false, false, false, false, false, false, false, false, false, false, false, false, false, false, false, false, false, false, false, false, false, false, false, false, false, false, false, false, false, false, false, false, false, false, false, false, false, false, false, false, false, false, false, false, false, false, false, false, false, false, false, false, false, false, false, false, false, false, false, false, false, false, false, false, false, false, false, false, false, false, false, false, false, false, false, false, false, false, false, false, false, false, false, false, false], "mean_tree_accept": [0.9574915955547108, 0.9689852194808017, 0.9969654301097776, 0.9998906916550372, 0.9935576899522568, 0.9986460772762495, 0.9882267476549144, 0.9714383690292618, 0.976365826274204, 0.995994152568382, 0.9989234302352792, 0.9868924752963203, 0.9551763934937687, 0.9981394620129069, 0.9950773962296918, 0.9769457928369317, 0.9989741410698051, 0.9995344420520335, 0.9807089400112252, 0.9867518975872183, 0.9997578758844249, 0.991153626512447, 0.6373015734361769, 0.9998639425046288, 0.9851101274456457, 0.9679451002855778, 0.9994509682629933, 0.9592629979725062, 0.9737976252022778, 0.9999598710804146, 0.9783673164910508, 0.9865006781336835, 0.9980311527302902, 0.9879656260807753, 0.9938776078697615, 0.9830983187214403, 0.4157622627120733, 0.9968624196260166, 0.9228516636689619, 0.7635875301564303, 0.9288788931621633, 0.9835337767800104, 0.9624490594728603, 0.9878604984808188, 0.9631527363384152, 0.9885648348886457, 0.9922169005265318, 0.980452436043683, 0.7925178730787779, 0.9837037079361021, 0.9977804542010109, 0.9669428624951183, 0.858079576623742, 0.9783128117188151, 0.866547375845454, 0.9997318660575066, 0.9986197384151072, 0.9994124332730037, 0.9826111730354883, 0.9596350324208651, 0.9656570051076337, 0.9898663253220849, 0.918979522786787, 0.9850957847318448, 0.9896902815144554, 0.9882397489279348, 0.9470982277610821, 0.7964115038644493, 0.8286279252524685, 0.9984153160914544, 0.9944368262215443, 0.9327126162762286, 0.9866111811426832, 0.9998380571840599, 0.9206482165331051, 0.9996282510009651, 0.98478896175349, 0.9897370259055872, 0.9933279350265607, 0.9181602295093703, 0.9787574072486136, 0.9966840986008474, 0.9901231693693792, 0.9990398135080536, 0.9987740672849837, 0.9882046802993201, 0.9948637477863175, 0.973496669987385, 0.9798264308961421, 0.9742973645399213, 0.9373735326205973, 0.998493822641804, 0.9495756062204906, 0.9895985012995859, 0.9997804213621323, 0.9937574671581287, 0.9250575368702485, 0.9969470842771339, 0.9826939127121372, 0.9874137120949816], "step_size_bar": [0.015360833837910962, 0.015360833837910962, 0.015360833837910962, 0.015360833837910962, 0.015360833837910962, 0.015360833837910962, 0.015360833837910962, 0.015360833837910962, 0.015360833837910962, 0.015360833837910962, 0.015360833837910962, 0.015360833837910962, 0.015360833837910962, 0.015360833837910962, 0.015360833837910962, 0.015360833837910962, 0.015360833837910962, 0.015360833837910962, 0.015360833837910962, 0.015360833837910962, 0.015360833837910962, 0.015360833837910962, 0.015360833837910962, 0.015360833837910962, 0.015360833837910962, 0.015360833837910962, 0.015360833837910962, 0.015360833837910962, 0.015360833837910962, 0.015360833837910962, 0.015360833837910962, 0.015360833837910962, 0.015360833837910962, 0.015360833837910962, 0.015360833837910962, 0.015360833837910962, 0.015360833837910962, 0.015360833837910962, 0.015360833837910962, 0.015360833837910962, 0.015360833837910962, 0.015360833837910962, 0.015360833837910962, 0.015360833837910962, 0.015360833837910962, 0.015360833837910962, 0.015360833837910962, 0.015360833837910962, 0.015360833837910962, 0.015360833837910962, 0.015360833837910962, 0.015360833837910962, 0.015360833837910962, 0.015360833837910962, 0.015360833837910962, 0.015360833837910962, 0.015360833837910962, 0.015360833837910962, 0.015360833837910962, 0.015360833837910962, 0.015360833837910962, 0.015360833837910962, 0.015360833837910962, 0.015360833837910962, 0.015360833837910962, 0.015360833837910962, 0.015360833837910962, 0.015360833837910962, 0.015360833837910962, 0.015360833837910962, 0.015360833837910962, 0.015360833837910962, 0.015360833837910962, 0.015360833837910962, 0.015360833837910962, 0.015360833837910962, 0.015360833837910962, 0.015360833837910962, 0.015360833837910962, 0.015360833837910962, 0.015360833837910962, 0.015360833837910962, 0.015360833837910962, 0.015360833837910962, 0.015360833837910962, 0.015360833837910962, 0.015360833837910962, 0.015360833837910962, 0.015360833837910962, 0.015360833837910962, 0.015360833837910962, 0.015360833837910962, 0.015360833837910962, 0.015360833837910962, 0.015360833837910962, 0.015360833837910962, 0.015360833837910962, 0.015360833837910962, 0.015360833837910962, 0.015360833837910962],