{"draw_idx": 100, "draws": null, "_stats": [{"depth": [8, 8, 7, 8, 5, 7, 7, 5, 8, 9, 8, 7, 7, 8, 7, 9, 9, 8, 8, 9, 4, 8, 7, 7, 8, 8, 8, 8, 9, 8, 8, 8, 8, 8, 8, 6, 8, 8, 6, 9, 8, 7, 8, 7, 8, 8, 8, 7, 8, 8, 8, 7, 8, 8, 8, 9, 8, 9, 8, 7, 8, 8, 7, 8, 8, 8, 8, 5, 8, 7, 8, 6, 8, 8, 8, 8, 8, 8, 8, 8, 8, 8, 7, 7, 9, 7, 5, 8, 7, 8, 9, 8, 9, 8, 4, 7, 6, 8, 6, 7], "step_size": [0.008503953595567208, 0.008503953595567208, 0.008503953595567208, 0.008503953595567208, 0.008503953595567208, 0.008503953595567208, 0.008503953595567208, 0.008503953595567208, 0.008503953595567208, 0.008503953595567208, 0.008503953595567208, 0.008503953595567208, 0.008503953595567208, 0.008503953595567208, 0.008503953595567208, 0.008503953595567208, 0.008503953595567208, 0.008503953595567208, 0.008503953595567208, 0.008503953595567208, 0.008503953595567208, 0.008503953595567208, 0.008503953595567208, 0.008503953595567208, 0.008503953595567208, 0.008503953595567208, 0.008503953595567208, 0.008503953595567208, 0.008503953595567208, 0.008503953595567208, 0.008503953595567208, 0.008503953595567208, 0.008503953595567208, 0.008503953595567208, 0.008503953595567208, 0.008503953595567208, 0.008503953595567208, 0.008503953595567208, 0.008503953595567208, 0.008503953595567208, 0.008503953595567208, 0.008503953595567208, 0.008503953595567208, 0.008503953595567208, 0.008503953595567208, 0.008503953595567208, 0.008503953595567208, 0.008503953595567208, 0.008503953595567208, 0.008503953595567208, 0.008503953595567208, 0.008503953595567208, 0.008503953595567208, 0.008503953595567208, 0.008503953595567208, 0.008503953595567208, 0.008503953595567208, 0.008503953595567208, 0.008503953595567208, 0.008503953595567208, 0.008503953595567208, 0.008503953595567208, 0.008503953595567208, 0.008503953595567208, 0.008503953595567208, 0.008503953595567208, 0.008503953595567208, 0.008503953595567208, 0.008503953595567208, 0.008503953595567208, 0.008503953595567208, 0.008503953595567208, 0.008503953595567208, 0.008503953595567208, 0.008503953595567208, 0.008503953595567208, 0.008503953595567208, 0.008503953595567208, 0.008503953595567208, 0.008503953595567208, 0.008503953595567208, 0.008503953595567208, 0.008503953595567208, 0.008503953595567208, 0.008503953595567208, 0.008503953595567208, 0.008503953595567208, 0.008503953595567208, 0.008503953595567208, 0.008503953595567208, 0.008503953595567208, 0.008503953595567208, 0.008503953595567208, 0.008503953595567208, 0.008503953595567208, 0.008503953595567208, 0.008503953595567208, 0.008503953595567208, 0.008503953595567208, 0.008503953595567208], "tune": [true, false, false, false, false, false, false, false, false, false, false, false, false, false, false, false, false, false, false, false, false, false, false, false, false, false, false, false, false, false, false, false, false, false, false, false, false, false, false, false, false, false, false, false, false, false, false, false, false, false, false, false, false, false, false, false, false, false, false, false, false, false, false, false, false, false, false, false, false, false, false, false, false, false, false, false, false, false, false, false, false, false, false, false, false, false, false, false, false, false, false, false, false, false, false, false, false, false, false, false], "mean_tree_accept": [0.9993400864699455, 0.9575891594443587, 0.9905479950636226, 0.9929709068530028, 0.9571734874229668, 0.9839737639997881, 0.3372261128610026, 0.2773685871473191, 0.10996521466358733, 0.995931161129233, 0.38595087812329376, 0.9376120456588284, 0.5527919916767045, 0.9793063513409439, 0.6719585462604966, 0.9583581351775318, 0.8342842447666071, 0.1693173074687413, 0.09650937458310367, 0.338620113627848, 0.6426851632127124, 0.9418397981148479, 0.41815165318676084, 0.6491162854293118, 0.9227493270455503, 0.8955182425830697, 0.9838087872707997, 0.9866776678711073, 0.8715095284549785, 0.9796549706870425, 0.9978858017047729, 0.9998897794567551, 0.998598020370847, 0.9985505946348788, 0.9990790350411466, 0.9984376727396973, 0.9894406366804915, 0.9955775456562236, 0.3373058336251801, 0.9999839204162488, 0.9976556050497664, 0.995853270431147, 0.9925893620573509, 0.781571131783601, 0.9999788885732518, 0.998157634458099, 0.9953459377332953, 0.9989281125797285, 0.9902523106824213, 0.9225946076515169, 0.9977647971105804, 0.9986986682179225, 0.9987677273416011, 0.9895930949659523, 0.9014379466778063, 0.947932797123576, 0.5671256195302471, 0.9984562202089233, 0.9990214584684302, 0.9813141291339544, 0.9850374408680999, 0.9987517505836769, 0.9879577652689822, 0.9989921641634757, 0.9947161967141168, 0.9999168022460304, 0.9956196307331326, 0.9768968667902496, 0.8863723041329292, 0.3742768154572679, 0.30798901531041817, 0.837868322880702, 1.0, 0.8600415744585299, 0.9993758205427656, 0.9999077418273014, 0.9999712397491207, 0.9986124830957893, 0.6744748978256611, 0.6623978817403479, 0.9821967072830917, 0.9683984420027127, 0.9922718960438512, 0.9950986746181162, 0.9964353098086983, 0.9986375496292732, 0.988795256574373, 0.988633272048569, 0.9984351751512852, 0.9950872009432635, 0.4683636896974771, 0.9888939693238028, 0.758416290211309, 0.9959727907104465, 0.9966869316857507, 0.9873758421335138, 0.9899044426879139, 0.9851919137529936, 0.9838730721746562, 0.8586943499509109], "step_size_bar": [0.009552447725627545, 0.009552447725627545, 0.009552447725627545, 0.009552447725627545, 0.009552447725627545, 0.009552447725627545, 0.009552447725627545, 0.009552447725627545, 0.009552447725627545, 0.009552447725627545, 0.009552447725627545, 0.009552447725627545, 0.009552447725627545, 0.009552447725627545, 0.009552447725627545, 0.009552447725627545, 0.009552447725627545, 0.009552447725627545, 0.009552447725627545, 0.009552447725627545, 0.009552447725627545, 0.009552447725627545, 0.009552447725627545, 0.009552447725627545, 0.009552447725627545, 0.009552447725627545, 0.009552447725627545, 0.009552447725627545, 0.009552447725627545, 0.009552447725627545, 0.009552447725627545, 0.009552447725627545, 0.009552447725627545, 0.009552447725627545, 0.009552447725627545, 0.009552447725627545, 0.009552447725627545, 0.009552447725627545, 0.009552447725627545, 0.009552447725627545, 0.009552447725627545, 0.009552447725627545, 0.009552447725627545, 0.009552447725627545, 0.009552447725627545, 0.009552447725627545, 0.009552447725627545, 0.009552447725627545, 0.009552447725627545, 0.009552447725627545, 0.009552447725627545, 0.009552447725627545, 0.009552447725627545, 0.009552447725627545, 0.009552447725627545, 0.009552447725627545, 0.009552447725627545, 0.009552447725627545, 0.009552447725627545, 0.009552447725627545, 0.009552447725627545, 0.009552447725627545, 0.009552447725627545, 0.009552447725627545, 0.009552447725627545, 0.009552447725627545, 0.009552447725627545, 0.009552447725627545, 0.009552447725627545, 0.009552447725627545, 0.009552447725627545, 0.009552447725627545, 0.009552447725627545, 0.009552447725627545, 0.009552447725627545, 0.009552447725627545, 0.009552447725627545, 0.009552447725627545, 0.009552447725627545, 0.009552447725627545, 0.009552447725627545, 0.009552447725627545, 0.009552447725627545, 0.009552447725627545, 0.009552447725627545, 0.009552447725627545, 0.009552447725627545, 0.009552447725627545, 0.009552447725627545, 0.009552447725627545, 0.009552447725627545, 0.009552447725627545, 0.009552447725627545, 0.009552447725627545, 0.009552447725627545, 0.009552447725627545, 0.009552447725627545, 0.009552447725627545, 0.009552447725627545, 0.009552447725627545],