{"draw_idx": 100, "draws": null, "_stats": [{"depth": [6, 7, 8, 8, 7, 7, 8, 8, 7, 8, 6, 7, 8, 8, 8, 7, 6, 8, 8, 8, 8, 8, 8, 7, 7, 8, 6, 8, 8, 8, 8, 8, 7, 8, 4, 7, 7, 7, 8, 8, 7, 4, 8, 8, 8, 8, 8, 8, 8, 7, 8, 8, 8, 8, 7, 7, 8, 8, 7, 5, 7, 8, 8, 8, 3, 7, 7, 8, 7, 7, 7, 6, 8, 7, 8, 7, 7, 8, 7, 6, 4, 7, 4, 8, 7, 8, 7, 7, 7, 7, 6, 7, 4, 7, 8, 8, 7, 8, 8, 7], "step_size": [0.023125904649175282, 0.023125904649175282, 0.023125904649175282, 0.023125904649175282, 0.023125904649175282, 0.023125904649175282, 0.023125904649175282, 0.023125904649175282, 0.023125904649175282, 0.023125904649175282, 0.023125904649175282, 0.023125904649175282, 0.023125904649175282, 0.023125904649175282, 0.023125904649175282, 0.023125904649175282, 0.023125904649175282, 0.023125904649175282, 0.023125904649175282, 0.023125904649175282, 0.023125904649175282, 0.023125904649175282, 0.023125904649175282, 0.023125904649175282, 0.023125904649175282, 0.023125904649175282, 0.023125904649175282, 0.023125904649175282, 0.023125904649175282, 0.023125904649175282, 0.023125904649175282, 0.023125904649175282, 0.023125904649175282, 0.023125904649175282, 0.023125904649175282, 0.023125904649175282, 0.023125904649175282, 0.023125904649175282, 0.023125904649175282, 0.023125904649175282, 0.023125904649175282, 0.023125904649175282, 0.023125904649175282, 0.023125904649175282, 0.023125904649175282, 0.023125904649175282, 0.023125904649175282, 0.023125904649175282, 0.023125904649175282, 0.023125904649175282, 0.023125904649175282, 0.023125904649175282, 0.023125904649175282, 0.023125904649175282, 0.023125904649175282, 0.023125904649175282, 0.023125904649175282, 0.023125904649175282, 0.023125904649175282, 0.023125904649175282, 0.023125904649175282, 0.023125904649175282, 0.023125904649175282, 0.023125904649175282, 0.023125904649175282, 0.023125904649175282, 0.023125904649175282, 0.023125904649175282, 0.023125904649175282, 0.023125904649175282, 0.023125904649175282, 0.023125904649175282, 0.023125904649175282, 0.023125904649175282, 0.023125904649175282, 0.023125904649175282, 0.023125904649175282, 0.023125904649175282, 0.023125904649175282, 0.023125904649175282, 0.023125904649175282, 0.023125904649175282, 0.023125904649175282, 0.023125904649175282, 0.023125904649175282, 0.023125904649175282, 0.023125904649175282, 0.023125904649175282, 0.023125904649175282, 0.023125904649175282, 0.023125904649175282, 0.023125904649175282, 0.023125904649175282, 0.023125904649175282, 0.023125904649175282, 0.023125904649175282, 0.023125904649175282, 0.023125904649175282, 0.023125904649175282, 0.023125904649175282], "tune": [true, false, false, false, false, false, false, false, false, false, false, false, false, false, false, false, false, false, false, false, false, false, false, false, false, false, false, false, false, false, false, false, false, false, false, false, false, false, false, false, false, false, false, false, false, false, false, false, false, false, false, false, false, false, false, false, false, false, false, false, false, false, false, false, false, false, false, false, false, false, false, false, false, false, false, false, false, false, false, false, false, false, false, false, false, false, false, false, false, false, false, false, false, false, false, false, false, false, false, false], "mean_tree_accept": [0.8011439811267773, 0.9731354231522785, 0.9969333518909609, 0.9147430829989898, 0.9696562425438605, 0.9997684648713733, 0.9910476987375831, 0.6297575333949064, 0.9906941403330477, 0.8260305256569507, 0.9999897114925838, 0.9988772569017782, 0.9998733291605852, 0.9982960014132454, 0.9774640267667043, 0.998597247483907, 0.99578720846027, 0.9954041196579864, 0.9083467147065092, 0.9998330189314799, 0.9850395604399281, 0.9869806778304209, 0.9043867315281668, 0.9996567182259463, 0.9791436363924253, 0.9768748631922778, 0.7950764538496887, 0.9998258169095561, 0.9950273921024294, 0.9982545645637434, 0.9946898277601082, 0.9995178760788765, 0.9976844880455374, 0.9840117861067276, 0.9912462224101629, 0.9788027043087518, 0.9920373000282762, 0.9979287662917741, 0.9976467959809648, 0.994127527957706, 0.9992172250061537, 0.9655593866193939, 0.9931676307837614, 0.9757832820358703, 0.9990059145775007, 0.9975075769943285, 0.9989150332708737, 0.925809455667151, 0.8574081234166455, 0.996719102881745, 0.7817235117938922, 0.9749988855482478, 0.9975337964176898, 0.9917576650134661, 0.999249753959756, 0.9852595642601029, 0.9605678448686639, 0.83224005045394, 0.9972849041166205, 0.9982184487995451, 0.9770126220081944, 0.9936164788324062, 0.9980724601112171, 0.9619859991511835, 0.8793655490902227, 0.9965853154596155, 0.9972901352770612, 0.6949917714758258, 0.9911997021372362, 0.9928125321761505, 0.9991230266694662, 0.9921658652577391, 0.9816875041224393, 0.8861008871154835, 0.9976912135130398, 0.9420497454488955, 0.9931204653029251, 0.4255626985174489, 0.9028562440381402, 0.942354559889645, 1.0, 0.9763625084503931, 0.9966952020279962, 0.9324795016633313, 0.9825629564075263, 0.9827746912466143, 0.9986098072165805, 0.9999881996759505, 0.999613343747956, 0.9997108632741192, 0.9954324692105883, 0.9798023460048799, 0.9996140383897602, 0.9214823813143872, 0.9876609816554288, 0.9955582194469453, 0.9681093038425509, 0.9968878076871932, 0.9883368598147415, 0.9312860520745426], "step_size_bar": [0.013779245716498861, 0.013779245716498861, 0.013779245716498861, 0.013779245716498861, 0.013779245716498861, 0.013779245716498861, 0.013779245716498861, 0.013779245716498861, 0.013779245716498861, 0.013779245716498861, 0.013779245716498861, 0.013779245716498861, 0.013779245716498861, 0.013779245716498861, 0.013779245716498861, 0.013779245716498861, 0.013779245716498861, 0.013779245716498861, 0.013779245716498861, 0.013779245716498861, 0.013779245716498861, 0.013779245716498861, 0.013779245716498861, 0.013779245716498861, 0.013779245716498861, 0.013779245716498861, 0.013779245716498861, 0.013779245716498861, 0.013779245716498861, 0.013779245716498861, 0.013779245716498861, 0.013779245716498861, 0.013779245716498861, 0.013779245716498861, 0.013779245716498861, 0.013779245716498861, 0.013779245716498861, 0.013779245716498861, 0.013779245716498861, 0.013779245716498861, 0.013779245716498861, 0.013779245716498861, 0.013779245716498861, 0.013779245716498861, 0.013779245716498861, 0.013779245716498861, 0.013779245716498861, 0.013779245716498861, 0.013779245716498861, 0.013779245716498861, 0.013779245716498861, 0.013779245716498861, 0.013779245716498861, 0.013779245716498861, 0.013779245716498861, 0.013779245716498861, 0.013779245716498861, 0.013779245716498861, 0.013779245716498861, 0.013779245716498861, 0.013779245716498861, 0.013779245716498861, 0.013779245716498861, 0.013779245716498861, 0.013779245716498861, 0.013779245716498861, 0.013779245716498861, 0.013779245716498861, 0.013779245716498861, 0.013779245716498861, 0.013779245716498861, 0.013779245716498861, 0.013779245716498861, 0.013779245716498861, 0.013779245716498861, 0.013779245716498861, 0.013779245716498861, 0.013779245716498861, 0.013779245716498861, 0.013779245716498861, 0.013779245716498861, 0.013779245716498861, 0.013779245716498861, 0.013779245716498861, 0.013779245716498861, 0.013779245716498861, 0.013779245716498861, 0.013779245716498861, 0.013779245716498861, 0.013779245716498861, 0.013779245716498861, 0.013779245716498861, 0.013779245716498861, 0.013779245716498861, 0.013779245716498861, 0.013779245716498861, 0.013779245716498861, 0.013779245716498861, 0.013779245716498861, 0.013779245716498861],