{"draw_idx": 100, "draws": null, "_stats": [{"depth": [7, 7, 7, 7, 7, 7, 8, 7, 7, 6, 5, 6, 8, 4, 8, 7, 7, 7, 8, 7, 8, 8, 6, 8, 8, 8, 6, 8, 7, 7, 7, 7, 7, 7, 7, 7, 7, 7, 8, 2, 8, 7, 8, 8, 7, 8, 8, 9, 7, 8, 8, 7, 7, 4, 7, 7, 7, 6, 8, 7, 7, 7, 6, 5, 7, 8, 8, 7, 8, 7, 6, 5, 7, 7, 8, 7, 7, 6, 7, 8, 6, 6, 7, 7, 7, 8, 6, 7, 5, 7, 7, 7, 7, 6, 7, 8, 7, 7, 6, 6], "step_size": [0.015505651710856235, 0.015505651710856235, 0.015505651710856235, 0.015505651710856235, 0.015505651710856235, 0.015505651710856235, 0.015505651710856235, 0.015505651710856235, 0.015505651710856235, 0.015505651710856235, 0.015505651710856235, 0.015505651710856235, 0.015505651710856235, 0.015505651710856235, 0.015505651710856235, 0.015505651710856235, 0.015505651710856235, 0.015505651710856235, 0.015505651710856235, 0.015505651710856235, 0.015505651710856235, 0.015505651710856235, 0.015505651710856235, 0.015505651710856235, 0.015505651710856235, 0.015505651710856235, 0.015505651710856235, 0.015505651710856235, 0.015505651710856235, 0.015505651710856235, 0.015505651710856235, 0.015505651710856235, 0.015505651710856235, 0.015505651710856235, 0.015505651710856235, 0.015505651710856235, 0.015505651710856235, 0.015505651710856235, 0.015505651710856235, 0.015505651710856235, 0.015505651710856235, 0.015505651710856235, 0.015505651710856235, 0.015505651710856235, 0.015505651710856235, 0.015505651710856235, 0.015505651710856235, 0.015505651710856235, 0.015505651710856235, 0.015505651710856235, 0.015505651710856235, 0.015505651710856235, 0.015505651710856235, 0.015505651710856235, 0.015505651710856235, 0.015505651710856235, 0.015505651710856235, 0.015505651710856235, 0.015505651710856235, 0.015505651710856235, 0.015505651710856235, 0.015505651710856235, 0.015505651710856235, 0.015505651710856235, 0.015505651710856235, 0.015505651710856235, 0.015505651710856235, 0.015505651710856235, 0.015505651710856235, 0.015505651710856235, 0.015505651710856235, 0.015505651710856235, 0.015505651710856235, 0.015505651710856235, 0.015505651710856235, 0.015505651710856235, 0.015505651710856235, 0.015505651710856235, 0.015505651710856235, 0.015505651710856235, 0.015505651710856235, 0.015505651710856235, 0.015505651710856235, 0.015505651710856235, 0.015505651710856235, 0.015505651710856235, 0.015505651710856235, 0.015505651710856235, 0.015505651710856235, 0.015505651710856235, 0.015505651710856235, 0.015505651710856235, 0.015505651710856235, 0.015505651710856235, 0.015505651710856235, 0.015505651710856235, 0.015505651710856235, 0.015505651710856235, 0.015505651710856235, 0.015505651710856235], "tune": [true, false, false, false, false, false, false, false, false, false, false, false, false, false, false, false, false, false, false, false, false, false, false, false, false, false, false, false, false, false, false, false, false, false, false, false, false, false, false, false, false, false, false, false, false, false, false, false, false, false, false, false, false, false, false, false, false, false, false, false, false, false, false, false, false, false, false, false, false, false, false, false, false, false, false, false, false, false, false, false, false, false, false, false, false, false, false, false, false, false, false, false, false, false, false, false, false, false, false, false], "mean_tree_accept": [0.8132868058972537, 0.9756817419921127, 0.9909342740693956, 0.996155110796364, 0.9795849331454174, 0.9986796272700604, 0.8321102253737834, 0.9975032483592481, 0.8904743384532218, 0.21061884734092368, 0.7390269885008393, 0.94518825702317, 0.9576710719239452, 0.8799387110288769, 0.9847603429034513, 0.9910541778380203, 0.9895419794087377, 0.9960591239427038, 0.7989688041584986, 0.868327703454204, 0.9999683931815786, 0.885957626205705, 0.9875376429888986, 1.0, 0.9954484316611821, 0.8607541163910342, 0.9919822896710228, 0.9915220518034497, 0.9997249141335653, 0.9946884528694488, 0.9978856149995591, 0.9749379393796411, 0.9946636694190503, 0.9978461437402538, 0.9903256134118553, 0.99903452826379, 0.999362748820963, 0.9084533445096387, 0.9948213693205795, 0.9712645510512646, 0.9927324352894489, 0.9983810502170279, 0.9725449871000984, 0.9624055308676749, 0.9953402337472045, 0.9299775289107998, 0.03145644216609213, 0.9742252279049345, 0.9992651448783092, 0.848250144569329, 0.9704811852374371, 0.9934387360913035, 0.6842964677608656, 0.9969568025668498, 0.9953724578995533, 0.8589677713822776, 0.9913010039948847, 0.9995292140786355, 0.7765754337043032, 0.9955049388086543, 0.9982655339951292, 0.999235965480178, 0.9980938960401662, 0.9836134695367378, 0.9986797620616256, 0.993143783686411, 0.9115928670229244, 0.8566101926630117, 0.9016831946712945, 0.9757859949267094, 0.46612520616700925, 0.14891826536927583, 0.7958159139165537, 0.6342367726657554, 0.9971498429677833, 0.9439349423938385, 0.9986672491343703, 0.9885146238958122, 0.9591125442475393, 0.9872095051374558, 0.9999758635275542, 0.9982636457237748, 0.9706036086723151, 0.9782792364055326, 0.9976952309293664, 0.9953854269750699, 0.9844750441346627, 0.9758730899813117, 0.9996428560216281, 0.9961365474378558, 0.9715699153293821, 0.8624019556715965, 0.9953117263102217, 0.9987753779932498, 0.9859369156579098, 0.9823794355809636, 0.909959194153485, 0.9252588731730024, 0.9990264684185904, 0.9842232672859376], "step_size_bar": [0.015294580932361052, 0.015294580932361052, 0.015294580932361052, 0.015294580932361052, 0.015294580932361052, 0.015294580932361052, 0.015294580932361052, 0.015294580932361052, 0.015294580932361052, 0.015294580932361052, 0.015294580932361052, 0.015294580932361052, 0.015294580932361052, 0.015294580932361052, 0.015294580932361052, 0.015294580932361052, 0.015294580932361052, 0.015294580932361052, 0.015294580932361052, 0.015294580932361052, 0.015294580932361052, 0.015294580932361052, 0.015294580932361052, 0.015294580932361052, 0.015294580932361052, 0.015294580932361052, 0.015294580932361052, 0.015294580932361052, 0.015294580932361052, 0.015294580932361052, 0.015294580932361052, 0.015294580932361052, 0.015294580932361052, 0.015294580932361052, 0.015294580932361052, 0.015294580932361052, 0.015294580932361052, 0.015294580932361052, 0.015294580932361052, 0.015294580932361052, 0.015294580932361052, 0.015294580932361052, 0.015294580932361052, 0.015294580932361052, 0.015294580932361052, 0.015294580932361052, 0.015294580932361052, 0.015294580932361052, 0.015294580932361052, 0.015294580932361052, 0.015294580932361052, 0.015294580932361052, 0.015294580932361052, 0.015294580932361052, 0.015294580932361052, 0.015294580932361052, 0.015294580932361052, 0.015294580932361052, 0.015294580932361052, 0.015294580932361052, 0.015294580932361052, 0.015294580932361052, 0.015294580932361052, 0.015294580932361052, 0.015294580932361052, 0.015294580932361052, 0.015294580932361052, 0.015294580932361052, 0.015294580932361052, 0.015294580932361052, 0.015294580932361052, 0.015294580932361052, 0.015294580932361052, 0.015294580932361052, 0.015294580932361052, 0.015294580932361052, 0.015294580932361052, 0.015294580932361052, 0.015294580932361052, 0.015294580932361052, 0.015294580932361052, 0.015294580932361052, 0.015294580932361052, 0.015294580932361052, 0.015294580932361052, 0.015294580932361052, 0.015294580932361052, 0.015294580932361052, 0.015294580932361052, 0.015294580932361052, 0.015294580932361052, 0.015294580932361052, 0.015294580932361052, 0.015294580932361052, 0.015294580932361052, 0.015294580932361052, 0.015294580932361052, 0.015294580932361052, 0.015294580932361052, 0.015294580932361052],