{"draw_idx": 100, "draws": null, "_stats": [{"depth": [6, 4, 7, 6, 7, 7, 7, 6, 6, 5, 5, 7, 6, 7, 7, 5, 7, 4, 6, 4, 6, 7, 7, 7, 7, 7, 7, 7, 7, 7, 6, 4, 7, 6, 5, 5, 7, 7, 7, 7, 6, 5, 6, 7, 6, 7, 6, 7, 7, 6, 7, 8, 7, 7, 5, 7, 6, 7, 7, 7, 5, 7, 7, 7, 6, 6, 6, 6, 7, 6, 7, 5, 5, 7, 6, 7, 7, 7, 7, 5, 5, 6, 5, 7, 7, 6, 3, 6, 6, 7, 7, 7, 6, 7, 5, 7, 6, 6, 6, 6], "step_size": [0.01859706165099353, 0.01859706165099353, 0.01859706165099353, 0.01859706165099353, 0.01859706165099353, 0.01859706165099353, 0.01859706165099353, 0.01859706165099353, 0.01859706165099353, 0.01859706165099353, 0.01859706165099353, 0.01859706165099353, 0.01859706165099353, 0.01859706165099353, 0.01859706165099353, 0.01859706165099353, 0.01859706165099353, 0.01859706165099353, 0.01859706165099353, 0.01859706165099353, 0.01859706165099353, 0.01859706165099353, 0.01859706165099353, 0.01859706165099353, 0.01859706165099353, 0.01859706165099353, 0.01859706165099353, 0.01859706165099353, 0.01859706165099353, 0.01859706165099353, 0.01859706165099353, 0.01859706165099353, 0.01859706165099353, 0.01859706165099353, 0.01859706165099353, 0.01859706165099353, 0.01859706165099353, 0.01859706165099353, 0.01859706165099353, 0.01859706165099353, 0.01859706165099353, 0.01859706165099353, 0.01859706165099353, 0.01859706165099353, 0.01859706165099353, 0.01859706165099353, 0.01859706165099353, 0.01859706165099353, 0.01859706165099353, 0.01859706165099353, 0.01859706165099353, 0.01859706165099353, 0.01859706165099353, 0.01859706165099353, 0.01859706165099353, 0.01859706165099353, 0.01859706165099353, 0.01859706165099353, 0.01859706165099353, 0.01859706165099353, 0.01859706165099353, 0.01859706165099353, 0.01859706165099353, 0.01859706165099353, 0.01859706165099353, 0.01859706165099353, 0.01859706165099353, 0.01859706165099353, 0.01859706165099353, 0.01859706165099353, 0.01859706165099353, 0.01859706165099353, 0.01859706165099353, 0.01859706165099353, 0.01859706165099353, 0.01859706165099353, 0.01859706165099353, 0.01859706165099353, 0.01859706165099353, 0.01859706165099353, 0.01859706165099353, 0.01859706165099353, 0.01859706165099353, 0.01859706165099353, 0.01859706165099353, 0.01859706165099353, 0.01859706165099353, 0.01859706165099353, 0.01859706165099353, 0.01859706165099353, 0.01859706165099353, 0.01859706165099353, 0.01859706165099353, 0.01859706165099353, 0.01859706165099353, 0.01859706165099353, 0.01859706165099353, 0.01859706165099353, 0.01859706165099353, 0.01859706165099353], "tune": [true, false, false, false, false, false, false, false, false, false, false, false, false, false, false, false, false, false, false, false, false, false, false, false, false, false, false, false, false, false, false, false, false, false, false, false, false, false, false, false, false, false, false, false, false, false, false, false, false, false, false, false, false, false, false, false, false, false, false, false, false, false, false, false, false, false, false, false, false, false, false, false, false, false, false, false, false, false, false, false, false, false, false, false, false, false, false, false, false, false, false, false, false, false, false, false, false, false, false, false], "mean_tree_accept": [0.5571527700697383, 0.9357966206941785, 0.9902252344609074, 0.9529886751946942, 0.9950646851964393, 0.9998336008875705, 0.9955552827679859, 0.9785918908645219, 0.9997895219702503, 0.9884686843081375, 0.9974515406755687, 0.9481830177256514, 0.9993328540762265, 0.9893441096177318, 0.9985032755800007, 0.7196078032247374, 0.521808558988118, 0.15270003154237205, 0.4272324163797284, 0.8385624152071129, 0.9939378558317337, 0.9949649364905588, 0.9943475905948339, 0.9851168421725689, 0.7335314433147931, 0.9886670910471066, 0.9989896898979417, 0.9301034795329908, 0.8083158849920072, 0.9969785767956952, 0.9956246550849239, 0.996149309362025, 0.9917861426434564, 0.9792855887540299, 1.0, 0.7568842692744665, 0.754452022858381, 0.8534177680125246, 0.407316998601586, 0.9445661867530403, 0.9991148323593277, 0.88461573937769, 0.9919622166643456, 0.9433768648449403, 0.9749378323926527, 0.7993774028317876, 0.9715329697931592, 0.9887178028315778, 0.950940166772443, 0.9991250292283039, 0.9964923009144487, 0.8529059487513081, 0.9993579763355257, 0.9536604848638658, 0.9975552176654561, 0.9952078593496501, 0.9941028088431556, 0.7060780565304129, 0.9532542990655603, 0.9994400125018228, 0.9768843611482719, 0.998089858532006, 0.9865436897752106, 0.8015234753826993, 0.982827363796953, 0.9831143788130298, 0.9928683477152982, 0.9970689284525331, 0.9978920991499395, 0.9830772436339899, 0.9822716561501368, 0.5773946788854151, 0.9794066443366831, 0.9276637335782675, 0.9937627949651865, 0.915068283950823, 0.9996000257929326, 0.948371998563998, 0.9915974555342947, 0.9409608542530496, 0.9665182213514311, 0.4073935034316585, 0.9839999856027601, 0.966039747727216, 0.7985765742320868, 0.9456846606072927, 0.9999206806826949, 0.9823148670431272, 0.9982926017681163, 0.9827556223014646, 0.6156641956587069, 0.1676607489044153, 0.9902045396088067, 0.9987611073695629, 0.982517034379897, 0.918810984821885, 0.9656584988938952, 0.7730160649681983, 0.8698431935939643, 0.9852830567322062], "step_size_bar": [0.022657226954081268, 0.022657226954081268, 0.022657226954081268, 0.022657226954081268, 0.022657226954081268, 0.022657226954081268, 0.022657226954081268, 0.022657226954081268, 0.022657226954081268, 0.022657226954081268, 0.022657226954081268, 0.022657226954081268, 0.022657226954081268, 0.022657226954081268, 0.022657226954081268, 0.022657226954081268, 0.022657226954081268, 0.022657226954081268, 0.022657226954081268, 0.022657226954081268, 0.022657226954081268, 0.022657226954081268, 0.022657226954081268, 0.022657226954081268, 0.022657226954081268, 0.022657226954081268, 0.022657226954081268, 0.022657226954081268, 0.022657226954081268, 0.022657226954081268, 0.022657226954081268, 0.022657226954081268, 0.022657226954081268, 0.022657226954081268, 0.022657226954081268, 0.022657226954081268, 0.022657226954081268, 0.022657226954081268, 0.022657226954081268, 0.022657226954081268, 0.022657226954081268, 0.022657226954081268, 0.022657226954081268, 0.022657226954081268, 0.022657226954081268, 0.022657226954081268, 0.022657226954081268, 0.022657226954081268, 0.022657226954081268, 0.022657226954081268, 0.022657226954081268, 0.022657226954081268, 0.022657226954081268, 0.022657226954081268, 0.022657226954081268, 0.022657226954081268, 0.022657226954081268, 0.022657226954081268, 0.022657226954081268, 0.022657226954081268, 0.022657226954081268, 0.022657226954081268, 0.022657226954081268, 0.022657226954081268, 0.022657226954081268, 0.022657226954081268, 0.022657226954081268, 0.022657226954081268, 0.022657226954081268, 0.022657226954081268, 0.022657226954081268, 0.022657226954081268, 0.022657226954081268, 0.022657226954081268, 0.022657226954081268, 0.022657226954081268, 0.022657226954081268, 0.022657226954081268, 0.022657226954081268, 0.022657226954081268, 0.022657226954081268, 0.022657226954081268, 0.022657226954081268, 0.022657226954081268, 0.022657226954081268, 0.022657226954081268, 0.022657226954081268, 0.022657226954081268, 0.022657226954081268, 0.022657226954081268, 0.022657226954081268, 0.022657226954081268, 0.022657226954081268, 0.022657226954081268, 0.022657226954081268, 0.022657226954081268, 0.022657226954081268, 0.022657226954081268, 0.022657226954081268, 0.022657226954081268],