{"draw_idx": 100, "draws": null, "_stats": [{"depth": [6, 6, 8, 6, 6, 6, 6, 8, 6, 5, 5, 6, 7, 7, 8, 6, 6, 6, 7, 7, 6, 8, 6, 7, 7, 6, 8, 6, 5, 5, 6, 5, 7, 6, 8, 8, 8, 7, 7, 7, 8, 6, 7, 8, 7, 5, 7, 6, 7, 7, 7, 7, 6, 8, 4, 7, 8, 7, 7, 5, 7, 7, 8, 5, 7, 7, 7, 5, 7, 7, 7, 6, 6, 7, 6, 7, 5, 7, 4, 5, 7, 7, 6, 7, 7, 8, 7, 7, 8, 8, 8, 7, 7, 6, 5, 7, 6, 6, 7, 7], "step_size": [0.01545319248283092, 0.01545319248283092, 0.01545319248283092, 0.01545319248283092, 0.01545319248283092, 0.01545319248283092, 0.01545319248283092, 0.01545319248283092, 0.01545319248283092, 0.01545319248283092, 0.01545319248283092, 0.01545319248283092, 0.01545319248283092, 0.01545319248283092, 0.01545319248283092, 0.01545319248283092, 0.01545319248283092, 0.01545319248283092, 0.01545319248283092, 0.01545319248283092, 0.01545319248283092, 0.01545319248283092, 0.01545319248283092, 0.01545319248283092, 0.01545319248283092, 0.01545319248283092, 0.01545319248283092, 0.01545319248283092, 0.01545319248283092, 0.01545319248283092, 0.01545319248283092, 0.01545319248283092, 0.01545319248283092, 0.01545319248283092, 0.01545319248283092, 0.01545319248283092, 0.01545319248283092, 0.01545319248283092, 0.01545319248283092, 0.01545319248283092, 0.01545319248283092, 0.01545319248283092, 0.01545319248283092, 0.01545319248283092, 0.01545319248283092, 0.01545319248283092, 0.01545319248283092, 0.01545319248283092, 0.01545319248283092, 0.01545319248283092, 0.01545319248283092, 0.01545319248283092, 0.01545319248283092, 0.01545319248283092, 0.01545319248283092, 0.01545319248283092, 0.01545319248283092, 0.01545319248283092, 0.01545319248283092, 0.01545319248283092, 0.01545319248283092, 0.01545319248283092, 0.01545319248283092, 0.01545319248283092, 0.01545319248283092, 0.01545319248283092, 0.01545319248283092, 0.01545319248283092, 0.01545319248283092, 0.01545319248283092, 0.01545319248283092, 0.01545319248283092, 0.01545319248283092, 0.01545319248283092, 0.01545319248283092, 0.01545319248283092, 0.01545319248283092, 0.01545319248283092, 0.01545319248283092, 0.01545319248283092, 0.01545319248283092, 0.01545319248283092, 0.01545319248283092, 0.01545319248283092, 0.01545319248283092, 0.01545319248283092, 0.01545319248283092, 0.01545319248283092, 0.01545319248283092, 0.01545319248283092, 0.01545319248283092, 0.01545319248283092, 0.01545319248283092, 0.01545319248283092, 0.01545319248283092, 0.01545319248283092, 0.01545319248283092, 0.01545319248283092, 0.01545319248283092, 0.01545319248283092], "tune": [true, false, false, false, false, false, false, false, false, false, false, false, false, false, false, false, false, false, false, false, false, false, false, false, false, false, false, false, false, false, false, false, false, false, false, false, false, false, false, false, false, false, false, false, false, false, false, false, false, false, false, false, false, false, false, false, false, false, false, false, false, false, false, false, false, false, false, false, false, false, false, false, false, false, false, false, false, false, false, false, false, false, false, false, false, false, false, false, false, false, false, false, false, false, false, false, false, false, false, false], "mean_tree_accept": [0.5445692031674628, 0.9974378863762918, 0.9937262358153585, 0.9983296646603308, 0.9962430823279281, 0.999339483721486, 0.9737939291602062, 0.99927677441601, 0.9992292405573153, 0.999943194226016, 0.9693605729328061, 0.9995902356686239, 0.9782745531907822, 0.9708185216151719, 0.9986298460687115, 0.9986556165125977, 0.9933631786014178, 0.9985955134275993, 0.9922473977016453, 0.9818265983406228, 0.9971036486503758, 0.992254473755208, 0.7826583262328759, 0.9947783119000223, 0.966456306321908, 0.995791960384988, 0.9983805737971543, 0.9982002968530419, 0.997610930471884, 0.9707919755877655, 0.9606721037368623, 0.988201292442659, 0.9891064754313907, 0.998349192889895, 0.48340571564557033, 0.9761910973908164, 0.886512446387803, 0.9927298209988258, 0.6933670784188015, 0.9926729688795917, 0.9988357672679271, 0.8971716102925013, 0.964224266522318, 0.7856208141730044, 0.9999936108475883, 0.9796773951450978, 0.9570110001132731, 0.9900410764166022, 0.9990014784479899, 0.98843163259838, 0.9482263122760619, 0.9960541606995821, 0.8934796787540065, 0.9478780705458318, 0.9258443452918136, 0.9810026606555664, 0.952085812847106, 0.9913319592124262, 0.9705825292048285, 0.6681723198565144, 0.9571178023762772, 0.9867262449529998, 0.9996562451672841, 0.9835394591917223, 0.9962010303492331, 0.995252629442403, 0.9482538257267774, 0.9672879876739431, 0.9977906224559746, 0.9987727057139292, 0.9997619286406895, 0.9989733703308141, 0.9947864087530318, 0.9719992269444722, 0.9726662248187877, 0.9928544171530452, 0.997779349471852, 0.9998334212050731, 0.9207192647575139, 0.9989711983494128, 0.9563631398923407, 0.9964153812558836, 0.9997864672660813, 0.9913676572527338, 0.9869791168004522, 0.9964917614156903, 0.9906667033054273, 0.993717601362004, 0.8597643599636589, 0.907671079328457, 0.9972989481953258, 0.9993912643615613, 0.9988972611151739, 0.9980504635398109, 0.9399899272467089, 0.9559275718763297, 0.9995876225750427, 0.9968003340204413, 0.991133165002476, 0.9821164310599598], "step_size_bar": [0.01520161289245794, 0.01520161289245794, 0.01520161289245794, 0.01520161289245794, 0.01520161289245794, 0.01520161289245794, 0.01520161289245794, 0.01520161289245794, 0.01520161289245794, 0.01520161289245794, 0.01520161289245794, 0.01520161289245794, 0.01520161289245794, 0.01520161289245794, 0.01520161289245794, 0.01520161289245794, 0.01520161289245794, 0.01520161289245794, 0.01520161289245794, 0.01520161289245794, 0.01520161289245794, 0.01520161289245794, 0.01520161289245794, 0.01520161289245794, 0.01520161289245794, 0.01520161289245794, 0.01520161289245794, 0.01520161289245794, 0.01520161289245794, 0.01520161289245794, 0.01520161289245794, 0.01520161289245794, 0.01520161289245794, 0.01520161289245794, 0.01520161289245794, 0.01520161289245794, 0.01520161289245794, 0.01520161289245794, 0.01520161289245794, 0.01520161289245794, 0.01520161289245794, 0.01520161289245794, 0.01520161289245794, 0.01520161289245794, 0.01520161289245794, 0.01520161289245794, 0.01520161289245794, 0.01520161289245794, 0.01520161289245794, 0.01520161289245794, 0.01520161289245794, 0.01520161289245794, 0.01520161289245794, 0.01520161289245794, 0.01520161289245794, 0.01520161289245794, 0.01520161289245794, 0.01520161289245794, 0.01520161289245794, 0.01520161289245794, 0.01520161289245794, 0.01520161289245794, 0.01520161289245794, 0.01520161289245794, 0.01520161289245794, 0.01520161289245794, 0.01520161289245794, 0.01520161289245794, 0.01520161289245794, 0.01520161289245794, 0.01520161289245794, 0.01520161289245794, 0.01520161289245794, 0.01520161289245794, 0.01520161289245794, 0.01520161289245794, 0.01520161289245794, 0.01520161289245794, 0.01520161289245794, 0.01520161289245794, 0.01520161289245794, 0.01520161289245794, 0.01520161289245794, 0.01520161289245794, 0.01520161289245794, 0.01520161289245794, 0.01520161289245794, 0.01520161289245794, 0.01520161289245794, 0.01520161289245794, 0.01520161289245794, 0.01520161289245794, 0.01520161289245794, 0.01520161289245794, 0.01520161289245794, 0.01520161289245794, 0.01520161289245794, 0.01520161289245794, 0.01520161289245794, 0.01520161289245794], "tree_size": [47.0, 63.0, 191.0, 63.0, 63.0, 63.0, 63.0, 223.0, 63.0, 31.0, 31.0, 63.0, 119.0, 79.0, 207.0, 63.0, 63.0, 63.0, 127.0, 127.0, 63.0, 255.0, 47.0, 127.0, 127.0, 63.0, 159.0, 63.0, 31.0, 31.0, 63.0, 31.0, 127.0, 63.0, 255.0, 159.0, 135.0, 127.0, 71.0, 127.0, 191.0, 63.0, 127.0, 255.0, 127.0, 31.0, 127.0, 63.0, 127.0, 127.0, 127.0, 95.0, 55.0, 255.0, 15.0, 111.0, 255.0, 95.0, 127.0, 31.0, 95.0, 119.0, 255.0, 31.0, 95.0, 127.0, 95.0, 31.0, 127.0, 127.0, 127.0, 63.0, 63.0, 95.0, 63.0, 95.0, 31.0, 95.0, 15.0, 31.0, 127.0, 127.0, 63.0, 127.0, 127.0, 183.0, 127.0, 127.0, 175.0, 255.0, 255.0, 127.0, 127.0, 63.0, 31.0, 127.0, 63.0, 63.0, 127.0, 95.0],