{"draw_idx": 100, "draws": null, "_stats": [{"depth": [7, 8, 8, 8, 8, 8, 8, 7, 8, 8, 7, 7, 7, 7, 7, 2, 8, 7, 6, 7, 7, 8, 7, 8, 7, 8, 8, 7, 6, 8, 5, 7, 7, 8, 4, 8, 8, 8, 8, 8, 6, 8, 8, 7, 5, 6, 7, 7, 7, 7, 8, 6, 7, 7, 5, 8, 4, 7, 7, 6, 6, 8, 6, 7, 8, 7, 2, 8, 8, 7, 7, 7, 7, 4, 7, 8, 7, 8, 7, 7, 8, 8, 8, 7, 7, 7, 8, 7, 7, 6, 7, 6, 7, 7, 5, 8, 7, 8, 7, 8], "step_size": [0.026433109523699934, 0.026433109523699934, 0.026433109523699934, 0.026433109523699934, 0.026433109523699934, 0.026433109523699934, 0.026433109523699934, 0.026433109523699934, 0.026433109523699934, 0.026433109523699934, 0.026433109523699934, 0.026433109523699934, 0.026433109523699934, 0.026433109523699934, 0.026433109523699934, 0.026433109523699934, 0.026433109523699934, 0.026433109523699934, 0.026433109523699934, 0.026433109523699934, 0.026433109523699934, 0.026433109523699934, 0.026433109523699934, 0.026433109523699934, 0.026433109523699934, 0.026433109523699934, 0.026433109523699934, 0.026433109523699934, 0.026433109523699934, 0.026433109523699934, 0.026433109523699934, 0.026433109523699934, 0.026433109523699934, 0.026433109523699934, 0.026433109523699934, 0.026433109523699934, 0.026433109523699934, 0.026433109523699934, 0.026433109523699934, 0.026433109523699934, 0.026433109523699934, 0.026433109523699934, 0.026433109523699934, 0.026433109523699934, 0.026433109523699934, 0.026433109523699934, 0.026433109523699934, 0.026433109523699934, 0.026433109523699934, 0.026433109523699934, 0.026433109523699934, 0.026433109523699934, 0.026433109523699934, 0.026433109523699934, 0.026433109523699934, 0.026433109523699934, 0.026433109523699934, 0.026433109523699934, 0.026433109523699934, 0.026433109523699934, 0.026433109523699934, 0.026433109523699934, 0.026433109523699934, 0.026433109523699934, 0.026433109523699934, 0.026433109523699934, 0.026433109523699934, 0.026433109523699934, 0.026433109523699934, 0.026433109523699934, 0.026433109523699934, 0.026433109523699934, 0.026433109523699934, 0.026433109523699934, 0.026433109523699934, 0.026433109523699934, 0.026433109523699934, 0.026433109523699934, 0.026433109523699934, 0.026433109523699934, 0.026433109523699934, 0.026433109523699934, 0.026433109523699934, 0.026433109523699934, 0.026433109523699934, 0.026433109523699934, 0.026433109523699934, 0.026433109523699934, 0.026433109523699934, 0.026433109523699934, 0.026433109523699934, 0.026433109523699934, 0.026433109523699934, 0.026433109523699934, 0.026433109523699934, 0.026433109523699934, 0.026433109523699934, 0.026433109523699934, 0.026433109523699934, 0.026433109523699934], "tune": [true, false, false, false, false, false, false, false, false, false, false, false, false, false, false, false, false, false, false, false, false, false, false, false, false, false, false, false, false, false, false, false, false, false, false, false, false, false, false, false, false, false, false, false, false, false, false, false, false, false, false, false, false, false, false, false, false, false, false, false, false, false, false, false, false, false, false, false, false, false, false, false, false, false, false, false, false, false, false, false, false, false, false, false, false, false, false, false, false, false, false, false, false, false, false, false, false, false, false, false], "mean_tree_accept": [0.9623611328144582, 0.9964217101640144, 0.994642928876579, 0.9811379500817384, 0.980289978054711, 0.9994423117836344, 0.9992776505503882, 0.9935449994188567, 0.780854276145288, 0.9513590168839637, 0.9997361290690168, 0.9223944189764626, 0.9982955150336864, 0.9981783842332155, 0.9996990813137767, 0.8993280159966167, 0.9996403324952976, 0.9975515532415407, 0.9692724493823204, 0.997464324546638, 0.9663647772227161, 0.33707207830341845, 0.9967050507026693, 0.9691954661163449, 0.9640561892707803, 0.6195812943169232, 0.9595073717836731, 0.9996402896891466, 0.9839445967842494, 0.8570936941918507, 1.0, 0.9828120007770131, 0.999524167763303, 0.9091909490638735, 0.8520746268413404, 0.8915536076731335, 0.993477749056374, 0.959454951665686, 0.984125603161952, 0.995801878816946, 0.9980315606138165, 0.9949213752315634, 0.9972088142833853, 0.21720402025570199, 0.2638180436867612, 0.8124277022234603, 0.012511970909370642, 0.3424275130323502, 0.19383001357326957, 0.1647715873353204, 0.0013030957666566878, 0.0773832141069524, 0.05663787481976723, 0.07824940341856088, 0.23184211844429736, 0.11670417915174351, 0.012924016069442806, 0.017920004681086378, 0.257191101458452, 0.280557967765757, 0.08826645413598798, 0.09500196986333627, 0.3087306553254109, 0.014900633733638874, 0.034501248372483084, 0.3620953088564748, 0.10880765502817454, 0.9954969044056896, 0.03463632070152758, 0.412378983947036, 0.37796660218271405, 0.5328697792000697, 0.1564375335141967, 0.7892595337957408, 0.2740284282412975, 0.9999066502662989, 0.958529828481499, 0.9764359725622749, 0.9998765191574718, 0.9768024643600228, 0.9448695173682901, 0.9957180932599283, 0.5564057755269157, 0.9962519589787951, 0.9998902659080549, 0.9967843102670046, 0.980308651779031, 0.9909596398001634, 0.9846933063471688, 0.978998664785912, 0.9989286141399248, 0.9785389772845152, 0.9986163267515384, 0.7579217039524947, 0.9418704234482723, 0.9651726949563155, 0.9603879165197332, 0.9430501891913255, 0.991382907660571, 0.9855351673508244], "step_size_bar": [0.016835791574729184, 0.016835791574729184, 0.016835791574729184, 0.016835791574729184, 0.016835791574729184, 0.016835791574729184, 0.016835791574729184, 0.016835791574729184, 0.016835791574729184, 0.016835791574729184, 0.016835791574729184, 0.016835791574729184, 0.016835791574729184, 0.016835791574729184, 0.016835791574729184, 0.016835791574729184, 0.016835791574729184, 0.016835791574729184, 0.016835791574729184, 0.016835791574729184, 0.016835791574729184, 0.016835791574729184, 0.016835791574729184, 0.016835791574729184, 0.016835791574729184, 0.016835791574729184, 0.016835791574729184, 0.016835791574729184, 0.016835791574729184, 0.016835791574729184, 0.016835791574729184, 0.016835791574729184, 0.016835791574729184, 0.016835791574729184, 0.016835791574729184, 0.016835791574729184, 0.016835791574729184, 0.016835791574729184, 0.016835791574729184, 0.016835791574729184, 0.016835791574729184, 0.016835791574729184, 0.016835791574729184, 0.016835791574729184, 0.016835791574729184, 0.016835791574729184, 0.016835791574729184, 0.016835791574729184, 0.016835791574729184, 0.016835791574729184, 0.016835791574729184, 0.016835791574729184, 0.016835791574729184, 0.016835791574729184, 0.016835791574729184, 0.016835791574729184, 0.016835791574729184, 0.016835791574729184, 0.016835791574729184, 0.016835791574729184, 0.016835791574729184, 0.016835791574729184, 0.016835791574729184, 0.016835791574729184, 0.016835791574729184, 0.016835791574729184, 0.016835791574729184, 0.016835791574729184, 0.016835791574729184, 0.016835791574729184, 0.016835791574729184, 0.016835791574729184, 0.016835791574729184, 0.016835791574729184, 0.016835791574729184, 0.016835791574729184, 0.016835791574729184, 0.016835791574729184, 0.016835791574729184, 0.016835791574729184, 0.016835791574729184, 0.016835791574729184, 0.016835791574729184, 0.016835791574729184, 0.016835791574729184, 0.016835791574729184, 0.016835791574729184, 0.016835791574729184, 0.016835791574729184, 0.016835791574729184, 0.016835791574729184, 0.016835791574729184, 0.016835791574729184, 0.016835791574729184, 0.016835791574729184, 0.016835791574729184, 0.016835791574729184, 0.016835791574729184, 0.016835791574729184, 0.016835791574729184],