{"draw_idx": 100, "draws": null, "_stats": [{"depth": [5, 7, 6, 6, 7, 8, 7, 7, 5, 8, 8, 6, 8, 7, 7, 7, 6, 6, 7, 6, 8, 6, 8, 8, 8, 7, 8, 7, 7, 7, 6, 8, 7, 7, 8, 7, 8, 7, 8, 8, 8, 7, 7, 8, 8, 7, 8, 5, 8, 7, 8, 6, 3, 6, 8, 8, 6, 7, 7, 7, 6, 5, 6, 7, 8, 8, 7, 7, 8, 7, 8, 8, 7, 8, 7, 6, 5, 7, 5, 7, 8, 8, 7, 6, 7, 8, 6, 8, 5, 8, 6, 6, 8, 7, 6, 8, 4, 7, 8, 7], "step_size": [0.016187558689002034, 0.016187558689002034, 0.016187558689002034, 0.016187558689002034, 0.016187558689002034, 0.016187558689002034, 0.016187558689002034, 0.016187558689002034, 0.016187558689002034, 0.016187558689002034, 0.016187558689002034, 0.016187558689002034, 0.016187558689002034, 0.016187558689002034, 0.016187558689002034, 0.016187558689002034, 0.016187558689002034, 0.016187558689002034, 0.016187558689002034, 0.016187558689002034, 0.016187558689002034, 0.016187558689002034, 0.016187558689002034, 0.016187558689002034, 0.016187558689002034, 0.016187558689002034, 0.016187558689002034, 0.016187558689002034, 0.016187558689002034, 0.016187558689002034, 0.016187558689002034, 0.016187558689002034, 0.016187558689002034, 0.016187558689002034, 0.016187558689002034, 0.016187558689002034, 0.016187558689002034, 0.016187558689002034, 0.016187558689002034, 0.016187558689002034, 0.016187558689002034, 0.016187558689002034, 0.016187558689002034, 0.016187558689002034, 0.016187558689002034, 0.016187558689002034, 0.016187558689002034, 0.016187558689002034, 0.016187558689002034, 0.016187558689002034, 0.016187558689002034, 0.016187558689002034, 0.016187558689002034, 0.016187558689002034, 0.016187558689002034, 0.016187558689002034, 0.016187558689002034, 0.016187558689002034, 0.016187558689002034, 0.016187558689002034, 0.016187558689002034, 0.016187558689002034, 0.016187558689002034, 0.016187558689002034, 0.016187558689002034, 0.016187558689002034, 0.016187558689002034, 0.016187558689002034, 0.016187558689002034, 0.016187558689002034, 0.016187558689002034, 0.016187558689002034, 0.016187558689002034, 0.016187558689002034, 0.016187558689002034, 0.016187558689002034, 0.016187558689002034, 0.016187558689002034, 0.016187558689002034, 0.016187558689002034, 0.016187558689002034, 0.016187558689002034, 0.016187558689002034, 0.016187558689002034, 0.016187558689002034, 0.016187558689002034, 0.016187558689002034, 0.016187558689002034, 0.016187558689002034, 0.016187558689002034, 0.016187558689002034, 0.016187558689002034, 0.016187558689002034, 0.016187558689002034, 0.016187558689002034, 0.016187558689002034, 0.016187558689002034, 0.016187558689002034, 0.016187558689002034, 0.016187558689002034], "tune": [true, false, false, false, false, false, false, false, false, false, false, false, false, false, false, false, false, false, false, false, false, false, false, false, false, false, false, false, false, false, false, false, false, false, false, false, false, false, false, false, false, false, false, false, false, false, false, false, false, false, false, false, false, false, false, false, false, false, false, false, false, false, false, false, false, false, false, false, false, false, false, false, false, false, false, false, false, false, false, false, false, false, false, false, false, false, false, false, false, false, false, false, false, false, false, false, false, false, false, false], "mean_tree_accept": [0.9665315039172091, 0.9993333039534178, 0.9941262567252109, 0.997531620925838, 0.9890651048541486, 0.5322913071379183, 0.9921061338233816, 0.9937596344789819, 0.9055302516883981, 0.9991429808328182, 0.9885694661235309, 0.962321257517297, 0.9905774642381125, 0.9852346789581621, 0.9994010518745523, 0.9893480586196344, 0.9647541291127814, 0.99646900732419, 0.9997830676509388, 0.9954181131503947, 0.9543613787796948, 0.9802782672894824, 0.8440278039940978, 0.9008409593203516, 0.9874300781552323, 0.9874260714502707, 0.9946815334610354, 0.9877732760925112, 0.9835357770801767, 0.9910959962977284, 0.9920114028123573, 0.98894197528011, 0.9979657978993961, 0.9869885925930207, 0.9999688635007911, 0.9998334026677571, 0.9900032845436624, 0.9932418192202894, 0.9977742883584538, 0.9966383491749664, 0.8218959905860747, 0.8976666048415134, 0.9966640352721082, 0.49823645183610515, 0.6889060708992287, 0.9939354427931358, 0.9853317682762351, 0.9996218305165766, 0.8573704994507243, 0.9995709834636173, 0.9719881628301039, 0.7947637739343677, 0.9863178532790761, 0.9573842806211076, 0.9295457273682373, 0.9967729549186027, 0.9902967451495129, 0.9723042300848087, 0.8766028785191388, 0.9680722645064951, 0.9930546592021451, 0.9930451363762508, 0.9669675107981732, 0.9724956719238114, 0.8644358010494735, 0.8203923888230176, 0.9871397810186731, 0.9807695867284827, 0.9943072980282964, 0.9976336352121644, 0.9609343216496198, 0.9715087494502586, 0.9748918314195425, 0.9159487752406984, 0.9969963195041088, 0.9935534267578852, 0.9996654770200267, 0.995584197880297, 0.9786679161957211, 0.7203526152986395, 0.9961122229624702, 0.9592058983535874, 0.9338715774437009, 0.9933487502866342, 0.9307532927192077, 0.6753865488641295, 0.9994488268723909, 0.9896551208224169, 0.9834511283352702, 0.968357639089834, 0.9995349831093489, 0.9693944564128019, 0.9986609704014234, 0.9909776787032304, 0.9971648992338692, 0.9984841111026124, 0.992810729503639, 0.8908158414235492, 0.9950669669561287, 0.9898694961961126], "step_size_bar": [0.014447954134510471, 0.014447954134510471, 0.014447954134510471, 0.014447954134510471, 0.014447954134510471, 0.014447954134510471, 0.014447954134510471, 0.014447954134510471, 0.014447954134510471, 0.014447954134510471, 0.014447954134510471, 0.014447954134510471, 0.014447954134510471, 0.014447954134510471, 0.014447954134510471, 0.014447954134510471, 0.014447954134510471, 0.014447954134510471, 0.014447954134510471, 0.014447954134510471, 0.014447954134510471, 0.014447954134510471, 0.014447954134510471, 0.014447954134510471, 0.014447954134510471, 0.014447954134510471, 0.014447954134510471, 0.014447954134510471, 0.014447954134510471, 0.014447954134510471, 0.014447954134510471, 0.014447954134510471, 0.014447954134510471, 0.014447954134510471, 0.014447954134510471, 0.014447954134510471, 0.014447954134510471, 0.014447954134510471, 0.014447954134510471, 0.014447954134510471, 0.014447954134510471, 0.014447954134510471, 0.014447954134510471, 0.014447954134510471, 0.014447954134510471, 0.014447954134510471, 0.014447954134510471, 0.014447954134510471, 0.014447954134510471, 0.014447954134510471, 0.014447954134510471, 0.014447954134510471, 0.014447954134510471, 0.014447954134510471, 0.014447954134510471, 0.014447954134510471, 0.014447954134510471, 0.014447954134510471, 0.014447954134510471, 0.014447954134510471, 0.014447954134510471, 0.014447954134510471, 0.014447954134510471, 0.014447954134510471, 0.014447954134510471, 0.014447954134510471, 0.014447954134510471, 0.014447954134510471, 0.014447954134510471, 0.014447954134510471, 0.014447954134510471, 0.014447954134510471, 0.014447954134510471, 0.014447954134510471, 0.014447954134510471, 0.014447954134510471, 0.014447954134510471, 0.014447954134510471, 0.014447954134510471, 0.014447954134510471, 0.014447954134510471, 0.014447954134510471, 0.014447954134510471, 0.014447954134510471, 0.014447954134510471, 0.014447954134510471, 0.014447954134510471, 0.014447954134510471, 0.014447954134510471, 0.014447954134510471, 0.014447954134510471, 0.014447954134510471, 0.014447954134510471, 0.014447954134510471, 0.014447954134510471, 0.014447954134510471, 0.014447954134510471, 0.014447954134510471, 0.014447954134510471, 0.014447954134510471],