{"draw_idx": 100, "draws": null, "_stats": [{"depth": [7, 6, 5, 8, 8, 8, 7, 7, 8, 8, 7, 7, 8, 5, 7, 6, 6, 7, 8, 6, 4, 8, 6, 7, 4, 7, 7, 8, 8, 8, 8, 5, 8, 6, 7, 8, 7, 7, 8, 8, 5, 8, 5, 6, 5, 7, 8, 7, 8, 7, 5, 7, 7, 8, 8, 7, 7, 7, 7, 6, 7, 8, 6, 8, 7, 8, 7, 8, 4, 7, 8, 8, 7, 6, 6, 8, 5, 8, 4, 7, 8, 8, 8, 8, 7, 8, 7, 7, 6, 7, 8, 7, 8, 5, 5, 6, 7, 6, 8, 6], "step_size": [0.024275259655426845, 0.024275259655426845, 0.024275259655426845, 0.024275259655426845, 0.024275259655426845, 0.024275259655426845, 0.024275259655426845, 0.024275259655426845, 0.024275259655426845, 0.024275259655426845, 0.024275259655426845, 0.024275259655426845, 0.024275259655426845, 0.024275259655426845, 0.024275259655426845, 0.024275259655426845, 0.024275259655426845, 0.024275259655426845, 0.024275259655426845, 0.024275259655426845, 0.024275259655426845, 0.024275259655426845, 0.024275259655426845, 0.024275259655426845, 0.024275259655426845, 0.024275259655426845, 0.024275259655426845, 0.024275259655426845, 0.024275259655426845, 0.024275259655426845, 0.024275259655426845, 0.024275259655426845, 0.024275259655426845, 0.024275259655426845, 0.024275259655426845, 0.024275259655426845, 0.024275259655426845, 0.024275259655426845, 0.024275259655426845, 0.024275259655426845, 0.024275259655426845, 0.024275259655426845, 0.024275259655426845, 0.024275259655426845, 0.024275259655426845, 0.024275259655426845, 0.024275259655426845, 0.024275259655426845, 0.024275259655426845, 0.024275259655426845, 0.024275259655426845, 0.024275259655426845, 0.024275259655426845, 0.024275259655426845, 0.024275259655426845, 0.024275259655426845, 0.024275259655426845, 0.024275259655426845, 0.024275259655426845, 0.024275259655426845, 0.024275259655426845, 0.024275259655426845, 0.024275259655426845, 0.024275259655426845, 0.024275259655426845, 0.024275259655426845, 0.024275259655426845, 0.024275259655426845, 0.024275259655426845, 0.024275259655426845, 0.024275259655426845, 0.024275259655426845, 0.024275259655426845, 0.024275259655426845, 0.024275259655426845, 0.024275259655426845, 0.024275259655426845, 0.024275259655426845, 0.024275259655426845, 0.024275259655426845, 0.024275259655426845, 0.024275259655426845, 0.024275259655426845, 0.024275259655426845, 0.024275259655426845, 0.024275259655426845, 0.024275259655426845, 0.024275259655426845, 0.024275259655426845, 0.024275259655426845, 0.024275259655426845, 0.024275259655426845, 0.024275259655426845, 0.024275259655426845, 0.024275259655426845, 0.024275259655426845, 0.024275259655426845, 0.024275259655426845, 0.024275259655426845, 0.024275259655426845], "tune": [true, false, false, false, false, false, false, false, false, false, false, false, false, false, false, false, false, false, false, false, false, false, false, false, false, false, false, false, false, false, false, false, false, false, false, false, false, false, false, false, false, false, false, false, false, false, false, false, false, false, false, false, false, false, false, false, false, false, false, false, false, false, false, false, false, false, false, false, false, false, false, false, false, false, false, false, false, false, false, false, false, false, false, false, false, false, false, false, false, false, false, false, false, false, false, false, false, false, false, false], "mean_tree_accept": [0.9993560135122729, 0.9992150508676901, 0.9999312682142149, 0.9949948369523762, 0.9951148994829665, 0.9975556039749781, 0.9265750111765857, 0.7399572152120617, 0.9899735886508932, 0.9289701685399775, 0.9450737599486071, 0.5574108856801643, 0.8220856367444621, 0.11926305482754793, 0.2982128468722715, 0.9678703598130864, 0.9652520684473873, 0.07810562084198391, 0.0041193767074292655, 0.2374302042169711, 0.011832354805212657, 0.7597538385334287, 0.5330648589604345, 0.06406316595875124, 0.6389376791478903, 0.707473539942162, 0.1368912391871936, 0.8848301031544646, 0.9884300442181883, 0.9978601142960625, 0.9881749164362905, 0.9805638564648038, 0.998865418322011, 0.9997855085567539, 0.9944087702900889, 0.9997392694621245, 0.988695490025517, 0.9996732569074438, 0.9224236368731205, 0.997554542097444, 0.951900397197265, 0.994698572109768, 0.9377864763619426, 0.9949860254948084, 0.9962077608405459, 0.9739652174115946, 0.9922672791729579, 0.9996267340274652, 0.970042042856022, 0.9751240288434517, 0.9879553813206473, 0.9624867847083693, 0.9914380351163029, 0.9934693265747969, 0.9924333257443372, 0.9738270009296065, 0.9951609361177717, 0.8609816805171807, 0.4546579805410186, 0.9159435764633637, 0.7256190906898815, 0.8306773531624698, 0.6459204648542861, 0.9976965594039315, 0.9860969765422876, 0.9980808724817628, 0.993331083013166, 0.9980129995350132, 0.9954924061407788, 0.9995695761431381, 0.9994490983815207, 0.9874912912505739, 0.8784415458163661, 0.9990154328928176, 0.9961836897434029, 0.93627108859247, 0.9995872061947602, 0.9994530385486251, 0.9997415500714667, 0.9909514591842165, 0.9966161399385255, 0.9971025695488748, 0.9289873589406427, 0.995617594472454, 0.9585505459030251, 0.8477188563608137, 0.9996498049419634, 0.9534523875089749, 0.9982089298272442, 0.9894040070982612, 0.9271419905780685, 0.9901094996804314, 0.9856461536642831, 0.9781963670778043, 1.0, 0.9908629322416014, 0.9991071462819421, 0.9970603215776775, 0.99910383060317, 0.9986452132997395], "step_size_bar": [0.012227158126403598, 0.012227158126403598, 0.012227158126403598, 0.012227158126403598, 0.012227158126403598, 0.012227158126403598, 0.012227158126403598, 0.012227158126403598, 0.012227158126403598, 0.012227158126403598, 0.012227158126403598, 0.012227158126403598, 0.012227158126403598, 0.012227158126403598, 0.012227158126403598, 0.012227158126403598, 0.012227158126403598, 0.012227158126403598, 0.012227158126403598, 0.012227158126403598, 0.012227158126403598, 0.012227158126403598, 0.012227158126403598, 0.012227158126403598, 0.012227158126403598, 0.012227158126403598, 0.012227158126403598, 0.012227158126403598, 0.012227158126403598, 0.012227158126403598, 0.012227158126403598, 0.012227158126403598, 0.012227158126403598, 0.012227158126403598, 0.012227158126403598, 0.012227158126403598, 0.012227158126403598, 0.012227158126403598, 0.012227158126403598, 0.012227158126403598, 0.012227158126403598, 0.012227158126403598, 0.012227158126403598, 0.012227158126403598, 0.012227158126403598, 0.012227158126403598, 0.012227158126403598, 0.012227158126403598, 0.012227158126403598, 0.012227158126403598, 0.012227158126403598, 0.012227158126403598, 0.012227158126403598, 0.012227158126403598, 0.012227158126403598, 0.012227158126403598, 0.012227158126403598, 0.012227158126403598, 0.012227158126403598, 0.012227158126403598, 0.012227158126403598, 0.012227158126403598, 0.012227158126403598, 0.012227158126403598, 0.012227158126403598, 0.012227158126403598, 0.012227158126403598, 0.012227158126403598, 0.012227158126403598, 0.012227158126403598, 0.012227158126403598, 0.012227158126403598, 0.012227158126403598, 0.012227158126403598, 0.012227158126403598, 0.012227158126403598, 0.012227158126403598, 0.012227158126403598, 0.012227158126403598, 0.012227158126403598, 0.012227158126403598, 0.012227158126403598, 0.012227158126403598, 0.012227158126403598, 0.012227158126403598, 0.012227158126403598, 0.012227158126403598, 0.012227158126403598, 0.012227158126403598, 0.012227158126403598, 0.012227158126403598, 0.012227158126403598, 0.012227158126403598, 0.012227158126403598, 0.012227158126403598, 0.012227158126403598, 0.012227158126403598, 0.012227158126403598, 0.012227158126403598, 0.012227158126403598],