{"draw_idx": 100, "draws": null, "_stats": [{"depth": [8, 8, 6, 8, 8, 4, 7, 7, 8, 8, 8, 8, 6, 8, 7, 6, 7, 7, 4, 8, 7, 7, 5, 8, 7, 8, 7, 7, 7, 8, 8, 8, 7, 8, 5, 7, 8, 7, 7, 7, 8, 7, 8, 8, 7, 8, 8, 7, 8, 7, 7, 7, 8, 8, 8, 8, 6, 8, 7, 8, 7, 7, 7, 8, 7, 6, 4, 7, 8, 8, 7, 7, 7, 7, 7, 4, 8, 4, 7, 7, 8, 8, 7, 7, 8, 3, 8, 7, 8, 8, 6, 6, 7, 7, 5, 7, 5, 5, 5, 8], "step_size": [0.01546915781480403, 0.01546915781480403, 0.01546915781480403, 0.01546915781480403, 0.01546915781480403, 0.01546915781480403, 0.01546915781480403, 0.01546915781480403, 0.01546915781480403, 0.01546915781480403, 0.01546915781480403, 0.01546915781480403, 0.01546915781480403, 0.01546915781480403, 0.01546915781480403, 0.01546915781480403, 0.01546915781480403, 0.01546915781480403, 0.01546915781480403, 0.01546915781480403, 0.01546915781480403, 0.01546915781480403, 0.01546915781480403, 0.01546915781480403, 0.01546915781480403, 0.01546915781480403, 0.01546915781480403, 0.01546915781480403, 0.01546915781480403, 0.01546915781480403, 0.01546915781480403, 0.01546915781480403, 0.01546915781480403, 0.01546915781480403, 0.01546915781480403, 0.01546915781480403, 0.01546915781480403, 0.01546915781480403, 0.01546915781480403, 0.01546915781480403, 0.01546915781480403, 0.01546915781480403, 0.01546915781480403, 0.01546915781480403, 0.01546915781480403, 0.01546915781480403, 0.01546915781480403, 0.01546915781480403, 0.01546915781480403, 0.01546915781480403, 0.01546915781480403, 0.01546915781480403, 0.01546915781480403, 0.01546915781480403, 0.01546915781480403, 0.01546915781480403, 0.01546915781480403, 0.01546915781480403, 0.01546915781480403, 0.01546915781480403, 0.01546915781480403, 0.01546915781480403, 0.01546915781480403, 0.01546915781480403, 0.01546915781480403, 0.01546915781480403, 0.01546915781480403, 0.01546915781480403, 0.01546915781480403, 0.01546915781480403, 0.01546915781480403, 0.01546915781480403, 0.01546915781480403, 0.01546915781480403, 0.01546915781480403, 0.01546915781480403, 0.01546915781480403, 0.01546915781480403, 0.01546915781480403, 0.01546915781480403, 0.01546915781480403, 0.01546915781480403, 0.01546915781480403, 0.01546915781480403, 0.01546915781480403, 0.01546915781480403, 0.01546915781480403, 0.01546915781480403, 0.01546915781480403, 0.01546915781480403, 0.01546915781480403, 0.01546915781480403, 0.01546915781480403, 0.01546915781480403, 0.01546915781480403, 0.01546915781480403, 0.01546915781480403, 0.01546915781480403, 0.01546915781480403, 0.01546915781480403], "tune": [true, false, false, false, false, false, false, false, false, false, false, false, false, false, false, false, false, false, false, false, false, false, false, false, false, false, false, false, false, false, false, false, false, false, false, false, false, false, false, false, false, false, false, false, false, false, false, false, false, false, false, false, false, false, false, false, false, false, false, false, false, false, false, false, false, false, false, false, false, false, false, false, false, false, false, false, false, false, false, false, false, false, false, false, false, false, false, false, false, false, false, false, false, false, false, false, false, false, false, false], "mean_tree_accept": [0.9998985669415031, 0.9766428500774068, 1.0, 0.9891442733992092, 0.9746449957848915, 0.9989629004247883, 0.9700707379755855, 0.9937539265790883, 0.9773298769238509, 0.5938886118360247, 0.9965021625680013, 0.9909739572173442, 0.9938228004475584, 0.9678305288798128, 0.9972301743768874, 0.9438309847326356, 0.984377980839173, 0.9188856663181083, 0.9858698570186298, 0.9966429225225297, 0.9966324957915623, 0.9668631864733841, 0.9909964209383707, 0.9947076063328503, 0.9963410414894286, 0.973791311827265, 0.9920122365307288, 0.985085911888492, 0.8707112010976363, 0.6862378127248089, 0.7812700629811007, 0.9950425154684538, 0.9959385482982526, 0.47032998014461636, 0.283879183231059, 0.2091129036153623, 0.1995068532028338, 0.10930349074082608, 0.4531161381998248, 0.3273121651362302, 0.2471962301898234, 0.9966761365756219, 0.985245713189453, 0.9980726763753361, 0.9970075372967795, 0.958888826580197, 0.975446491294852, 0.9532079441183124, 0.9967132235590729, 0.9893109445167263, 0.9957387155389655, 0.9977086756449433, 0.9891094741443106, 0.8195842651360665, 0.9013521400276928, 0.932107260353919, 0.9884799041823592, 0.9949939628215555, 0.9989839204157434, 0.9358550271516093, 0.93284134002462, 0.9955512636097517, 0.9992901526585577, 0.9942483656510646, 0.998957545218577, 0.996106799685111, 0.9821687509078544, 0.9972901701565914, 0.9922714515879317, 0.989088244705137, 0.9890582144305089, 0.9733176093823777, 0.9896162216719374, 0.9748852578047623, 0.8529831693977893, 0.8929788142411809, 0.9995043548589626, 0.9973192445767897, 0.9563206368347362, 0.9591068726786578, 0.13012477012131943, 0.4716511431298939, 0.8269233052303796, 0.6861887326821491, 0.9546125131624671, 0.8383902983924807, 0.8358195102107728, 0.21123525642335922, 0.9957039733459303, 0.9978569386584482, 0.9949112825324138, 0.9988062050012653, 0.9991129402343514, 0.9895557640930114, 0.9404896445343552, 0.9642741847140601, 0.9950197005302496, 0.9934104320387123, 0.991163504840649, 0.9995331435012536], "step_size_bar": [0.01624336542151842, 0.01624336542151842, 0.01624336542151842, 0.01624336542151842, 0.01624336542151842, 0.01624336542151842, 0.01624336542151842, 0.01624336542151842, 0.01624336542151842, 0.01624336542151842, 0.01624336542151842, 0.01624336542151842, 0.01624336542151842, 0.01624336542151842, 0.01624336542151842, 0.01624336542151842, 0.01624336542151842, 0.01624336542151842, 0.01624336542151842, 0.01624336542151842, 0.01624336542151842, 0.01624336542151842, 0.01624336542151842, 0.01624336542151842, 0.01624336542151842, 0.01624336542151842, 0.01624336542151842, 0.01624336542151842, 0.01624336542151842, 0.01624336542151842, 0.01624336542151842, 0.01624336542151842, 0.01624336542151842, 0.01624336542151842, 0.01624336542151842, 0.01624336542151842, 0.01624336542151842, 0.01624336542151842, 0.01624336542151842, 0.01624336542151842, 0.01624336542151842, 0.01624336542151842, 0.01624336542151842, 0.01624336542151842, 0.01624336542151842, 0.01624336542151842, 0.01624336542151842, 0.01624336542151842, 0.01624336542151842, 0.01624336542151842, 0.01624336542151842, 0.01624336542151842, 0.01624336542151842, 0.01624336542151842, 0.01624336542151842, 0.01624336542151842, 0.01624336542151842, 0.01624336542151842, 0.01624336542151842, 0.01624336542151842, 0.01624336542151842, 0.01624336542151842, 0.01624336542151842, 0.01624336542151842, 0.01624336542151842, 0.01624336542151842, 0.01624336542151842, 0.01624336542151842, 0.01624336542151842, 0.01624336542151842, 0.01624336542151842, 0.01624336542151842, 0.01624336542151842, 0.01624336542151842, 0.01624336542151842, 0.01624336542151842, 0.01624336542151842, 0.01624336542151842, 0.01624336542151842, 0.01624336542151842, 0.01624336542151842, 0.01624336542151842, 0.01624336542151842, 0.01624336542151842, 0.01624336542151842, 0.01624336542151842, 0.01624336542151842, 0.01624336542151842, 0.01624336542151842, 0.01624336542151842, 0.01624336542151842, 0.01624336542151842, 0.01624336542151842, 0.01624336542151842, 0.01624336542151842, 0.01624336542151842, 0.01624336542151842, 0.01624336542151842, 0.01624336542151842, 0.01624336542151842], "tree_size": [255.0, 255.0, 39.0, 255.0, 143.0, 15.0, 127.0, 127.0, 255.0, 255.0, 255.0, 255.0, 63.0, 255.0, 127.0, 63.0, 127.0, 127.0, 15.0, 255.0, 127.0, 127.0, 31.0, 255.0, 95.0, 159.0, 127.0, 127.0, 111.0, 143.0, 143.0, 255.0, 127.0, 255.0, 19.0, 95.0, 255.0, 127.0, 79.0, 103.0, 255.0, 79.0, 255.0, 255.0, 127.0, 255.0, 191.0, 127.0, 255.0, 127.0, 127.0, 127.0, 175.0, 255.0, 255.0, 255.0, 63.0, 159.0, 95.0, 159.0, 127.0, 95.0, 95.0, 191.0, 95.0, 47.0, 15.0, 127.0, 143.0, 255.0, 127.0, 71.0, 127.0, 127.0, 127.0, 15.0, 255.0, 15.0, 127.0, 127.0, 191.0, 191.0, 127.0, 127.0, 159.0, 7.0, 255.0, 127.0, 255.0, 159.0, 63.0, 63.0, 127.0, 127.0, 31.0, 127.0, 31.0, 31.0, 31.0, 191.0],