{"draw_idx": 100, "draws": null, "_stats": [{"depth": [8, 7, 8, 9, 8, 6, 7, 7, 8, 8, 5, 8, 8, 8, 9, 8, 8, 8, 7, 8, 7, 8, 8, 8, 8, 8, 5, 7, 8, 8, 8, 8, 7, 8, 9, 4, 8, 8, 7, 8, 9, 7, 3, 9, 5, 7, 8, 8, 9, 9, 8, 8, 8, 7, 8, 7, 8, 8, 8, 8, 9, 9, 9, 9, 8, 8, 8, 9, 8, 8, 9, 5, 8, 8, 8, 8, 8, 8, 6, 8, 8, 7, 8, 9, 8, 8, 9, 7, 9, 8, 9, 6, 9, 6, 8, 8, 8, 8, 4, 3], "step_size": [0.01666089983712586, 0.01666089983712586, 0.01666089983712586, 0.01666089983712586, 0.01666089983712586, 0.01666089983712586, 0.01666089983712586, 0.01666089983712586, 0.01666089983712586, 0.01666089983712586, 0.01666089983712586, 0.01666089983712586, 0.01666089983712586, 0.01666089983712586, 0.01666089983712586, 0.01666089983712586, 0.01666089983712586, 0.01666089983712586, 0.01666089983712586, 0.01666089983712586, 0.01666089983712586, 0.01666089983712586, 0.01666089983712586, 0.01666089983712586, 0.01666089983712586, 0.01666089983712586, 0.01666089983712586, 0.01666089983712586, 0.01666089983712586, 0.01666089983712586, 0.01666089983712586, 0.01666089983712586, 0.01666089983712586, 0.01666089983712586, 0.01666089983712586, 0.01666089983712586, 0.01666089983712586, 0.01666089983712586, 0.01666089983712586, 0.01666089983712586, 0.01666089983712586, 0.01666089983712586, 0.01666089983712586, 0.01666089983712586, 0.01666089983712586, 0.01666089983712586, 0.01666089983712586, 0.01666089983712586, 0.01666089983712586, 0.01666089983712586, 0.01666089983712586, 0.01666089983712586, 0.01666089983712586, 0.01666089983712586, 0.01666089983712586, 0.01666089983712586, 0.01666089983712586, 0.01666089983712586, 0.01666089983712586, 0.01666089983712586, 0.01666089983712586, 0.01666089983712586, 0.01666089983712586, 0.01666089983712586, 0.01666089983712586, 0.01666089983712586, 0.01666089983712586, 0.01666089983712586, 0.01666089983712586, 0.01666089983712586, 0.01666089983712586, 0.01666089983712586, 0.01666089983712586, 0.01666089983712586, 0.01666089983712586, 0.01666089983712586, 0.01666089983712586, 0.01666089983712586, 0.01666089983712586, 0.01666089983712586, 0.01666089983712586, 0.01666089983712586, 0.01666089983712586, 0.01666089983712586, 0.01666089983712586, 0.01666089983712586, 0.01666089983712586, 0.01666089983712586, 0.01666089983712586, 0.01666089983712586, 0.01666089983712586, 0.01666089983712586, 0.01666089983712586, 0.01666089983712586, 0.01666089983712586, 0.01666089983712586, 0.01666089983712586, 0.01666089983712586, 0.01666089983712586, 0.01666089983712586], "tune": [true, false, false, false, false, false, false, false, false, false, false, false, false, false, false, false, false, false, false, false, false, false, false, false, false, false, false, false, false, false, false, false, false, false, false, false, false, false, false, false, false, false, false, false, false, false, false, false, false, false, false, false, false, false, false, false, false, false, false, false, false, false, false, false, false, false, false, false, false, false, false, false, false, false, false, false, false, false, false, false, false, false, false, false, false, false, false, false, false, false, false, false, false, false, false, false, false, false, false, false], "mean_tree_accept": [0.9914282613102361, 0.9917179017812513, 0.9997278088684536, 0.8712325018606556, 0.9948474720939224, 0.9923590354939832, 0.9923256254674137, 0.9821201878443183, 0.9998577368740585, 0.9628293419923664, 0.9999539955373203, 0.9970509390425347, 0.9810234373653904, 0.9641558113075622, 0.9211013099703629, 0.9999871003511376, 0.9935426335131248, 0.9960705401724628, 0.9884185716098656, 0.9980846760294684, 0.9271007000412304, 0.9817734528411087, 0.7895988227078617, 0.9424720254398572, 0.9960531070115086, 0.9993169786783904, 0.9998220921960754, 0.9826834707489616, 0.9799539792428809, 0.9217651309385757, 0.9645905965361143, 0.9952322417141126, 0.997702029307671, 0.9912013268927923, 0.6188917263982244, 0.9990284099552397, 0.9989941701865409, 0.9728423355057426, 0.9893254375143148, 0.7250939003238042, 0.9979880196671681, 0.9987544117935715, 0.9882199080230605, 0.8032863419567838, 0.9929719110659384, 0.9775061163116013, 0.99199705955367, 0.9977740914941731, 0.882041418237862, 0.19503043043234045, 0.37045691450264395, 0.9702649477892549, 0.9940207461316302, 0.9992382484780076, 0.9919264042176635, 0.9989171288587985, 0.9477751096627082, 0.9830080295083271, 0.9990110091278758, 0.6928337379458318, 0.8229347777469005, 0.9995601377103449, 0.9439989456810314, 0.9598090261170307, 0.978231264908937, 0.9311686841140858, 0.8363253057926834, 0.8609101489237795, 0.9168713458105017, 0.9694127376498685, 0.9913382683871259, 0.99960348529799, 0.999679837978275, 0.994376183618283, 0.900301113340788, 0.9727926823365903, 0.9968903839789751, 0.8744093645179285, 0.46344578891728305, 0.2904731362271599, 0.37026318267275443, 0.9790675775849578, 0.9999654693991816, 0.593165212546068, 0.7663071284689916, 0.9919766370975115, 0.994062367528218, 0.9953353590455695, 0.9503742269581227, 0.8816656141703042, 0.9815596889186057, 0.970801802774712, 0.9996501787097316, 0.9994278193750297, 0.9929575848906615, 0.9917321454519378, 0.9994400130468317, 0.9709342891541897, 0.9787430460884438, 0.7119240818031355], "step_size_bar": [0.011302940974842525, 0.011302940974842525, 0.011302940974842525, 0.011302940974842525, 0.011302940974842525, 0.011302940974842525, 0.011302940974842525, 0.011302940974842525, 0.011302940974842525, 0.011302940974842525, 0.011302940974842525, 0.011302940974842525, 0.011302940974842525, 0.011302940974842525, 0.011302940974842525, 0.011302940974842525, 0.011302940974842525, 0.011302940974842525, 0.011302940974842525, 0.011302940974842525, 0.011302940974842525, 0.011302940974842525, 0.011302940974842525, 0.011302940974842525, 0.011302940974842525, 0.011302940974842525, 0.011302940974842525, 0.011302940974842525, 0.011302940974842525, 0.011302940974842525, 0.011302940974842525, 0.011302940974842525, 0.011302940974842525, 0.011302940974842525, 0.011302940974842525, 0.011302940974842525, 0.011302940974842525, 0.011302940974842525, 0.011302940974842525, 0.011302940974842525, 0.011302940974842525, 0.011302940974842525, 0.011302940974842525, 0.011302940974842525, 0.011302940974842525, 0.011302940974842525, 0.011302940974842525, 0.011302940974842525, 0.011302940974842525, 0.011302940974842525, 0.011302940974842525, 0.011302940974842525, 0.011302940974842525, 0.011302940974842525, 0.011302940974842525, 0.011302940974842525, 0.011302940974842525, 0.011302940974842525, 0.011302940974842525, 0.011302940974842525, 0.011302940974842525, 0.011302940974842525, 0.011302940974842525, 0.011302940974842525, 0.011302940974842525, 0.011302940974842525, 0.011302940974842525, 0.011302940974842525, 0.011302940974842525, 0.011302940974842525, 0.011302940974842525, 0.011302940974842525, 0.011302940974842525, 0.011302940974842525, 0.011302940974842525, 0.011302940974842525, 0.011302940974842525, 0.011302940974842525, 0.011302940974842525, 0.011302940974842525, 0.011302940974842525, 0.011302940974842525, 0.011302940974842525, 0.011302940974842525, 0.011302940974842525, 0.011302940974842525, 0.011302940974842525, 0.011302940974842525, 0.011302940974842525, 0.011302940974842525, 0.011302940974842525, 0.011302940974842525, 0.011302940974842525, 0.011302940974842525, 0.011302940974842525, 0.011302940974842525, 0.011302940974842525, 0.011302940974842525, 0.011302940974842525, 0.011302940974842525],