{"draw_idx": 100, "draws": null, "_stats": [{"depth": [7, 5, 7, 8, 6, 8, 9, 7, 6, 6, 5, 5, 7, 8, 7, 7, 5, 7, 7, 1, 8, 8, 4, 8, 8, 7, 8, 8, 6, 6, 3, 8, 8, 7, 7, 6, 5, 8, 7, 8, 7, 6, 8, 8, 7, 6, 7, 8, 7, 7, 7, 7, 7, 7, 7, 7, 7, 7, 2, 6, 6, 7, 8, 8, 5, 7, 6, 8, 6, 4, 7, 7, 8, 6, 7, 8, 6, 8, 6, 8, 8, 7, 6, 7, 7, 5, 6, 8, 8, 8, 7, 7, 5, 6, 7, 7, 7, 6, 5, 7], "step_size": [0.01894457003139245, 0.01894457003139245, 0.01894457003139245, 0.01894457003139245, 0.01894457003139245, 0.01894457003139245, 0.01894457003139245, 0.01894457003139245, 0.01894457003139245, 0.01894457003139245, 0.01894457003139245, 0.01894457003139245, 0.01894457003139245, 0.01894457003139245, 0.01894457003139245, 0.01894457003139245, 0.01894457003139245, 0.01894457003139245, 0.01894457003139245, 0.01894457003139245, 0.01894457003139245, 0.01894457003139245, 0.01894457003139245, 0.01894457003139245, 0.01894457003139245, 0.01894457003139245, 0.01894457003139245, 0.01894457003139245, 0.01894457003139245, 0.01894457003139245, 0.01894457003139245, 0.01894457003139245, 0.01894457003139245, 0.01894457003139245, 0.01894457003139245, 0.01894457003139245, 0.01894457003139245, 0.01894457003139245, 0.01894457003139245, 0.01894457003139245, 0.01894457003139245, 0.01894457003139245, 0.01894457003139245, 0.01894457003139245, 0.01894457003139245, 0.01894457003139245, 0.01894457003139245, 0.01894457003139245, 0.01894457003139245, 0.01894457003139245, 0.01894457003139245, 0.01894457003139245, 0.01894457003139245, 0.01894457003139245, 0.01894457003139245, 0.01894457003139245, 0.01894457003139245, 0.01894457003139245, 0.01894457003139245, 0.01894457003139245, 0.01894457003139245, 0.01894457003139245, 0.01894457003139245, 0.01894457003139245, 0.01894457003139245, 0.01894457003139245, 0.01894457003139245, 0.01894457003139245, 0.01894457003139245, 0.01894457003139245, 0.01894457003139245, 0.01894457003139245, 0.01894457003139245, 0.01894457003139245, 0.01894457003139245, 0.01894457003139245, 0.01894457003139245, 0.01894457003139245, 0.01894457003139245, 0.01894457003139245, 0.01894457003139245, 0.01894457003139245, 0.01894457003139245, 0.01894457003139245, 0.01894457003139245, 0.01894457003139245, 0.01894457003139245, 0.01894457003139245, 0.01894457003139245, 0.01894457003139245, 0.01894457003139245, 0.01894457003139245, 0.01894457003139245, 0.01894457003139245, 0.01894457003139245, 0.01894457003139245, 0.01894457003139245, 0.01894457003139245, 0.01894457003139245, 0.01894457003139245], "tune": [true, false, false, false, false, false, false, false, false, false, false, false, false, false, false, false, false, false, false, false, false, false, false, false, false, false, false, false, false, false, false, false, false, false, false, false, false, false, false, false, false, false, false, false, false, false, false, false, false, false, false, false, false, false, false, false, false, false, false, false, false, false, false, false, false, false, false, false, false, false, false, false, false, false, false, false, false, false, false, false, false, false, false, false, false, false, false, false, false, false, false, false, false, false, false, false, false, false, false, false], "mean_tree_accept": [0.9999890618575619, 0.9724867885233339, 0.9159877136864261, 0.9066376208961738, 0.4853835694492866, 0.7478154675470713, 0.9993725810372689, 0.9998148066900354, 0.9979792103814079, 0.9994096145291077, 0.9926250793653613, 0.9986750436594951, 0.9994847788481193, 0.9688775512658621, 0.9989116894894695, 0.9854537263803064, 0.9984755768348077, 0.9668008798747679, 0.890778920908119, 0.6564686517746534, 0.13260960789241308, 0.9219719081258592, 0.9764824346157125, 0.8380125813807853, 0.994610451586683, 0.9824308449159666, 0.5737618928457324, 0.9959727519360693, 0.9971992566125418, 0.9652024579469684, 0.9115593418170899, 0.941564361716527, 0.9864296802380863, 0.9948912589367606, 0.9807320087169688, 0.9936282363068062, 0.9995290971803589, 0.9973253088322959, 1.0, 0.9995262293035927, 0.9951668389153214, 0.9577445912804555, 0.559959772739005, 0.9951699274048605, 0.4551445482596716, 0.9784448826565421, 0.9995721091600214, 0.9471578925712408, 0.9977483823234614, 0.9751196262294868, 0.9996744953970745, 0.9952509017577076, 0.979165344436121, 0.7622868785494256, 1.0, 0.9970866526461893, 0.9916274224256096, 0.9866591980004729, 0.9707608902042063, 0.7792555556202627, 1.0, 0.9996559037597481, 0.9837113488921939, 0.9789543056711859, 0.9992312906402663, 0.9718483854845971, 0.9931212070055877, 0.7135466867298044, 0.998855163765896, 0.9783684577302639, 0.7764648132384215, 0.9803731449780693, 0.9945656409155079, 0.9987769522262449, 0.9854680076769329, 0.7730205679841231, 0.9861402874630906, 0.9823579348952733, 0.6884363693854785, 0.8928100807406689, 0.9998890056125453, 0.9882663344252454, 0.9997991133260001, 0.9972566761944928, 0.9558760686842349, 0.9742631242734421, 0.9983599811486146, 0.9980875391528697, 0.9911403926223683, 0.6666704062015283, 0.9783542729520653, 0.9152907532387611, 0.9985688867222139, 0.9824047787462129, 0.9998539464822156, 0.9987061174912756, 0.986881216168905, 0.9887391638644875, 0.9312903239569498, 0.999929127841496], "step_size_bar": [0.013522846495186735, 0.013522846495186735, 0.013522846495186735, 0.013522846495186735, 0.013522846495186735, 0.013522846495186735, 0.013522846495186735, 0.013522846495186735, 0.013522846495186735, 0.013522846495186735, 0.013522846495186735, 0.013522846495186735, 0.013522846495186735, 0.013522846495186735, 0.013522846495186735, 0.013522846495186735, 0.013522846495186735, 0.013522846495186735, 0.013522846495186735, 0.013522846495186735, 0.013522846495186735, 0.013522846495186735, 0.013522846495186735, 0.013522846495186735, 0.013522846495186735, 0.013522846495186735, 0.013522846495186735, 0.013522846495186735, 0.013522846495186735, 0.013522846495186735, 0.013522846495186735, 0.013522846495186735, 0.013522846495186735, 0.013522846495186735, 0.013522846495186735, 0.013522846495186735, 0.013522846495186735, 0.013522846495186735, 0.013522846495186735, 0.013522846495186735, 0.013522846495186735, 0.013522846495186735, 0.013522846495186735, 0.013522846495186735, 0.013522846495186735, 0.013522846495186735, 0.013522846495186735, 0.013522846495186735, 0.013522846495186735, 0.013522846495186735, 0.013522846495186735, 0.013522846495186735, 0.013522846495186735, 0.013522846495186735, 0.013522846495186735, 0.013522846495186735, 0.013522846495186735, 0.013522846495186735, 0.013522846495186735, 0.013522846495186735, 0.013522846495186735, 0.013522846495186735, 0.013522846495186735, 0.013522846495186735, 0.013522846495186735, 0.013522846495186735, 0.013522846495186735, 0.013522846495186735, 0.013522846495186735, 0.013522846495186735, 0.013522846495186735, 0.013522846495186735, 0.013522846495186735, 0.013522846495186735, 0.013522846495186735, 0.013522846495186735, 0.013522846495186735, 0.013522846495186735, 0.013522846495186735, 0.013522846495186735, 0.013522846495186735, 0.013522846495186735, 0.013522846495186735, 0.013522846495186735, 0.013522846495186735, 0.013522846495186735, 0.013522846495186735, 0.013522846495186735, 0.013522846495186735, 0.013522846495186735, 0.013522846495186735, 0.013522846495186735, 0.013522846495186735, 0.013522846495186735, 0.013522846495186735, 0.013522846495186735, 0.013522846495186735, 0.013522846495186735, 0.013522846495186735, 0.013522846495186735],