{"draw_idx": 100, "draws": null, "_stats": [{"depth": [7, 7, 8, 7, 7, 6, 5, 7, 7, 6, 7, 8, 6, 7, 7, 6, 7, 7, 7, 7, 7, 6, 7, 7, 7, 8, 7, 8, 7, 8, 7, 7, 8, 6, 8, 7, 7, 4, 8, 8, 8, 7, 8, 7, 6, 7, 8, 5, 8, 8, 8, 7, 7, 7, 7, 7, 7, 7, 8, 7, 7, 7, 8, 8, 8, 8, 6, 7, 7, 7, 5, 6, 7, 8, 6, 6, 7, 7, 8, 8, 8, 7, 8, 8, 7, 8, 7, 8, 8, 8, 7, 8, 7, 7, 4, 7, 7, 7, 7, 6], "step_size": [0.028096640033929095, 0.028096640033929095, 0.028096640033929095, 0.028096640033929095, 0.028096640033929095, 0.028096640033929095, 0.028096640033929095, 0.028096640033929095, 0.028096640033929095, 0.028096640033929095, 0.028096640033929095, 0.028096640033929095, 0.028096640033929095, 0.028096640033929095, 0.028096640033929095, 0.028096640033929095, 0.028096640033929095, 0.028096640033929095, 0.028096640033929095, 0.028096640033929095, 0.028096640033929095, 0.028096640033929095, 0.028096640033929095, 0.028096640033929095, 0.028096640033929095, 0.028096640033929095, 0.028096640033929095, 0.028096640033929095, 0.028096640033929095, 0.028096640033929095, 0.028096640033929095, 0.028096640033929095, 0.028096640033929095, 0.028096640033929095, 0.028096640033929095, 0.028096640033929095, 0.028096640033929095, 0.028096640033929095, 0.028096640033929095, 0.028096640033929095, 0.028096640033929095, 0.028096640033929095, 0.028096640033929095, 0.028096640033929095, 0.028096640033929095, 0.028096640033929095, 0.028096640033929095, 0.028096640033929095, 0.028096640033929095, 0.028096640033929095, 0.028096640033929095, 0.028096640033929095, 0.028096640033929095, 0.028096640033929095, 0.028096640033929095, 0.028096640033929095, 0.028096640033929095, 0.028096640033929095, 0.028096640033929095, 0.028096640033929095, 0.028096640033929095, 0.028096640033929095, 0.028096640033929095, 0.028096640033929095, 0.028096640033929095, 0.028096640033929095, 0.028096640033929095, 0.028096640033929095, 0.028096640033929095, 0.028096640033929095, 0.028096640033929095, 0.028096640033929095, 0.028096640033929095, 0.028096640033929095, 0.028096640033929095, 0.028096640033929095, 0.028096640033929095, 0.028096640033929095, 0.028096640033929095, 0.028096640033929095, 0.028096640033929095, 0.028096640033929095, 0.028096640033929095, 0.028096640033929095, 0.028096640033929095, 0.028096640033929095, 0.028096640033929095, 0.028096640033929095, 0.028096640033929095, 0.028096640033929095, 0.028096640033929095, 0.028096640033929095, 0.028096640033929095, 0.028096640033929095, 0.028096640033929095, 0.028096640033929095, 0.028096640033929095, 0.028096640033929095, 0.028096640033929095, 0.028096640033929095], "tune": [true, false, false, false, false, false, false, false, false, false, false, false, false, false, false, false, false, false, false, false, false, false, false, false, false, false, false, false, false, false, false, false, false, false, false, false, false, false, false, false, false, false, false, false, false, false, false, false, false, false, false, false, false, false, false, false, false, false, false, false, false, false, false, false, false, false, false, false, false, false, false, false, false, false, false, false, false, false, false, false, false, false, false, false, false, false, false, false, false, false, false, false, false, false, false, false, false, false, false, false], "mean_tree_accept": [0.9875138592419735, 0.9691400188228128, 0.9219771066866821, 0.9960956452775751, 0.9933739600499449, 0.9971088930141467, 0.9981575363702401, 0.9921041565972556, 0.9975013384588132, 0.992059930413276, 0.9942873952416362, 0.9658201556084954, 0.919628537041459, 0.8435284096590692, 0.9880951385072941, 0.9726141060931499, 0.6316440843119285, 0.9316584759826263, 0.9073132936866788, 0.9988070974933279, 0.994197509036001, 0.9990190305942467, 0.9862337392968162, 0.9602537994697854, 0.9415104823744428, 0.841066974736568, 0.9985436339177883, 0.9942309229106517, 0.9975376601921886, 0.9993923603508023, 0.8522708511211313, 0.9975271887520594, 0.9945359517718065, 0.9997221198693191, 0.9976576383927457, 0.9801926188739288, 0.9986334770272804, 0.9288519991336316, 0.7939344661626855, 0.99916930773034, 0.9968720062881367, 0.99996653068408, 0.9649641879061271, 0.9591346130098035, 0.9929154452414624, 0.9229517655781037, 0.9910890355238158, 0.9992399302004631, 0.9811706172500895, 0.9981613724465244, 0.998868292607649, 0.9720792245367389, 0.9766113217948809, 0.9937601183718177, 0.9587921684645405, 0.9939350289429444, 1.0, 0.9988799447686144, 0.9985625669393838, 0.9998937979232221, 0.9996109098716855, 0.7895285862137198, 0.9677937780691328, 0.9834598781737116, 0.9907702894951859, 0.9773823524163352, 0.995734234091501, 0.9533537215134068, 0.9966862266425507, 0.2666220844736426, 0.35963635224059814, 0.2641600822720557, 0.10629083499891298, 0.1640029623714277, 0.23771234235164687, 0.4735988632133919, 0.37547541828192377, 0.9307622772358951, 0.038982124053892925, 0.6896651217247491, 0.9918767928244462, 0.9950716061036735, 0.9270497844839488, 0.9944878166054624, 0.8944160078947158, 0.9987811621106615, 0.9993937231131778, 0.8776970138773313, 0.9577074962390236, 0.9996068271069236, 0.9952348270088155, 0.9994587289968925, 0.7905172110523756, 0.9306518009144673, 0.9926376896248452, 0.9996829945494621, 0.9220033632636945, 0.9928347237819879, 0.9878453317502933, 0.9969483097637327], "step_size_bar": [0.014149880719680253, 0.014149880719680253, 0.014149880719680253, 0.014149880719680253, 0.014149880719680253, 0.014149880719680253, 0.014149880719680253, 0.014149880719680253, 0.014149880719680253, 0.014149880719680253, 0.014149880719680253, 0.014149880719680253, 0.014149880719680253, 0.014149880719680253, 0.014149880719680253, 0.014149880719680253, 0.014149880719680253, 0.014149880719680253, 0.014149880719680253, 0.014149880719680253, 0.014149880719680253, 0.014149880719680253, 0.014149880719680253, 0.014149880719680253, 0.014149880719680253, 0.014149880719680253, 0.014149880719680253, 0.014149880719680253, 0.014149880719680253, 0.014149880719680253, 0.014149880719680253, 0.014149880719680253, 0.014149880719680253, 0.014149880719680253, 0.014149880719680253, 0.014149880719680253, 0.014149880719680253, 0.014149880719680253, 0.014149880719680253, 0.014149880719680253, 0.014149880719680253, 0.014149880719680253, 0.014149880719680253, 0.014149880719680253, 0.014149880719680253, 0.014149880719680253, 0.014149880719680253, 0.014149880719680253, 0.014149880719680253, 0.014149880719680253, 0.014149880719680253, 0.014149880719680253, 0.014149880719680253, 0.014149880719680253, 0.014149880719680253, 0.014149880719680253, 0.014149880719680253, 0.014149880719680253, 0.014149880719680253, 0.014149880719680253, 0.014149880719680253, 0.014149880719680253, 0.014149880719680253, 0.014149880719680253, 0.014149880719680253, 0.014149880719680253, 0.014149880719680253, 0.014149880719680253, 0.014149880719680253, 0.014149880719680253, 0.014149880719680253, 0.014149880719680253, 0.014149880719680253, 0.014149880719680253, 0.014149880719680253, 0.014149880719680253, 0.014149880719680253, 0.014149880719680253, 0.014149880719680253, 0.014149880719680253, 0.014149880719680253, 0.014149880719680253, 0.014149880719680253, 0.014149880719680253, 0.014149880719680253, 0.014149880719680253, 0.014149880719680253, 0.014149880719680253, 0.014149880719680253, 0.014149880719680253, 0.014149880719680253, 0.014149880719680253, 0.014149880719680253, 0.014149880719680253, 0.014149880719680253, 0.014149880719680253, 0.014149880719680253, 0.014149880719680253, 0.014149880719680253, 0.014149880719680253],