{"draw_idx": 100, "draws": null, "_stats": [{"depth": [6, 7, 6, 8, 7, 7, 7, 8, 8, 8, 8, 4, 5, 3, 4, 3, 4, 5, 5, 5, 8, 8, 7, 7, 8, 8, 7, 8, 8, 8, 7, 7, 7, 7, 8, 6, 8, 6, 8, 8, 7, 8, 5, 8, 7, 6, 8, 7, 7, 8, 7, 7, 4, 7, 7, 7, 7, 8, 7, 7, 7, 5, 7, 8, 6, 7, 8, 7, 8, 6, 6, 5, 8, 7, 8, 7, 7, 7, 7, 7, 6, 7, 8, 7, 7, 7, 8, 8, 8, 6, 7, 7, 7, 7, 8, 8, 7, 5, 6, 7], "step_size": [0.021981532870308473, 0.021981532870308473, 0.021981532870308473, 0.021981532870308473, 0.021981532870308473, 0.021981532870308473, 0.021981532870308473, 0.021981532870308473, 0.021981532870308473, 0.021981532870308473, 0.021981532870308473, 0.021981532870308473, 0.021981532870308473, 0.021981532870308473, 0.021981532870308473, 0.021981532870308473, 0.021981532870308473, 0.021981532870308473, 0.021981532870308473, 0.021981532870308473, 0.021981532870308473, 0.021981532870308473, 0.021981532870308473, 0.021981532870308473, 0.021981532870308473, 0.021981532870308473, 0.021981532870308473, 0.021981532870308473, 0.021981532870308473, 0.021981532870308473, 0.021981532870308473, 0.021981532870308473, 0.021981532870308473, 0.021981532870308473, 0.021981532870308473, 0.021981532870308473, 0.021981532870308473, 0.021981532870308473, 0.021981532870308473, 0.021981532870308473, 0.021981532870308473, 0.021981532870308473, 0.021981532870308473, 0.021981532870308473, 0.021981532870308473, 0.021981532870308473, 0.021981532870308473, 0.021981532870308473, 0.021981532870308473, 0.021981532870308473, 0.021981532870308473, 0.021981532870308473, 0.021981532870308473, 0.021981532870308473, 0.021981532870308473, 0.021981532870308473, 0.021981532870308473, 0.021981532870308473, 0.021981532870308473, 0.021981532870308473, 0.021981532870308473, 0.021981532870308473, 0.021981532870308473, 0.021981532870308473, 0.021981532870308473, 0.021981532870308473, 0.021981532870308473, 0.021981532870308473, 0.021981532870308473, 0.021981532870308473, 0.021981532870308473, 0.021981532870308473, 0.021981532870308473, 0.021981532870308473, 0.021981532870308473, 0.021981532870308473, 0.021981532870308473, 0.021981532870308473, 0.021981532870308473, 0.021981532870308473, 0.021981532870308473, 0.021981532870308473, 0.021981532870308473, 0.021981532870308473, 0.021981532870308473, 0.021981532870308473, 0.021981532870308473, 0.021981532870308473, 0.021981532870308473, 0.021981532870308473, 0.021981532870308473, 0.021981532870308473, 0.021981532870308473, 0.021981532870308473, 0.021981532870308473, 0.021981532870308473, 0.021981532870308473, 0.021981532870308473, 0.021981532870308473, 0.021981532870308473], "tune": [true, false, false, false, false, false, false, false, false, false, false, false, false, false, false, false, false, false, false, false, false, false, false, false, false, false, false, false, false, false, false, false, false, false, false, false, false, false, false, false, false, false, false, false, false, false, false, false, false, false, false, false, false, false, false, false, false, false, false, false, false, false, false, false, false, false, false, false, false, false, false, false, false, false, false, false, false, false, false, false, false, false, false, false, false, false, false, false, false, false, false, false, false, false, false, false, false, false, false, false], "mean_tree_accept": [0.9090909169559517, 0.9962907705305405, 0.9912683869380835, 0.994462044439842, 0.9746647722424391, 0.9823304799363323, 0.9989968816872868, 0.8884342353867005, 0.992649549311133, 0.9857451271168565, 0.5099785008675014, 0.030608292184243525, 0.0005912680683663881, 0.05462962912286068, 0.0431647637294212, 0.02210236260720896, 0.0032151781165304185, 0.007495664655647122, 0.11799425675988982, 0.1909760980890885, 0.9155042087930786, 0.6337583530842082, 0.8060118830632007, 0.9972376350091694, 0.9734725237948131, 0.9418930689584196, 0.34919581064984173, 0.697666451857127, 0.9538449234390494, 0.9926760564746088, 0.8316022506032019, 0.9972650707894071, 0.9897477308605718, 0.9917241123701446, 0.9848966845024868, 0.9760366162733869, 0.6325122543763634, 0.8010660337260068, 0.682969617485969, 0.9529914182343289, 0.9856457962369904, 0.9960941972580653, 0.999976005849384, 0.9014858769794335, 0.9999987461041997, 0.9774620758584035, 0.3608040323971326, 0.6539338838822929, 0.9958439723139639, 0.9243204706317311, 0.4349048257964666, 0.9906815046180842, 0.9709849508493719, 0.9988226058765283, 0.8431673124073472, 0.9981108966044095, 0.9983269666547814, 0.9963444570614637, 0.9925507175751501, 0.8452922398965104, 0.9941187043597821, 0.8953493912427382, 0.9859332166801866, 0.8686854786852619, 0.9981864615681268, 0.9643830015332633, 0.9721554429055341, 0.48312646308957147, 0.8067427494267323, 0.6141949651655435, 0.40862623230038064, 0.39174059300134917, 0.952921203894786, 0.9883458417168844, 0.9351477240837319, 0.9891140046400314, 0.9854359005251372, 0.999267250874547, 0.9677080857966677, 0.9867745074453673, 0.9537049379543143, 0.501477311092603, 0.9954586271313216, 0.949368468897261, 0.9991055830507564, 0.9593280477958535, 0.9319273807979873, 0.989269729938448, 0.9668517361835177, 0.9981365727628678, 0.8439461760780483, 0.9789941700682757, 0.9986651785754598, 0.9965509653521697, 0.998890411787231, 0.9991585489390089, 0.9999640942201683, 0.8709497787619227, 0.9407728694876695, 0.9999019911142383], "step_size_bar": [0.013539875164289792, 0.013539875164289792, 0.013539875164289792, 0.013539875164289792, 0.013539875164289792, 0.013539875164289792, 0.013539875164289792, 0.013539875164289792, 0.013539875164289792, 0.013539875164289792, 0.013539875164289792, 0.013539875164289792, 0.013539875164289792, 0.013539875164289792, 0.013539875164289792, 0.013539875164289792, 0.013539875164289792, 0.013539875164289792, 0.013539875164289792, 0.013539875164289792, 0.013539875164289792, 0.013539875164289792, 0.013539875164289792, 0.013539875164289792, 0.013539875164289792, 0.013539875164289792, 0.013539875164289792, 0.013539875164289792, 0.013539875164289792, 0.013539875164289792, 0.013539875164289792, 0.013539875164289792, 0.013539875164289792, 0.013539875164289792, 0.013539875164289792, 0.013539875164289792, 0.013539875164289792, 0.013539875164289792, 0.013539875164289792, 0.013539875164289792, 0.013539875164289792, 0.013539875164289792, 0.013539875164289792, 0.013539875164289792, 0.013539875164289792, 0.013539875164289792, 0.013539875164289792, 0.013539875164289792, 0.013539875164289792, 0.013539875164289792, 0.013539875164289792, 0.013539875164289792, 0.013539875164289792, 0.013539875164289792, 0.013539875164289792, 0.013539875164289792, 0.013539875164289792, 0.013539875164289792, 0.013539875164289792, 0.013539875164289792, 0.013539875164289792, 0.013539875164289792, 0.013539875164289792, 0.013539875164289792, 0.013539875164289792, 0.013539875164289792, 0.013539875164289792, 0.013539875164289792, 0.013539875164289792, 0.013539875164289792, 0.013539875164289792, 0.013539875164289792, 0.013539875164289792, 0.013539875164289792, 0.013539875164289792, 0.013539875164289792, 0.013539875164289792, 0.013539875164289792, 0.013539875164289792, 0.013539875164289792, 0.013539875164289792, 0.013539875164289792, 0.013539875164289792, 0.013539875164289792, 0.013539875164289792, 0.013539875164289792, 0.013539875164289792, 0.013539875164289792, 0.013539875164289792, 0.013539875164289792, 0.013539875164289792, 0.013539875164289792, 0.013539875164289792, 0.013539875164289792, 0.013539875164289792, 0.013539875164289792, 0.013539875164289792, 0.013539875164289792, 0.013539875164289792, 0.013539875164289792],