{"draw_idx": 100, "draws": null, "_stats": [{"depth": [7, 8, 8, 9, 8, 6, 6, 4, 8, 4, 8, 5, 7, 8, 9, 7, 5, 8, 8, 5, 7, 9, 6, 8, 8, 9, 9, 3, 8, 9, 6, 5, 5, 8, 8, 8, 8, 8, 8, 8, 6, 8, 8, 6, 8, 8, 9, 8, 9, 6, 8, 8, 8, 9, 8, 8, 8, 7, 8, 8, 8, 9, 9, 9, 6, 8, 8, 8, 8, 8, 9, 8, 8, 6, 6, 6, 9, 7, 8, 9, 7, 7, 5, 7, 7, 9, 8, 8, 9, 9, 8, 8, 4, 4, 8, 8, 7, 8, 8, 7], "step_size": [0.012795573625246397, 0.012795573625246397, 0.012795573625246397, 0.012795573625246397, 0.012795573625246397, 0.012795573625246397, 0.012795573625246397, 0.012795573625246397, 0.012795573625246397, 0.012795573625246397, 0.012795573625246397, 0.012795573625246397, 0.012795573625246397, 0.012795573625246397, 0.012795573625246397, 0.012795573625246397, 0.012795573625246397, 0.012795573625246397, 0.012795573625246397, 0.012795573625246397, 0.012795573625246397, 0.012795573625246397, 0.012795573625246397, 0.012795573625246397, 0.012795573625246397, 0.012795573625246397, 0.012795573625246397, 0.012795573625246397, 0.012795573625246397, 0.012795573625246397, 0.012795573625246397, 0.012795573625246397, 0.012795573625246397, 0.012795573625246397, 0.012795573625246397, 0.012795573625246397, 0.012795573625246397, 0.012795573625246397, 0.012795573625246397, 0.012795573625246397, 0.012795573625246397, 0.012795573625246397, 0.012795573625246397, 0.012795573625246397, 0.012795573625246397, 0.012795573625246397, 0.012795573625246397, 0.012795573625246397, 0.012795573625246397, 0.012795573625246397, 0.012795573625246397, 0.012795573625246397, 0.012795573625246397, 0.012795573625246397, 0.012795573625246397, 0.012795573625246397, 0.012795573625246397, 0.012795573625246397, 0.012795573625246397, 0.012795573625246397, 0.012795573625246397, 0.012795573625246397, 0.012795573625246397, 0.012795573625246397, 0.012795573625246397, 0.012795573625246397, 0.012795573625246397, 0.012795573625246397, 0.012795573625246397, 0.012795573625246397, 0.012795573625246397, 0.012795573625246397, 0.012795573625246397, 0.012795573625246397, 0.012795573625246397, 0.012795573625246397, 0.012795573625246397, 0.012795573625246397, 0.012795573625246397, 0.012795573625246397, 0.012795573625246397, 0.012795573625246397, 0.012795573625246397, 0.012795573625246397, 0.012795573625246397, 0.012795573625246397, 0.012795573625246397, 0.012795573625246397, 0.012795573625246397, 0.012795573625246397, 0.012795573625246397, 0.012795573625246397, 0.012795573625246397, 0.012795573625246397, 0.012795573625246397, 0.012795573625246397, 0.012795573625246397, 0.012795573625246397, 0.012795573625246397, 0.012795573625246397], "tune": [true, false, false, false, false, false, false, false, false, false, false, false, false, false, false, false, false, false, false, false, false, false, false, false, false, false, false, false, false, false, false, false, false, false, false, false, false, false, false, false, false, false, false, false, false, false, false, false, false, false, false, false, false, false, false, false, false, false, false, false, false, false, false, false, false, false, false, false, false, false, false, false, false, false, false, false, false, false, false, false, false, false, false, false, false, false, false, false, false, false, false, false, false, false, false, false, false, false, false, false], "mean_tree_accept": [0.9874430013488178, 0.9987595544168771, 0.9871620950017839, 0.9974474477472329, 0.9991694257568285, 0.9999821835957605, 0.9974808909462467, 0.9858909507263607, 0.9963977253461628, 0.9999472487365455, 0.9869049984119962, 0.9537658414089966, 0.9999064465744555, 0.9994509445945194, 0.9999931328731645, 0.9998204528288491, 0.9995329350821929, 0.9974195749588779, 0.9949365260939695, 0.9983584505886584, 0.998387132080726, 0.9838311987889081, 0.9987254545284457, 0.9935664734442269, 0.9966264619953138, 0.9929350288908744, 0.9764280070638615, 0.9914015918303497, 0.7816265085264528, 0.9905524597253873, 0.9656017863751302, 0.9871031180091253, 0.999061845664984, 0.998760958517938, 0.9985627419288131, 0.9561415909424581, 0.8071717207194249, 0.9545240141935866, 0.9969045777818164, 0.9964897564642532, 0.9982482288255605, 0.9998401835864409, 0.9928245337391824, 0.9991897375102866, 0.9999950719320277, 0.9993238930564878, 0.9850276575986208, 0.9975803996689186, 0.9985115877049286, 0.998816856122252, 0.9987397133391915, 0.9998555987037304, 0.9934789159559954, 0.9962866533815359, 0.9951612196929461, 0.9768842340244913, 0.9881978243713742, 0.9955343937938292, 0.9950217949753334, 0.9978691846246734, 0.984152132545314, 0.9969608623166889, 0.9968006393239908, 0.997369090331196, 0.9938520560807046, 0.9978759125800539, 0.996807990098801, 0.9962764306663985, 0.9977342149061261, 0.9999273314410415, 0.9971857285766322, 0.999316014272825, 0.9959037110934384, 0.9981955569727498, 0.9951424596692784, 0.9996105475326003, 0.9981221431022647, 0.9999822926910669, 0.9866454991364301, 0.9946688198483418, 0.9946107883428797, 0.9979778971009428, 0.9988490637308147, 0.9990928079719343, 0.9962355456043188, 0.9907759832306462, 0.9965255050295359, 0.9996465672034587, 0.995733482063496, 0.9947339053031571, 0.9949261442037347, 0.9971449369726759, 0.9849208661075458, 0.9444607810644221, 0.9769117501062646, 0.9999662308604195, 0.9988630633879967, 0.9930909478082222, 0.993437286073295, 0.9755915470604238], "step_size_bar": [0.008202425459550902, 0.008202425459550902, 0.008202425459550902, 0.008202425459550902, 0.008202425459550902, 0.008202425459550902, 0.008202425459550902, 0.008202425459550902, 0.008202425459550902, 0.008202425459550902, 0.008202425459550902, 0.008202425459550902, 0.008202425459550902, 0.008202425459550902, 0.008202425459550902, 0.008202425459550902, 0.008202425459550902, 0.008202425459550902, 0.008202425459550902, 0.008202425459550902, 0.008202425459550902, 0.008202425459550902, 0.008202425459550902, 0.008202425459550902, 0.008202425459550902, 0.008202425459550902, 0.008202425459550902, 0.008202425459550902, 0.008202425459550902, 0.008202425459550902, 0.008202425459550902, 0.008202425459550902, 0.008202425459550902, 0.008202425459550902, 0.008202425459550902, 0.008202425459550902, 0.008202425459550902, 0.008202425459550902, 0.008202425459550902, 0.008202425459550902, 0.008202425459550902, 0.008202425459550902, 0.008202425459550902, 0.008202425459550902, 0.008202425459550902, 0.008202425459550902, 0.008202425459550902, 0.008202425459550902, 0.008202425459550902, 0.008202425459550902, 0.008202425459550902, 0.008202425459550902, 0.008202425459550902, 0.008202425459550902, 0.008202425459550902, 0.008202425459550902, 0.008202425459550902, 0.008202425459550902, 0.008202425459550902, 0.008202425459550902, 0.008202425459550902, 0.008202425459550902, 0.008202425459550902, 0.008202425459550902, 0.008202425459550902, 0.008202425459550902, 0.008202425459550902, 0.008202425459550902, 0.008202425459550902, 0.008202425459550902, 0.008202425459550902, 0.008202425459550902, 0.008202425459550902, 0.008202425459550902, 0.008202425459550902, 0.008202425459550902, 0.008202425459550902, 0.008202425459550902, 0.008202425459550902, 0.008202425459550902, 0.008202425459550902, 0.008202425459550902, 0.008202425459550902, 0.008202425459550902, 0.008202425459550902, 0.008202425459550902, 0.008202425459550902, 0.008202425459550902, 0.008202425459550902, 0.008202425459550902, 0.008202425459550902, 0.008202425459550902, 0.008202425459550902, 0.008202425459550902, 0.008202425459550902, 0.008202425459550902, 0.008202425459550902, 0.008202425459550902, 0.008202425459550902, 0.008202425459550902],