{"draw_idx": 100, "draws": null, "_stats": [{"depth": [8, 8, 6, 8, 8, 8, 8, 7, 8, 6, 6, 8, 7, 7, 8, 8, 8, 9, 7, 8, 8, 8, 8, 6, 8, 8, 7, 8, 8, 8, 8, 8, 7, 8, 6, 4, 6, 6, 8, 8, 7, 8, 8, 8, 8, 7, 7, 6, 7, 8, 8, 7, 8, 8, 7, 8, 8, 8, 8, 6, 8, 8, 8, 8, 8, 8, 8, 7, 5, 8, 8, 8, 8, 5, 7, 7, 7, 8, 8, 7, 8, 8, 8, 8, 5, 8, 8, 8, 8, 8, 9, 8, 8, 8, 8, 8, 8, 8, 8, 6], "step_size": [0.009468872366500375, 0.009468872366500375, 0.009468872366500375, 0.009468872366500375, 0.009468872366500375, 0.009468872366500375, 0.009468872366500375, 0.009468872366500375, 0.009468872366500375, 0.009468872366500375, 0.009468872366500375, 0.009468872366500375, 0.009468872366500375, 0.009468872366500375, 0.009468872366500375, 0.009468872366500375, 0.009468872366500375, 0.009468872366500375, 0.009468872366500375, 0.009468872366500375, 0.009468872366500375, 0.009468872366500375, 0.009468872366500375, 0.009468872366500375, 0.009468872366500375, 0.009468872366500375, 0.009468872366500375, 0.009468872366500375, 0.009468872366500375, 0.009468872366500375, 0.009468872366500375, 0.009468872366500375, 0.009468872366500375, 0.009468872366500375, 0.009468872366500375, 0.009468872366500375, 0.009468872366500375, 0.009468872366500375, 0.009468872366500375, 0.009468872366500375, 0.009468872366500375, 0.009468872366500375, 0.009468872366500375, 0.009468872366500375, 0.009468872366500375, 0.009468872366500375, 0.009468872366500375, 0.009468872366500375, 0.009468872366500375, 0.009468872366500375, 0.009468872366500375, 0.009468872366500375, 0.009468872366500375, 0.009468872366500375, 0.009468872366500375, 0.009468872366500375, 0.009468872366500375, 0.009468872366500375, 0.009468872366500375, 0.009468872366500375, 0.009468872366500375, 0.009468872366500375, 0.009468872366500375, 0.009468872366500375, 0.009468872366500375, 0.009468872366500375, 0.009468872366500375, 0.009468872366500375, 0.009468872366500375, 0.009468872366500375, 0.009468872366500375, 0.009468872366500375, 0.009468872366500375, 0.009468872366500375, 0.009468872366500375, 0.009468872366500375, 0.009468872366500375, 0.009468872366500375, 0.009468872366500375, 0.009468872366500375, 0.009468872366500375, 0.009468872366500375, 0.009468872366500375, 0.009468872366500375, 0.009468872366500375, 0.009468872366500375, 0.009468872366500375, 0.009468872366500375, 0.009468872366500375, 0.009468872366500375, 0.009468872366500375, 0.009468872366500375, 0.009468872366500375, 0.009468872366500375, 0.009468872366500375, 0.009468872366500375, 0.009468872366500375, 0.009468872366500375, 0.009468872366500375, 0.009468872366500375], "tune": [true, false, false, false, false, false, false, false, false, false, false, false, false, false, false, false, false, false, false, false, false, false, false, false, false, false, false, false, false, false, false, false, false, false, false, false, false, false, false, false, false, false, false, false, false, false, false, false, false, false, false, false, false, false, false, false, false, false, false, false, false, false, false, false, false, false, false, false, false, false, false, false, false, false, false, false, false, false, false, false, false, false, false, false, false, false, false, false, false, false, false, false, false, false, false, false, false, false, false, false], "mean_tree_accept": [0.996200826595189, 0.988281094948351, 0.9996184504058444, 0.99636382169447, 0.9998238401230232, 0.9040669684601595, 0.7833532448193105, 0.7247616714888981, 0.29183444193335223, 0.8526660098214077, 0.6382960976313095, 0.8026651756351525, 0.9953392809373443, 0.9997390334024574, 0.9992405804015159, 0.9957011942462166, 0.8322872242341686, 0.9469858512123815, 0.9997749324729529, 0.995067091984724, 0.3339339089654877, 0.9795893616998553, 0.993226635111105, 0.5713970066974489, 0.8839070511996914, 0.9910062730792148, 0.9986405679639323, 0.9847152161814192, 0.9978301221799218, 0.9699387816347649, 0.9989277943315018, 0.9965515370322745, 0.9989113900812845, 0.9968551466114741, 0.9814537569050623, 0.984288389217797, 0.9070970383913557, 0.9932615701030286, 0.997328158844221, 0.9379190685842992, 0.9969988042233259, 0.9994566863788954, 0.97149993189506, 0.9997511725681553, 0.9828356739275865, 0.9845813890188396, 0.9986954393112399, 0.9849321107457955, 0.9884658209127989, 0.9428115782751793, 0.9802287273297453, 0.972616911961046, 0.9939660628176383, 0.8906925741273738, 0.9972157925142244, 0.9879100225223412, 0.9994375387118306, 0.9928116868184025, 0.9852664270569121, 0.9905178451691862, 0.9962475737352139, 0.9880782385374254, 0.7832754102223357, 0.7447082230258161, 0.9996730195053882, 0.9789367822586545, 0.9995788437449098, 0.9985140561134533, 0.9978377305177459, 0.9863176575756905, 0.9997636497156923, 0.9532930326709803, 0.5256263429100799, 0.8933850841504392, 0.9919443700883869, 0.999776058125139, 0.9928933473952154, 0.8294430293997151, 0.9881652671000513, 0.944369858532488, 0.9928865696353762, 0.9628111008259618, 0.9814504958786738, 0.9993275549349695, 0.9911742071298976, 0.9997779066418055, 0.9995266876523371, 0.9844380692219843, 0.9938938296153245, 0.999309448838209, 0.9968750063538842, 0.9968936589103886, 0.9945980621714242, 0.934449550762832, 0.9987378919559732, 0.9986820021128119, 0.9897529428190169, 0.9002683542080534, 0.9989386731263656, 0.9920168601562768], "step_size_bar": [0.011245544197881808, 0.011245544197881808, 0.011245544197881808, 0.011245544197881808, 0.011245544197881808, 0.011245544197881808, 0.011245544197881808, 0.011245544197881808, 0.011245544197881808, 0.011245544197881808, 0.011245544197881808, 0.011245544197881808, 0.011245544197881808, 0.011245544197881808, 0.011245544197881808, 0.011245544197881808, 0.011245544197881808, 0.011245544197881808, 0.011245544197881808, 0.011245544197881808, 0.011245544197881808, 0.011245544197881808, 0.011245544197881808, 0.011245544197881808, 0.011245544197881808, 0.011245544197881808, 0.011245544197881808, 0.011245544197881808, 0.011245544197881808, 0.011245544197881808, 0.011245544197881808, 0.011245544197881808, 0.011245544197881808, 0.011245544197881808, 0.011245544197881808, 0.011245544197881808, 0.011245544197881808, 0.011245544197881808, 0.011245544197881808, 0.011245544197881808, 0.011245544197881808, 0.011245544197881808, 0.011245544197881808, 0.011245544197881808, 0.011245544197881808, 0.011245544197881808, 0.011245544197881808, 0.011245544197881808, 0.011245544197881808, 0.011245544197881808, 0.011245544197881808, 0.011245544197881808, 0.011245544197881808, 0.011245544197881808, 0.011245544197881808, 0.011245544197881808, 0.011245544197881808, 0.011245544197881808, 0.011245544197881808, 0.011245544197881808, 0.011245544197881808, 0.011245544197881808, 0.011245544197881808, 0.011245544197881808, 0.011245544197881808, 0.011245544197881808, 0.011245544197881808, 0.011245544197881808, 0.011245544197881808, 0.011245544197881808, 0.011245544197881808, 0.011245544197881808, 0.011245544197881808, 0.011245544197881808, 0.011245544197881808, 0.011245544197881808, 0.011245544197881808, 0.011245544197881808, 0.011245544197881808, 0.011245544197881808, 0.011245544197881808, 0.011245544197881808, 0.011245544197881808, 0.011245544197881808, 0.011245544197881808, 0.011245544197881808, 0.011245544197881808, 0.011245544197881808, 0.011245544197881808, 0.011245544197881808, 0.011245544197881808, 0.011245544197881808, 0.011245544197881808, 0.011245544197881808, 0.011245544197881808, 0.011245544197881808, 0.011245544197881808, 0.011245544197881808, 0.011245544197881808, 0.011245544197881808],