{"draw_idx": 100, "draws": null, "_stats": [{"depth": [4, 5, 6, 7, 7, 7, 5, 7, 7, 7, 5, 6, 7, 8, 7, 8, 7, 7, 8, 8, 7, 7, 8, 8, 7, 7, 7, 7, 8, 6, 7, 8, 7, 3, 8, 6, 3, 7, 6, 7, 7, 7, 7, 6, 6, 8, 8, 8, 8, 7, 8, 5, 7, 7, 3, 7, 8, 7, 8, 7, 8, 6, 3, 6, 7, 7, 7, 7, 7, 3, 7, 8, 7, 7, 7, 6, 7, 7, 8, 8, 7, 8, 8, 6, 7, 8, 7, 5, 7, 7, 8, 7, 6, 6, 5, 8, 7, 8, 7, 8], "step_size": [0.011383604873399527, 0.011383604873399527, 0.011383604873399527, 0.011383604873399527, 0.011383604873399527, 0.011383604873399527, 0.011383604873399527, 0.011383604873399527, 0.011383604873399527, 0.011383604873399527, 0.011383604873399527, 0.011383604873399527, 0.011383604873399527, 0.011383604873399527, 0.011383604873399527, 0.011383604873399527, 0.011383604873399527, 0.011383604873399527, 0.011383604873399527, 0.011383604873399527, 0.011383604873399527, 0.011383604873399527, 0.011383604873399527, 0.011383604873399527, 0.011383604873399527, 0.011383604873399527, 0.011383604873399527, 0.011383604873399527, 0.011383604873399527, 0.011383604873399527, 0.011383604873399527, 0.011383604873399527, 0.011383604873399527, 0.011383604873399527, 0.011383604873399527, 0.011383604873399527, 0.011383604873399527, 0.011383604873399527, 0.011383604873399527, 0.011383604873399527, 0.011383604873399527, 0.011383604873399527, 0.011383604873399527, 0.011383604873399527, 0.011383604873399527, 0.011383604873399527, 0.011383604873399527, 0.011383604873399527, 0.011383604873399527, 0.011383604873399527, 0.011383604873399527, 0.011383604873399527, 0.011383604873399527, 0.011383604873399527, 0.011383604873399527, 0.011383604873399527, 0.011383604873399527, 0.011383604873399527, 0.011383604873399527, 0.011383604873399527, 0.011383604873399527, 0.011383604873399527, 0.011383604873399527, 0.011383604873399527, 0.011383604873399527, 0.011383604873399527, 0.011383604873399527, 0.011383604873399527, 0.011383604873399527, 0.011383604873399527, 0.011383604873399527, 0.011383604873399527, 0.011383604873399527, 0.011383604873399527, 0.011383604873399527, 0.011383604873399527, 0.011383604873399527, 0.011383604873399527, 0.011383604873399527, 0.011383604873399527, 0.011383604873399527, 0.011383604873399527, 0.011383604873399527, 0.011383604873399527, 0.011383604873399527, 0.011383604873399527, 0.011383604873399527, 0.011383604873399527, 0.011383604873399527, 0.011383604873399527, 0.011383604873399527, 0.011383604873399527, 0.011383604873399527, 0.011383604873399527, 0.011383604873399527, 0.011383604873399527, 0.011383604873399527, 0.011383604873399527, 0.011383604873399527, 0.011383604873399527], "tune": [true, false, false, false, false, false, false, false, false, false, false, false, false, false, false, false, false, false, false, false, false, false, false, false, false, false, false, false, false, false, false, false, false, false, false, false, false, false, false, false, false, false, false, false, false, false, false, false, false, false, false, false, false, false, false, false, false, false, false, false, false, false, false, false, false, false, false, false, false, false, false, false, false, false, false, false, false, false, false, false, false, false, false, false, false, false, false, false, false, false, false, false, false, false, false, false, false, false, false, false], "mean_tree_accept": [0.9536181491999028, 0.9813053696160362, 0.9859931022715976, 0.998206238760496, 0.976061204962404, 0.9970043998262187, 0.9721726065450612, 0.987262401713972, 0.9983344453963369, 0.9626461527840154, 0.9947433835361952, 0.9994991010590862, 0.9852345294275744, 0.9925046128367845, 0.9539629492045258, 0.9949645365311413, 0.9934155738245289, 0.9530164927409757, 0.9767775967055409, 0.9947481306063325, 0.9137610084411146, 0.9900735116981118, 0.9343911835766843, 0.9987930614143219, 0.9603108770052237, 0.9977835729709601, 0.9926077244484721, 0.9794389660079573, 0.9979644999860614, 0.9955959205126977, 0.996887837319895, 0.9759771050368671, 0.996200910633112, 0.9671551568532595, 0.979208409578288, 0.9699315816939429, 0.9937128790619004, 0.9997924886163584, 0.9864512791578472, 0.9999340318267856, 0.9868021433113374, 0.9787713304074489, 0.9802109050052779, 0.987424935640622, 0.9808874470540669, 0.9972902511110486, 0.7257361253930332, 0.9962220166341866, 0.6856644472479079, 0.9999817827328313, 0.8786820070773229, 0.9835752233392764, 1.0, 0.9943395789926663, 0.9704227418432209, 0.9973310821888605, 0.9697197204086848, 0.9384806140609098, 0.9435108039977234, 0.9842452193831612, 0.9628814604524994, 0.8208693961611627, 0.9700225151094857, 0.9986059155598138, 0.9990292573446747, 0.9985744379083821, 0.9960791524803091, 0.9914677876683098, 0.9972647912484461, 0.9762813532163707, 0.6938727714315768, 0.9824982019266031, 0.9988120461583784, 0.9836455148332949, 0.9841332460496123, 0.9997803058291151, 0.9759008901079731, 0.9802527577012405, 0.9988099874755275, 0.8361934998903764, 0.6133537825734953, 0.99669452171659, 0.9987776308386401, 0.9995505938564173, 0.9831099321681429, 0.9619914165351189, 0.9671210339523127, 0.9654437025765346, 0.9780653023331745, 0.9699629041954897, 0.9967426168616312, 0.9952104378581391, 0.9318473706637311, 0.9977806555432929, 0.999875445431496, 0.9954089291802267, 0.9986491830644973, 0.9542792761639555, 0.9380388820630249, 0.9494554940604167], "step_size_bar": [0.01695474208581381, 0.01695474208581381, 0.01695474208581381, 0.01695474208581381, 0.01695474208581381, 0.01695474208581381, 0.01695474208581381, 0.01695474208581381, 0.01695474208581381, 0.01695474208581381, 0.01695474208581381, 0.01695474208581381, 0.01695474208581381, 0.01695474208581381, 0.01695474208581381, 0.01695474208581381, 0.01695474208581381, 0.01695474208581381, 0.01695474208581381, 0.01695474208581381, 0.01695474208581381, 0.01695474208581381, 0.01695474208581381, 0.01695474208581381, 0.01695474208581381, 0.01695474208581381, 0.01695474208581381, 0.01695474208581381, 0.01695474208581381, 0.01695474208581381, 0.01695474208581381, 0.01695474208581381, 0.01695474208581381, 0.01695474208581381, 0.01695474208581381, 0.01695474208581381, 0.01695474208581381, 0.01695474208581381, 0.01695474208581381, 0.01695474208581381, 0.01695474208581381, 0.01695474208581381, 0.01695474208581381, 0.01695474208581381, 0.01695474208581381, 0.01695474208581381, 0.01695474208581381, 0.01695474208581381, 0.01695474208581381, 0.01695474208581381, 0.01695474208581381, 0.01695474208581381, 0.01695474208581381, 0.01695474208581381, 0.01695474208581381, 0.01695474208581381, 0.01695474208581381, 0.01695474208581381, 0.01695474208581381, 0.01695474208581381, 0.01695474208581381, 0.01695474208581381, 0.01695474208581381, 0.01695474208581381, 0.01695474208581381, 0.01695474208581381, 0.01695474208581381, 0.01695474208581381, 0.01695474208581381, 0.01695474208581381, 0.01695474208581381, 0.01695474208581381, 0.01695474208581381, 0.01695474208581381, 0.01695474208581381, 0.01695474208581381, 0.01695474208581381, 0.01695474208581381, 0.01695474208581381, 0.01695474208581381, 0.01695474208581381, 0.01695474208581381, 0.01695474208581381, 0.01695474208581381, 0.01695474208581381, 0.01695474208581381, 0.01695474208581381, 0.01695474208581381, 0.01695474208581381, 0.01695474208581381, 0.01695474208581381, 0.01695474208581381, 0.01695474208581381, 0.01695474208581381, 0.01695474208581381, 0.01695474208581381, 0.01695474208581381, 0.01695474208581381, 0.01695474208581381, 0.01695474208581381],