{"draw_idx": 100, "draws": null, "_stats": [{"depth": [7, 7, 8, 7, 7, 5, 7, 8, 8, 7, 7, 8, 8, 6, 8, 7, 6, 8, 8, 4, 7, 6, 9, 8, 8, 7, 7, 7, 7, 8, 8, 7, 8, 7, 8, 8, 6, 8, 7, 8, 7, 7, 7, 6, 7, 3, 7, 7, 7, 4, 7, 8, 8, 7, 6, 8, 7, 8, 6, 7, 7, 7, 7, 7, 7, 7, 8, 7, 7, 7, 8, 7, 7, 7, 4, 8, 7, 7, 8, 7, 7, 7, 6, 4, 8, 8, 8, 7, 7, 7, 7, 7, 8, 8, 7, 7, 7, 6, 5, 5], "step_size": [0.02037748458113949, 0.02037748458113949, 0.02037748458113949, 0.02037748458113949, 0.02037748458113949, 0.02037748458113949, 0.02037748458113949, 0.02037748458113949, 0.02037748458113949, 0.02037748458113949, 0.02037748458113949, 0.02037748458113949, 0.02037748458113949, 0.02037748458113949, 0.02037748458113949, 0.02037748458113949, 0.02037748458113949, 0.02037748458113949, 0.02037748458113949, 0.02037748458113949, 0.02037748458113949, 0.02037748458113949, 0.02037748458113949, 0.02037748458113949, 0.02037748458113949, 0.02037748458113949, 0.02037748458113949, 0.02037748458113949, 0.02037748458113949, 0.02037748458113949, 0.02037748458113949, 0.02037748458113949, 0.02037748458113949, 0.02037748458113949, 0.02037748458113949, 0.02037748458113949, 0.02037748458113949, 0.02037748458113949, 0.02037748458113949, 0.02037748458113949, 0.02037748458113949, 0.02037748458113949, 0.02037748458113949, 0.02037748458113949, 0.02037748458113949, 0.02037748458113949, 0.02037748458113949, 0.02037748458113949, 0.02037748458113949, 0.02037748458113949, 0.02037748458113949, 0.02037748458113949, 0.02037748458113949, 0.02037748458113949, 0.02037748458113949, 0.02037748458113949, 0.02037748458113949, 0.02037748458113949, 0.02037748458113949, 0.02037748458113949, 0.02037748458113949, 0.02037748458113949, 0.02037748458113949, 0.02037748458113949, 0.02037748458113949, 0.02037748458113949, 0.02037748458113949, 0.02037748458113949, 0.02037748458113949, 0.02037748458113949, 0.02037748458113949, 0.02037748458113949, 0.02037748458113949, 0.02037748458113949, 0.02037748458113949, 0.02037748458113949, 0.02037748458113949, 0.02037748458113949, 0.02037748458113949, 0.02037748458113949, 0.02037748458113949, 0.02037748458113949, 0.02037748458113949, 0.02037748458113949, 0.02037748458113949, 0.02037748458113949, 0.02037748458113949, 0.02037748458113949, 0.02037748458113949, 0.02037748458113949, 0.02037748458113949, 0.02037748458113949, 0.02037748458113949, 0.02037748458113949, 0.02037748458113949, 0.02037748458113949, 0.02037748458113949, 0.02037748458113949, 0.02037748458113949, 0.02037748458113949], "tune": [true, false, false, false, false, false, false, false, false, false, false, false, false, false, false, false, false, false, false, false, false, false, false, false, false, false, false, false, false, false, false, false, false, false, false, false, false, false, false, false, false, false, false, false, false, false, false, false, false, false, false, false, false, false, false, false, false, false, false, false, false, false, false, false, false, false, false, false, false, false, false, false, false, false, false, false, false, false, false, false, false, false, false, false, false, false, false, false, false, false, false, false, false, false, false, false, false, false, false, false], "mean_tree_accept": [0.8598900765523877, 0.999674757299267, 0.967402620156509, 0.873769548359288, 0.6763560312768978, 0.21312200413076107, 0.8515163121109959, 0.9995789140791358, 0.9465817439571046, 0.9899126654452302, 0.9815660546642709, 0.9949406764708077, 0.5430578801035527, 0.9974430691292385, 0.398275806236533, 0.9525055138310901, 0.9541798910647138, 0.1054550710475075, 0.7127093326664841, 0.9977990186343031, 0.9891102204284898, 0.9996807373134581, 0.9460718354498703, 0.8962291929975748, 0.9907904751740522, 0.9946255240367909, 0.9983236849685543, 0.9805966160588764, 0.9988949239818607, 0.975125261720435, 0.9618473807512381, 0.9833578134630825, 0.9959905714568205, 0.9973812761339507, 0.9739147532085868, 0.9985939291458483, 0.9974697886328561, 0.9914950095531355, 0.9695597949590429, 0.9944934221248208, 0.995568867791264, 0.9628909980083201, 0.9684657207693335, 0.9994942495175906, 0.9987802146303958, 0.9630896471479966, 0.9959155947109471, 0.9895258926971515, 0.9304557409465706, 0.9818167148429399, 0.5705408495694373, 0.9785057403582783, 0.8650264595417845, 0.6478080686227292, 0.4015663840952806, 0.2555791773343841, 0.8458023849602496, 0.9835572739772107, 0.9995681796617636, 0.9013734035905872, 0.9737077726258794, 1.0, 0.9819794992555356, 0.9991457865403496, 0.9980900579475398, 0.99887936110007, 0.9609607161694599, 0.9938936670464461, 0.9984188921280901, 0.9965503509633434, 0.9586902720154717, 0.9953803305967531, 0.999624581407925, 0.9975653012263472, 0.9784842075904587, 0.9234546478469314, 0.9991473932059786, 0.9999118334784739, 0.9997829737355116, 0.9899469405885003, 0.9923824757302265, 0.983863899118379, 0.985860158422573, 0.992425886335024, 0.8020584012616081, 0.6767542978785843, 0.9963214103047843, 0.9753450322564294, 0.9914518438763982, 0.9821779796830914, 0.5830432260233607, 0.9871056822552783, 0.9787532145046358, 0.5155973383205059, 0.607106164070641, 0.759837403708886, 0.1510614085666251, 0.48495504578312665, 0.49341475967990456, 0.6375011114730793], "step_size_bar": [0.015577048351673206, 0.015577048351673206, 0.015577048351673206, 0.015577048351673206, 0.015577048351673206, 0.015577048351673206, 0.015577048351673206, 0.015577048351673206, 0.015577048351673206, 0.015577048351673206, 0.015577048351673206, 0.015577048351673206, 0.015577048351673206, 0.015577048351673206, 0.015577048351673206, 0.015577048351673206, 0.015577048351673206, 0.015577048351673206, 0.015577048351673206, 0.015577048351673206, 0.015577048351673206, 0.015577048351673206, 0.015577048351673206, 0.015577048351673206, 0.015577048351673206, 0.015577048351673206, 0.015577048351673206, 0.015577048351673206, 0.015577048351673206, 0.015577048351673206, 0.015577048351673206, 0.015577048351673206, 0.015577048351673206, 0.015577048351673206, 0.015577048351673206, 0.015577048351673206, 0.015577048351673206, 0.015577048351673206, 0.015577048351673206, 0.015577048351673206, 0.015577048351673206, 0.015577048351673206, 0.015577048351673206, 0.015577048351673206, 0.015577048351673206, 0.015577048351673206, 0.015577048351673206, 0.015577048351673206, 0.015577048351673206, 0.015577048351673206, 0.015577048351673206, 0.015577048351673206, 0.015577048351673206, 0.015577048351673206, 0.015577048351673206, 0.015577048351673206, 0.015577048351673206, 0.015577048351673206, 0.015577048351673206, 0.015577048351673206, 0.015577048351673206, 0.015577048351673206, 0.015577048351673206, 0.015577048351673206, 0.015577048351673206, 0.015577048351673206, 0.015577048351673206, 0.015577048351673206, 0.015577048351673206, 0.015577048351673206, 0.015577048351673206, 0.015577048351673206, 0.015577048351673206, 0.015577048351673206, 0.015577048351673206, 0.015577048351673206, 0.015577048351673206, 0.015577048351673206, 0.015577048351673206, 0.015577048351673206, 0.015577048351673206, 0.015577048351673206, 0.015577048351673206, 0.015577048351673206, 0.015577048351673206, 0.015577048351673206, 0.015577048351673206, 0.015577048351673206, 0.015577048351673206, 0.015577048351673206, 0.015577048351673206, 0.015577048351673206, 0.015577048351673206, 0.015577048351673206, 0.015577048351673206, 0.015577048351673206, 0.015577048351673206, 0.015577048351673206, 0.015577048351673206, 0.015577048351673206],