{"draw_idx": 100, "draws": null, "_stats": [{"depth": [7, 8, 8, 8, 8, 7, 8, 8, 7, 7, 7, 7, 8, 8, 8, 7, 7, 8, 8, 8, 8, 7, 8, 8, 7, 8, 8, 7, 8, 8, 8, 8, 8, 8, 8, 8, 8, 8, 8, 5, 2, 5, 6, 8, 8, 6, 8, 5, 8, 8, 7, 7, 8, 7, 8, 8, 8, 7, 8, 7, 8, 8, 3, 8, 7, 7, 7, 8, 7, 7, 8, 8, 8, 8, 8, 7, 8, 6, 8, 8, 7, 4, 8, 7, 8, 9, 8, 8, 7, 7, 7, 4, 8, 7, 7, 8, 7, 7, 8, 8], "step_size": [0.020793986650656602, 0.020793986650656602, 0.020793986650656602, 0.020793986650656602, 0.020793986650656602, 0.020793986650656602, 0.020793986650656602, 0.020793986650656602, 0.020793986650656602, 0.020793986650656602, 0.020793986650656602, 0.020793986650656602, 0.020793986650656602, 0.020793986650656602, 0.020793986650656602, 0.020793986650656602, 0.020793986650656602, 0.020793986650656602, 0.020793986650656602, 0.020793986650656602, 0.020793986650656602, 0.020793986650656602, 0.020793986650656602, 0.020793986650656602, 0.020793986650656602, 0.020793986650656602, 0.020793986650656602, 0.020793986650656602, 0.020793986650656602, 0.020793986650656602, 0.020793986650656602, 0.020793986650656602, 0.020793986650656602, 0.020793986650656602, 0.020793986650656602, 0.020793986650656602, 0.020793986650656602, 0.020793986650656602, 0.020793986650656602, 0.020793986650656602, 0.020793986650656602, 0.020793986650656602, 0.020793986650656602, 0.020793986650656602, 0.020793986650656602, 0.020793986650656602, 0.020793986650656602, 0.020793986650656602, 0.020793986650656602, 0.020793986650656602, 0.020793986650656602, 0.020793986650656602, 0.020793986650656602, 0.020793986650656602, 0.020793986650656602, 0.020793986650656602, 0.020793986650656602, 0.020793986650656602, 0.020793986650656602, 0.020793986650656602, 0.020793986650656602, 0.020793986650656602, 0.020793986650656602, 0.020793986650656602, 0.020793986650656602, 0.020793986650656602, 0.020793986650656602, 0.020793986650656602, 0.020793986650656602, 0.020793986650656602, 0.020793986650656602, 0.020793986650656602, 0.020793986650656602, 0.020793986650656602, 0.020793986650656602, 0.020793986650656602, 0.020793986650656602, 0.020793986650656602, 0.020793986650656602, 0.020793986650656602, 0.020793986650656602, 0.020793986650656602, 0.020793986650656602, 0.020793986650656602, 0.020793986650656602, 0.020793986650656602, 0.020793986650656602, 0.020793986650656602, 0.020793986650656602, 0.020793986650656602, 0.020793986650656602, 0.020793986650656602, 0.020793986650656602, 0.020793986650656602, 0.020793986650656602, 0.020793986650656602, 0.020793986650656602, 0.020793986650656602, 0.020793986650656602, 0.020793986650656602], "tune": [true, false, false, false, false, false, false, false, false, false, false, false, false, false, false, false, false, false, false, false, false, false, false, false, false, false, false, false, false, false, false, false, false, false, false, false, false, false, false, false, false, false, false, false, false, false, false, false, false, false, false, false, false, false, false, false, false, false, false, false, false, false, false, false, false, false, false, false, false, false, false, false, false, false, false, false, false, false, false, false, false, false, false, false, false, false, false, false, false, false, false, false, false, false, false, false, false, false, false, false], "mean_tree_accept": [0.7726313483989024, 0.9002702690043096, 0.7988169161117973, 0.851489587615079, 0.9703239587121841, 0.9987052466799026, 0.9949682365546161, 0.8651595122308262, 0.7638031324923162, 0.9763102038919598, 0.992206385254598, 0.982679071052569, 0.9985417857271149, 0.9908161991212714, 0.8817415444548787, 0.9855080540754415, 0.8375307174985348, 0.9979150774809185, 0.9845649399691629, 0.9576104533397121, 0.7887500262464783, 0.565532553333633, 0.6654059362378963, 0.9937456530669109, 0.9871851581080346, 0.9993522263756526, 0.9435627242019016, 0.9998339949354612, 0.9929361699491861, 0.9821767161342269, 0.9996386894918248, 0.879144553764074, 0.9998392834441882, 0.9370821343122374, 0.9944875798577795, 0.9981571262117697, 0.995345493357589, 0.9981210133598171, 0.7711391984815653, 0.9717632335871234, 0.47398754362173284, 0.4858517657828815, 0.9005854406054801, 0.4156953053731585, 0.8973299456960226, 0.2896263352487473, 0.1137552974710826, 0.12232221015934354, 0.2999617260152694, 0.8723218776009862, 0.9875540971924178, 0.9936267069430579, 0.9947801776726268, 0.9988045156917691, 0.8812526275648492, 0.9980673919369002, 0.9956944127071544, 0.9986154450082911, 0.9952643571036384, 0.9884493374642808, 0.9898183228967448, 0.9969421275018677, 0.9406446566502777, 0.9935167176552743, 0.965358742271338, 0.6700366194481711, 0.9146763784416438, 0.9979184319857606, 0.9818506173472915, 0.974109915475405, 0.8914587159515472, 0.8042565272702386, 0.9086051584903074, 0.9830797364504202, 0.9802571575838944, 0.9664664440006298, 0.9819134920172987, 0.9799249441588953, 0.9533068370923796, 0.9788287946553014, 0.9954683112780929, 0.9996025784920017, 0.9952406418564826, 0.9961032806692031, 0.9727318792086395, 0.9977783323748175, 0.577740237748081, 0.924752866272696, 0.9484898371061502, 0.9994979795385549, 0.9975866547126389, 0.9897294780171877, 0.9790283020560804, 0.22333117492214674, 0.997746464005105, 0.9985923306872486, 0.989998365557009, 0.999976164815926, 0.9994800569110243, 0.9446411264760671], "step_size_bar": [0.013535107409856986, 0.013535107409856986, 0.013535107409856986, 0.013535107409856986, 0.013535107409856986, 0.013535107409856986, 0.013535107409856986, 0.013535107409856986, 0.013535107409856986, 0.013535107409856986, 0.013535107409856986, 0.013535107409856986, 0.013535107409856986, 0.013535107409856986, 0.013535107409856986, 0.013535107409856986, 0.013535107409856986, 0.013535107409856986, 0.013535107409856986, 0.013535107409856986, 0.013535107409856986, 0.013535107409856986, 0.013535107409856986, 0.013535107409856986, 0.013535107409856986, 0.013535107409856986, 0.013535107409856986, 0.013535107409856986, 0.013535107409856986, 0.013535107409856986, 0.013535107409856986, 0.013535107409856986, 0.013535107409856986, 0.013535107409856986, 0.013535107409856986, 0.013535107409856986, 0.013535107409856986, 0.013535107409856986, 0.013535107409856986, 0.013535107409856986, 0.013535107409856986, 0.013535107409856986, 0.013535107409856986, 0.013535107409856986, 0.013535107409856986, 0.013535107409856986, 0.013535107409856986, 0.013535107409856986, 0.013535107409856986, 0.013535107409856986, 0.013535107409856986, 0.013535107409856986, 0.013535107409856986, 0.013535107409856986, 0.013535107409856986, 0.013535107409856986, 0.013535107409856986, 0.013535107409856986, 0.013535107409856986, 0.013535107409856986, 0.013535107409856986, 0.013535107409856986, 0.013535107409856986, 0.013535107409856986, 0.013535107409856986, 0.013535107409856986, 0.013535107409856986, 0.013535107409856986, 0.013535107409856986, 0.013535107409856986, 0.013535107409856986, 0.013535107409856986, 0.013535107409856986, 0.013535107409856986, 0.013535107409856986, 0.013535107409856986, 0.013535107409856986, 0.013535107409856986, 0.013535107409856986, 0.013535107409856986, 0.013535107409856986, 0.013535107409856986, 0.013535107409856986, 0.013535107409856986, 0.013535107409856986, 0.013535107409856986, 0.013535107409856986, 0.013535107409856986, 0.013535107409856986, 0.013535107409856986, 0.013535107409856986, 0.013535107409856986, 0.013535107409856986, 0.013535107409856986, 0.013535107409856986, 0.013535107409856986, 0.013535107409856986, 0.013535107409856986, 0.013535107409856986, 0.013535107409856986],