{"draw_idx": 100, "draws": null, "_stats": [{"depth": [6, 5, 7, 5, 5, 6, 6, 7, 7, 5, 7, 7, 8, 7, 6, 7, 6, 6, 6, 6, 8, 5, 7, 7, 8, 6, 8, 7, 6, 6, 5, 6, 7, 7, 6, 8, 7, 7, 7, 7, 6, 8, 8, 8, 7, 8, 6, 7, 5, 6, 6, 6, 8, 8, 5, 4, 8, 3, 6, 8, 7, 7, 8, 6, 7, 8, 8, 6, 7, 5, 4, 5, 5, 4, 7, 8, 8, 3, 7, 4, 4, 7, 7, 8, 7, 6, 7, 8, 6, 5, 5, 7, 7, 6, 8, 6, 6, 7, 7, 7], "step_size": [0.02362512708944921, 0.02362512708944921, 0.02362512708944921, 0.02362512708944921, 0.02362512708944921, 0.02362512708944921, 0.02362512708944921, 0.02362512708944921, 0.02362512708944921, 0.02362512708944921, 0.02362512708944921, 0.02362512708944921, 0.02362512708944921, 0.02362512708944921, 0.02362512708944921, 0.02362512708944921, 0.02362512708944921, 0.02362512708944921, 0.02362512708944921, 0.02362512708944921, 0.02362512708944921, 0.02362512708944921, 0.02362512708944921, 0.02362512708944921, 0.02362512708944921, 0.02362512708944921, 0.02362512708944921, 0.02362512708944921, 0.02362512708944921, 0.02362512708944921, 0.02362512708944921, 0.02362512708944921, 0.02362512708944921, 0.02362512708944921, 0.02362512708944921, 0.02362512708944921, 0.02362512708944921, 0.02362512708944921, 0.02362512708944921, 0.02362512708944921, 0.02362512708944921, 0.02362512708944921, 0.02362512708944921, 0.02362512708944921, 0.02362512708944921, 0.02362512708944921, 0.02362512708944921, 0.02362512708944921, 0.02362512708944921, 0.02362512708944921, 0.02362512708944921, 0.02362512708944921, 0.02362512708944921, 0.02362512708944921, 0.02362512708944921, 0.02362512708944921, 0.02362512708944921, 0.02362512708944921, 0.02362512708944921, 0.02362512708944921, 0.02362512708944921, 0.02362512708944921, 0.02362512708944921, 0.02362512708944921, 0.02362512708944921, 0.02362512708944921, 0.02362512708944921, 0.02362512708944921, 0.02362512708944921, 0.02362512708944921, 0.02362512708944921, 0.02362512708944921, 0.02362512708944921, 0.02362512708944921, 0.02362512708944921, 0.02362512708944921, 0.02362512708944921, 0.02362512708944921, 0.02362512708944921, 0.02362512708944921, 0.02362512708944921, 0.02362512708944921, 0.02362512708944921, 0.02362512708944921, 0.02362512708944921, 0.02362512708944921, 0.02362512708944921, 0.02362512708944921, 0.02362512708944921, 0.02362512708944921, 0.02362512708944921, 0.02362512708944921, 0.02362512708944921, 0.02362512708944921, 0.02362512708944921, 0.02362512708944921, 0.02362512708944921, 0.02362512708944921, 0.02362512708944921, 0.02362512708944921], "tune": [true, false, false, false, false, false, false, false, false, false, false, false, false, false, false, false, false, false, false, false, false, false, false, false, false, false, false, false, false, false, false, false, false, false, false, false, false, false, false, false, false, false, false, false, false, false, false, false, false, false, false, false, false, false, false, false, false, false, false, false, false, false, false, false, false, false, false, false, false, false, false, false, false, false, false, false, false, false, false, false, false, false, false, false, false, false, false, false, false, false, false, false, false, false, false, false, false, false, false, false], "mean_tree_accept": [0.9666717798088005, 0.9990367489269166, 0.9920115841250542, 0.9969904985759691, 0.9737593154342127, 0.9827398139230954, 0.998808120131245, 0.997052774729871, 0.8194944303027138, 0.9980856428514328, 0.9839862762459162, 0.9918880773058454, 0.999065056604282, 0.99543662217958, 0.9885134692195311, 0.999944606229286, 0.9941398246016195, 0.9957966622848077, 0.9879731137828894, 0.9993279104485217, 0.9813795251594998, 0.999224315023478, 0.5646332233441786, 0.9934806977308468, 0.999649465037046, 0.993406164721769, 0.9947865350024864, 0.9993539400840887, 0.9749736311992461, 0.9083017085356384, 0.9972957595714026, 0.986733509963257, 0.9818162949128212, 0.9966783536206, 0.9999512283871504, 0.9921767466505509, 0.9893637396180398, 0.9921972884231031, 0.49581656797810836, 0.885976970268235, 0.9843250909720742, 0.519349363268676, 0.9987137800032639, 0.9973424480759412, 0.9918894366121154, 0.9884522184998966, 0.9970870163014813, 0.9582788086475365, 0.9979780789047392, 0.9990317660767645, 0.9980070885921462, 0.9950410955806422, 0.8713935839361175, 0.9858666553944057, 0.9945549460847268, 0.9348400129573413, 0.8099451377484561, 0.9089114337914656, 0.9995520807693863, 0.9997150844385112, 0.9759889782176072, 0.8082819966454396, 0.9968767879020594, 0.9831303714989346, 0.9941161131377538, 0.8202955189927443, 0.9488784868478789, 0.9926308884897319, 0.9686011773192179, 0.974765001178694, 0.997088991511468, 0.9688976754170922, 0.9912037103046726, 0.9912220186417974, 0.9986747055063272, 0.8519010652117274, 0.995648722419777, 0.9800667734580918, 0.9713668584268055, 0.9027215229379605, 0.940510530901521, 0.6832690348424445, 0.99976786281639, 0.9827466253747794, 0.9229554276539211, 0.8642390336548748, 0.8654952296207203, 0.997803601267159, 0.9912997090887099, 0.9968231162564926, 0.9996993461241434, 0.9896326199833921, 0.9913518288973844, 0.9480552353813178, 0.9764971087527443, 0.9987322982312876, 0.9960620405591971, 0.998736492868953, 0.998282102683569, 0.9990891741027089], "step_size_bar": [0.017070388780315016, 0.017070388780315016, 0.017070388780315016, 0.017070388780315016, 0.017070388780315016, 0.017070388780315016, 0.017070388780315016, 0.017070388780315016, 0.017070388780315016, 0.017070388780315016, 0.017070388780315016, 0.017070388780315016, 0.017070388780315016, 0.017070388780315016, 0.017070388780315016, 0.017070388780315016, 0.017070388780315016, 0.017070388780315016, 0.017070388780315016, 0.017070388780315016, 0.017070388780315016, 0.017070388780315016, 0.017070388780315016, 0.017070388780315016, 0.017070388780315016, 0.017070388780315016, 0.017070388780315016, 0.017070388780315016, 0.017070388780315016, 0.017070388780315016, 0.017070388780315016, 0.017070388780315016, 0.017070388780315016, 0.017070388780315016, 0.017070388780315016, 0.017070388780315016, 0.017070388780315016, 0.017070388780315016, 0.017070388780315016, 0.017070388780315016, 0.017070388780315016, 0.017070388780315016, 0.017070388780315016, 0.017070388780315016, 0.017070388780315016, 0.017070388780315016, 0.017070388780315016, 0.017070388780315016, 0.017070388780315016, 0.017070388780315016, 0.017070388780315016, 0.017070388780315016, 0.017070388780315016, 0.017070388780315016, 0.017070388780315016, 0.017070388780315016, 0.017070388780315016, 0.017070388780315016, 0.017070388780315016, 0.017070388780315016, 0.017070388780315016, 0.017070388780315016, 0.017070388780315016, 0.017070388780315016, 0.017070388780315016, 0.017070388780315016, 0.017070388780315016, 0.017070388780315016, 0.017070388780315016, 0.017070388780315016, 0.017070388780315016, 0.017070388780315016, 0.017070388780315016, 0.017070388780315016, 0.017070388780315016, 0.017070388780315016, 0.017070388780315016, 0.017070388780315016, 0.017070388780315016, 0.017070388780315016, 0.017070388780315016, 0.017070388780315016, 0.017070388780315016, 0.017070388780315016, 0.017070388780315016, 0.017070388780315016, 0.017070388780315016, 0.017070388780315016, 0.017070388780315016, 0.017070388780315016, 0.017070388780315016, 0.017070388780315016, 0.017070388780315016, 0.017070388780315016, 0.017070388780315016, 0.017070388780315016, 0.017070388780315016, 0.017070388780315016, 0.017070388780315016, 0.017070388780315016],