{"draw_idx": 100, "draws": null, "_stats": [{"depth": [7, 6, 7, 8, 4, 7, 7, 8, 8, 7, 7, 7, 5, 8, 7, 5, 8, 7, 8, 6, 7, 6, 7, 8, 6, 5, 8, 7, 7, 7, 5, 6, 6, 8, 8, 6, 7, 6, 8, 8, 6, 7, 7, 8, 7, 8, 6, 8, 7, 8, 7, 8, 6, 6, 8, 7, 8, 7, 8, 7, 7, 7, 7, 7, 8, 8, 8, 7, 8, 7, 7, 6, 6, 7, 6, 7, 7, 8, 7, 7, 7, 7, 7, 6, 7, 8, 8, 6, 7, 7, 7, 6, 6, 8, 7, 7, 8, 7, 6, 8], "step_size": [0.027677961924394288, 0.027677961924394288, 0.027677961924394288, 0.027677961924394288, 0.027677961924394288, 0.027677961924394288, 0.027677961924394288, 0.027677961924394288, 0.027677961924394288, 0.027677961924394288, 0.027677961924394288, 0.027677961924394288, 0.027677961924394288, 0.027677961924394288, 0.027677961924394288, 0.027677961924394288, 0.027677961924394288, 0.027677961924394288, 0.027677961924394288, 0.027677961924394288, 0.027677961924394288, 0.027677961924394288, 0.027677961924394288, 0.027677961924394288, 0.027677961924394288, 0.027677961924394288, 0.027677961924394288, 0.027677961924394288, 0.027677961924394288, 0.027677961924394288, 0.027677961924394288, 0.027677961924394288, 0.027677961924394288, 0.027677961924394288, 0.027677961924394288, 0.027677961924394288, 0.027677961924394288, 0.027677961924394288, 0.027677961924394288, 0.027677961924394288, 0.027677961924394288, 0.027677961924394288, 0.027677961924394288, 0.027677961924394288, 0.027677961924394288, 0.027677961924394288, 0.027677961924394288, 0.027677961924394288, 0.027677961924394288, 0.027677961924394288, 0.027677961924394288, 0.027677961924394288, 0.027677961924394288, 0.027677961924394288, 0.027677961924394288, 0.027677961924394288, 0.027677961924394288, 0.027677961924394288, 0.027677961924394288, 0.027677961924394288, 0.027677961924394288, 0.027677961924394288, 0.027677961924394288, 0.027677961924394288, 0.027677961924394288, 0.027677961924394288, 0.027677961924394288, 0.027677961924394288, 0.027677961924394288, 0.027677961924394288, 0.027677961924394288, 0.027677961924394288, 0.027677961924394288, 0.027677961924394288, 0.027677961924394288, 0.027677961924394288, 0.027677961924394288, 0.027677961924394288, 0.027677961924394288, 0.027677961924394288, 0.027677961924394288, 0.027677961924394288, 0.027677961924394288, 0.027677961924394288, 0.027677961924394288, 0.027677961924394288, 0.027677961924394288, 0.027677961924394288, 0.027677961924394288, 0.027677961924394288, 0.027677961924394288, 0.027677961924394288, 0.027677961924394288, 0.027677961924394288, 0.027677961924394288, 0.027677961924394288, 0.027677961924394288, 0.027677961924394288, 0.027677961924394288, 0.027677961924394288], "tune": [true, false, false, false, false, false, false, false, false, false, false, false, false, false, false, false, false, false, false, false, false, false, false, false, false, false, false, false, false, false, false, false, false, false, false, false, false, false, false, false, false, false, false, false, false, false, false, false, false, false, false, false, false, false, false, false, false, false, false, false, false, false, false, false, false, false, false, false, false, false, false, false, false, false, false, false, false, false, false, false, false, false, false, false, false, false, false, false, false, false, false, false, false, false, false, false, false, false, false, false], "mean_tree_accept": [0.9966433199690367, 0.9892654637405445, 0.986632906425048, 0.8118457250092219, 0.7673185065346181, 0.9964989826691032, 0.858198306118768, 0.9730736486821533, 0.89292586702043, 0.9709619939171844, 0.7238393157985389, 0.9736337272085103, 0.9490478579061646, 0.9825110477520422, 1.0, 0.9981206020301899, 0.9380647344204175, 0.6345578863765099, 0.6737555374665779, 0.8894569808731092, 0.9746423470886735, 0.9785132516446975, 0.9751799461316885, 0.9654759346881513, 0.998385273741857, 0.9938816381067284, 0.9483473927450357, 0.9982952302552868, 0.9766657866201518, 0.9899840341675497, 0.9893935122450801, 0.9283681154217799, 0.9889020724391812, 0.9835313581005796, 0.8095113240220277, 0.7878810780807282, 0.9980140081954204, 0.975026010589057, 0.9539542985591554, 0.6692168858881663, 0.9527853516628754, 0.24023680134995057, 0.9949398065867814, 0.8670499093314743, 0.9756736282787328, 0.21452767870519843, 0.9112587617471899, 0.972845398025432, 0.9248754675962778, 0.9764562730086377, 0.9204772047766759, 0.728743107436708, 0.9911443355384556, 0.9999994547501274, 0.9803360997368625, 0.9987542097254475, 0.9730811381258736, 0.9358885952773911, 0.9982764205125185, 0.9913690572490854, 0.973610065271746, 0.975063693220745, 0.9955462136216413, 0.9975698154623902, 0.9373854995971307, 0.8685955524005272, 0.9957538382815432, 0.9866578550474986, 0.6500298399448519, 0.9114946545401821, 0.915669946179914, 0.7299277117385159, 0.9435948480591657, 0.9646589340842161, 0.9990192724277863, 0.9937280591413902, 0.9918180047489757, 0.9735635716445773, 0.9898632275032032, 0.998591455336603, 0.9664456311669967, 0.9951077848925234, 0.37638233996024933, 0.8045822334505899, 0.9924635436338034, 0.9609396467857552, 0.9982134394846267, 0.8244841575877058, 0.9514016120494595, 0.6159389801982236, 0.9481864967172149, 0.9788817494132555, 0.9623872630042974, 0.9929699896897742, 0.9957552126120818, 0.9916280586548741, 0.9985120172112425, 0.9720968253309473, 0.9995302933722587, 0.9931068591977522], "step_size_bar": [0.01873726310379223, 0.01873726310379223, 0.01873726310379223, 0.01873726310379223, 0.01873726310379223, 0.01873726310379223, 0.01873726310379223, 0.01873726310379223, 0.01873726310379223, 0.01873726310379223, 0.01873726310379223, 0.01873726310379223, 0.01873726310379223, 0.01873726310379223, 0.01873726310379223, 0.01873726310379223, 0.01873726310379223, 0.01873726310379223, 0.01873726310379223, 0.01873726310379223, 0.01873726310379223, 0.01873726310379223, 0.01873726310379223, 0.01873726310379223, 0.01873726310379223, 0.01873726310379223, 0.01873726310379223, 0.01873726310379223, 0.01873726310379223, 0.01873726310379223, 0.01873726310379223, 0.01873726310379223, 0.01873726310379223, 0.01873726310379223, 0.01873726310379223, 0.01873726310379223, 0.01873726310379223, 0.01873726310379223, 0.01873726310379223, 0.01873726310379223, 0.01873726310379223, 0.01873726310379223, 0.01873726310379223, 0.01873726310379223, 0.01873726310379223, 0.01873726310379223, 0.01873726310379223, 0.01873726310379223, 0.01873726310379223, 0.01873726310379223, 0.01873726310379223, 0.01873726310379223, 0.01873726310379223, 0.01873726310379223, 0.01873726310379223, 0.01873726310379223, 0.01873726310379223, 0.01873726310379223, 0.01873726310379223, 0.01873726310379223, 0.01873726310379223, 0.01873726310379223, 0.01873726310379223, 0.01873726310379223, 0.01873726310379223, 0.01873726310379223, 0.01873726310379223, 0.01873726310379223, 0.01873726310379223, 0.01873726310379223, 0.01873726310379223, 0.01873726310379223, 0.01873726310379223, 0.01873726310379223, 0.01873726310379223, 0.01873726310379223, 0.01873726310379223, 0.01873726310379223, 0.01873726310379223, 0.01873726310379223, 0.01873726310379223, 0.01873726310379223, 0.01873726310379223, 0.01873726310379223, 0.01873726310379223, 0.01873726310379223, 0.01873726310379223, 0.01873726310379223, 0.01873726310379223, 0.01873726310379223, 0.01873726310379223, 0.01873726310379223, 0.01873726310379223, 0.01873726310379223, 0.01873726310379223, 0.01873726310379223, 0.01873726310379223, 0.01873726310379223, 0.01873726310379223, 0.01873726310379223],