{"draw_idx": 100, "draws": null, "_stats": [{"depth": [7, 7, 7, 8, 8, 7, 5, 8, 8, 7, 8, 6, 6, 8, 8, 8, 8, 8, 7, 8, 8, 4, 8, 8, 7, 9, 8, 8, 8, 8, 8, 8, 8, 7, 8, 8, 8, 9, 8, 8, 8, 8, 8, 8, 7, 8, 8, 4, 8, 8, 8, 8, 8, 5, 7, 8, 8, 8, 8, 6, 7, 7, 7, 8, 8, 7, 8, 6, 8, 8, 9, 5, 7, 6, 6, 9, 8, 8, 8, 8, 8, 7, 7, 4, 7, 4, 6, 8, 8, 7, 7, 8, 9, 9, 8, 7, 8, 7, 7, 6], "step_size": [0.007680169167411466, 0.007680169167411466, 0.007680169167411466, 0.007680169167411466, 0.007680169167411466, 0.007680169167411466, 0.007680169167411466, 0.007680169167411466, 0.007680169167411466, 0.007680169167411466, 0.007680169167411466, 0.007680169167411466, 0.007680169167411466, 0.007680169167411466, 0.007680169167411466, 0.007680169167411466, 0.007680169167411466, 0.007680169167411466, 0.007680169167411466, 0.007680169167411466, 0.007680169167411466, 0.007680169167411466, 0.007680169167411466, 0.007680169167411466, 0.007680169167411466, 0.007680169167411466, 0.007680169167411466, 0.007680169167411466, 0.007680169167411466, 0.007680169167411466, 0.007680169167411466, 0.007680169167411466, 0.007680169167411466, 0.007680169167411466, 0.007680169167411466, 0.007680169167411466, 0.007680169167411466, 0.007680169167411466, 0.007680169167411466, 0.007680169167411466, 0.007680169167411466, 0.007680169167411466, 0.007680169167411466, 0.007680169167411466, 0.007680169167411466, 0.007680169167411466, 0.007680169167411466, 0.007680169167411466, 0.007680169167411466, 0.007680169167411466, 0.007680169167411466, 0.007680169167411466, 0.007680169167411466, 0.007680169167411466, 0.007680169167411466, 0.007680169167411466, 0.007680169167411466, 0.007680169167411466, 0.007680169167411466, 0.007680169167411466, 0.007680169167411466, 0.007680169167411466, 0.007680169167411466, 0.007680169167411466, 0.007680169167411466, 0.007680169167411466, 0.007680169167411466, 0.007680169167411466, 0.007680169167411466, 0.007680169167411466, 0.007680169167411466, 0.007680169167411466, 0.007680169167411466, 0.007680169167411466, 0.007680169167411466, 0.007680169167411466, 0.007680169167411466, 0.007680169167411466, 0.007680169167411466, 0.007680169167411466, 0.007680169167411466, 0.007680169167411466, 0.007680169167411466, 0.007680169167411466, 0.007680169167411466, 0.007680169167411466, 0.007680169167411466, 0.007680169167411466, 0.007680169167411466, 0.007680169167411466, 0.007680169167411466, 0.007680169167411466, 0.007680169167411466, 0.007680169167411466, 0.007680169167411466, 0.007680169167411466, 0.007680169167411466, 0.007680169167411466, 0.007680169167411466, 0.007680169167411466], "tune": [true, false, false, false, false, false, false, false, false, false, false, false, false, false, false, false, false, false, false, false, false, false, false, false, false, false, false, false, false, false, false, false, false, false, false, false, false, false, false, false, false, false, false, false, false, false, false, false, false, false, false, false, false, false, false, false, false, false, false, false, false, false, false, false, false, false, false, false, false, false, false, false, false, false, false, false, false, false, false, false, false, false, false, false, false, false, false, false, false, false, false, false, false, false, false, false, false, false, false, false], "mean_tree_accept": [0.4791073656557357, 0.27046255708019373, 0.9128126776979613, 0.9998494455939432, 0.9992569772470986, 0.9893667358957813, 0.9982383694323289, 0.9847468069920099, 0.9952301174587295, 0.9803556353189766, 0.9228146779619627, 0.9998327919306246, 0.9982495716768645, 0.988871791062879, 0.9957458150880375, 0.9957725341499962, 0.9925030340223416, 0.9992350739913606, 0.9522322351413541, 0.8805486001238767, 0.9598623604957947, 0.8558934242806711, 0.9995072366369132, 0.9978702113912935, 0.9979520746229853, 0.999666340124391, 0.9880927342971572, 0.9163338005018944, 0.9867495739893742, 0.9718579809497601, 0.9453814434105612, 0.9974025214562297, 0.996080384072418, 0.9963220095769938, 0.9848519250101061, 0.9756036569433464, 0.9986260147999733, 0.9999036661507182, 0.9857599679145452, 0.9921842753551265, 0.9856830116618225, 0.9977851836670976, 0.9912367924558659, 0.9995647075738981, 0.9740234799922228, 0.9998788581247487, 0.9889735958232748, 0.9967306183694918, 0.9957193183400682, 0.9996661450063207, 0.9796968831824592, 0.9996178399717233, 0.9610611106961131, 0.9968646745960524, 0.9997865309456386, 0.9992691983306465, 0.9888820560154061, 0.9990000054612626, 0.9952473250510084, 0.9992591906571052, 0.9999252955692859, 0.9957112552002889, 0.9741927197855211, 0.998966930316544, 0.9952566174213144, 0.9958769062715205, 0.9987226040887184, 0.9797558412023366, 0.9940315602719567, 0.962999149253382, 0.9910441485641457, 0.9730030212989672, 0.9749151310280193, 0.9933829834300822, 0.9749008733805543, 0.9972272798620928, 0.999040283932622, 0.9996675224826695, 0.9361533405942352, 0.9887775781545357, 0.9904176267002752, 0.978992757209088, 0.9991788552903205, 0.9836682224344805, 0.9715547690322885, 1.0, 0.9971213153793732, 0.992418246394633, 0.9910365872911497, 0.987369590603351, 1.0, 0.9993580338418231, 0.9991892806899523, 0.9686172415672314, 0.9517855472768066, 0.9990453155383398, 0.9800487067015599, 0.955663844825102, 0.9976800200339845, 0.9987239113362965], "step_size_bar": [0.01390872625380387, 0.01390872625380387, 0.01390872625380387, 0.01390872625380387, 0.01390872625380387, 0.01390872625380387, 0.01390872625380387, 0.01390872625380387, 0.01390872625380387, 0.01390872625380387, 0.01390872625380387, 0.01390872625380387, 0.01390872625380387, 0.01390872625380387, 0.01390872625380387, 0.01390872625380387, 0.01390872625380387, 0.01390872625380387, 0.01390872625380387, 0.01390872625380387, 0.01390872625380387, 0.01390872625380387, 0.01390872625380387, 0.01390872625380387, 0.01390872625380387, 0.01390872625380387, 0.01390872625380387, 0.01390872625380387, 0.01390872625380387, 0.01390872625380387, 0.01390872625380387, 0.01390872625380387, 0.01390872625380387, 0.01390872625380387, 0.01390872625380387, 0.01390872625380387, 0.01390872625380387, 0.01390872625380387, 0.01390872625380387, 0.01390872625380387, 0.01390872625380387, 0.01390872625380387, 0.01390872625380387, 0.01390872625380387, 0.01390872625380387, 0.01390872625380387, 0.01390872625380387, 0.01390872625380387, 0.01390872625380387, 0.01390872625380387, 0.01390872625380387, 0.01390872625380387, 0.01390872625380387, 0.01390872625380387, 0.01390872625380387, 0.01390872625380387, 0.01390872625380387, 0.01390872625380387, 0.01390872625380387, 0.01390872625380387, 0.01390872625380387, 0.01390872625380387, 0.01390872625380387, 0.01390872625380387, 0.01390872625380387, 0.01390872625380387, 0.01390872625380387, 0.01390872625380387, 0.01390872625380387, 0.01390872625380387, 0.01390872625380387, 0.01390872625380387, 0.01390872625380387, 0.01390872625380387, 0.01390872625380387, 0.01390872625380387, 0.01390872625380387, 0.01390872625380387, 0.01390872625380387, 0.01390872625380387, 0.01390872625380387, 0.01390872625380387, 0.01390872625380387, 0.01390872625380387, 0.01390872625380387, 0.01390872625380387, 0.01390872625380387, 0.01390872625380387, 0.01390872625380387, 0.01390872625380387, 0.01390872625380387, 0.01390872625380387, 0.01390872625380387, 0.01390872625380387, 0.01390872625380387, 0.01390872625380387, 0.01390872625380387, 0.01390872625380387, 0.01390872625380387, 0.01390872625380387],