{"draw_idx": 100, "draws": null, "_stats": [{"depth": [4, 8, 8, 8, 8, 7, 8, 8, 5, 7, 6, 8, 6, 8, 8, 8, 8, 6, 8, 7, 7, 8, 8, 8, 8, 8, 7, 8, 8, 8, 8, 7, 6, 8, 8, 8, 8, 8, 8, 7, 7, 7, 6, 7, 7, 6, 8, 7, 7, 6, 6, 8, 7, 7, 7, 6, 8, 8, 8, 8, 3, 8, 7, 6, 8, 8, 8, 7, 7, 6, 7, 8, 8, 4, 4, 8, 7, 8, 7, 6, 9, 8, 8, 7, 6, 7, 8, 7, 3, 6, 7, 4, 7, 6, 3, 7, 7, 7, 8, 8], "step_size": [0.02233374608811839, 0.02233374608811839, 0.02233374608811839, 0.02233374608811839, 0.02233374608811839, 0.02233374608811839, 0.02233374608811839, 0.02233374608811839, 0.02233374608811839, 0.02233374608811839, 0.02233374608811839, 0.02233374608811839, 0.02233374608811839, 0.02233374608811839, 0.02233374608811839, 0.02233374608811839, 0.02233374608811839, 0.02233374608811839, 0.02233374608811839, 0.02233374608811839, 0.02233374608811839, 0.02233374608811839, 0.02233374608811839, 0.02233374608811839, 0.02233374608811839, 0.02233374608811839, 0.02233374608811839, 0.02233374608811839, 0.02233374608811839, 0.02233374608811839, 0.02233374608811839, 0.02233374608811839, 0.02233374608811839, 0.02233374608811839, 0.02233374608811839, 0.02233374608811839, 0.02233374608811839, 0.02233374608811839, 0.02233374608811839, 0.02233374608811839, 0.02233374608811839, 0.02233374608811839, 0.02233374608811839, 0.02233374608811839, 0.02233374608811839, 0.02233374608811839, 0.02233374608811839, 0.02233374608811839, 0.02233374608811839, 0.02233374608811839, 0.02233374608811839, 0.02233374608811839, 0.02233374608811839, 0.02233374608811839, 0.02233374608811839, 0.02233374608811839, 0.02233374608811839, 0.02233374608811839, 0.02233374608811839, 0.02233374608811839, 0.02233374608811839, 0.02233374608811839, 0.02233374608811839, 0.02233374608811839, 0.02233374608811839, 0.02233374608811839, 0.02233374608811839, 0.02233374608811839, 0.02233374608811839, 0.02233374608811839, 0.02233374608811839, 0.02233374608811839, 0.02233374608811839, 0.02233374608811839, 0.02233374608811839, 0.02233374608811839, 0.02233374608811839, 0.02233374608811839, 0.02233374608811839, 0.02233374608811839, 0.02233374608811839, 0.02233374608811839, 0.02233374608811839, 0.02233374608811839, 0.02233374608811839, 0.02233374608811839, 0.02233374608811839, 0.02233374608811839, 0.02233374608811839, 0.02233374608811839, 0.02233374608811839, 0.02233374608811839, 0.02233374608811839, 0.02233374608811839, 0.02233374608811839, 0.02233374608811839, 0.02233374608811839, 0.02233374608811839, 0.02233374608811839, 0.02233374608811839], "tune": [true, false, false, false, false, false, false, false, false, false, false, false, false, false, false, false, false, false, false, false, false, false, false, false, false, false, false, false, false, false, false, false, false, false, false, false, false, false, false, false, false, false, false, false, false, false, false, false, false, false, false, false, false, false, false, false, false, false, false, false, false, false, false, false, false, false, false, false, false, false, false, false, false, false, false, false, false, false, false, false, false, false, false, false, false, false, false, false, false, false, false, false, false, false, false, false, false, false, false, false], "mean_tree_accept": [0.8937842085605515, 0.9655802497377554, 0.9417026509876445, 0.99850065443185, 0.9968508049238927, 0.9990620690571168, 0.992557833797436, 0.8310100467658137, 0.9983565488656521, 0.9894721997307339, 0.9992287611033732, 0.9996308109101809, 0.9885604571647801, 0.7979305437783686, 0.8299479114184766, 0.9908476966069797, 0.9933447920360766, 0.9922043190315489, 0.10635047796602208, 0.9922676476283657, 0.9070999170334215, 0.18618649688272856, 0.7207641653962276, 0.9798992771764836, 0.9698022279859033, 0.9835267492568875, 0.9944158334320021, 0.9789489285310733, 0.946959699691944, 0.9855274927969145, 0.9770723169429393, 0.7997885506281657, 0.9139102058204123, 0.8837726440355743, 0.992051359204702, 0.82289312904954, 0.2009572678259754, 0.9987197963523317, 0.9995785069845438, 0.9820437445024619, 0.9981924376748399, 0.9950879973978277, 0.9914982870030907, 0.9943664728991457, 0.9998771058934989, 0.9987391190632456, 0.9965190741226276, 0.9990303469187748, 0.9924732848897, 0.9518836164975979, 0.9701441792673015, 0.9756046948974517, 0.9963410196585742, 0.9708482713286704, 0.9995677026633588, 0.993619774222239, 0.996748975080012, 0.3591502838736112, 0.6277111781985084, 0.6044514012132938, 0.998226015212354, 0.632609885957113, 0.974946859607277, 0.9957451014324087, 0.12417493367418757, 0.306685651179544, 0.9937845812891256, 0.9999103674721096, 0.9659832506924992, 0.9791761582200154, 0.9454380120744148, 0.9774438473639935, 0.48589341478523007, 0.9434035432301222, 0.9195817143764397, 0.9983102069807515, 0.9627692782834705, 0.5791183006824521, 0.9613914445688881, 0.9843853343329152, 0.9898868223248387, 0.3304765352586615, 0.271065935804027, 0.9215104173387844, 0.8468271954156811, 0.994253396296255, 0.9883965513756137, 0.8240460484422845, 0.9704142046068858, 0.9450369672468377, 0.37062351977991115, 0.9657482557166917, 0.7961082962929731, 0.9926464201189685, 1.0, 0.6189569448253252, 0.7830356045629215, 0.9371018721707933, 0.9993203911373671, 0.9941194110791459], "step_size_bar": [0.016790320791967652, 0.016790320791967652, 0.016790320791967652, 0.016790320791967652, 0.016790320791967652, 0.016790320791967652, 0.016790320791967652, 0.016790320791967652, 0.016790320791967652, 0.016790320791967652, 0.016790320791967652, 0.016790320791967652, 0.016790320791967652, 0.016790320791967652, 0.016790320791967652, 0.016790320791967652, 0.016790320791967652, 0.016790320791967652, 0.016790320791967652, 0.016790320791967652, 0.016790320791967652, 0.016790320791967652, 0.016790320791967652, 0.016790320791967652, 0.016790320791967652, 0.016790320791967652, 0.016790320791967652, 0.016790320791967652, 0.016790320791967652, 0.016790320791967652, 0.016790320791967652, 0.016790320791967652, 0.016790320791967652, 0.016790320791967652, 0.016790320791967652, 0.016790320791967652, 0.016790320791967652, 0.016790320791967652, 0.016790320791967652, 0.016790320791967652, 0.016790320791967652, 0.016790320791967652, 0.016790320791967652, 0.016790320791967652, 0.016790320791967652, 0.016790320791967652, 0.016790320791967652, 0.016790320791967652, 0.016790320791967652, 0.016790320791967652, 0.016790320791967652, 0.016790320791967652, 0.016790320791967652, 0.016790320791967652, 0.016790320791967652, 0.016790320791967652, 0.016790320791967652, 0.016790320791967652, 0.016790320791967652, 0.016790320791967652, 0.016790320791967652, 0.016790320791967652, 0.016790320791967652, 0.016790320791967652, 0.016790320791967652, 0.016790320791967652, 0.016790320791967652, 0.016790320791967652, 0.016790320791967652, 0.016790320791967652, 0.016790320791967652, 0.016790320791967652, 0.016790320791967652, 0.016790320791967652, 0.016790320791967652, 0.016790320791967652, 0.016790320791967652, 0.016790320791967652, 0.016790320791967652, 0.016790320791967652, 0.016790320791967652, 0.016790320791967652, 0.016790320791967652, 0.016790320791967652, 0.016790320791967652, 0.016790320791967652, 0.016790320791967652, 0.016790320791967652, 0.016790320791967652, 0.016790320791967652, 0.016790320791967652, 0.016790320791967652, 0.016790320791967652, 0.016790320791967652, 0.016790320791967652, 0.016790320791967652, 0.016790320791967652, 0.016790320791967652, 0.016790320791967652, 0.016790320791967652],