{"draw_idx": 100, "draws": null, "_stats": [{"depth": [8, 8, 9, 9, 8, 9, 8, 8, 7, 7, 7, 7, 7, 8, 8, 9, 8, 8, 8, 9, 9, 8, 8, 8, 8, 8, 7, 5, 8, 7, 7, 8, 9, 7, 9, 8, 8, 8, 8, 8, 7, 4, 8, 5, 8, 3, 7, 8, 9, 6, 8, 5, 8, 8, 8, 7, 8, 6, 8, 8, 8, 7, 8, 7, 8, 6, 8, 9, 8, 8, 8, 8, 10, 9, 8, 8, 8, 8, 9, 8, 8, 3, 8, 8, 8, 7, 7, 6, 9, 8, 5, 9, 8, 9, 8, 8, 8, 8, 8, 8], "step_size": [0.008370102316149614, 0.008370102316149614, 0.008370102316149614, 0.008370102316149614, 0.008370102316149614, 0.008370102316149614, 0.008370102316149614, 0.008370102316149614, 0.008370102316149614, 0.008370102316149614, 0.008370102316149614, 0.008370102316149614, 0.008370102316149614, 0.008370102316149614, 0.008370102316149614, 0.008370102316149614, 0.008370102316149614, 0.008370102316149614, 0.008370102316149614, 0.008370102316149614, 0.008370102316149614, 0.008370102316149614, 0.008370102316149614, 0.008370102316149614, 0.008370102316149614, 0.008370102316149614, 0.008370102316149614, 0.008370102316149614, 0.008370102316149614, 0.008370102316149614, 0.008370102316149614, 0.008370102316149614, 0.008370102316149614, 0.008370102316149614, 0.008370102316149614, 0.008370102316149614, 0.008370102316149614, 0.008370102316149614, 0.008370102316149614, 0.008370102316149614, 0.008370102316149614, 0.008370102316149614, 0.008370102316149614, 0.008370102316149614, 0.008370102316149614, 0.008370102316149614, 0.008370102316149614, 0.008370102316149614, 0.008370102316149614, 0.008370102316149614, 0.008370102316149614, 0.008370102316149614, 0.008370102316149614, 0.008370102316149614, 0.008370102316149614, 0.008370102316149614, 0.008370102316149614, 0.008370102316149614, 0.008370102316149614, 0.008370102316149614, 0.008370102316149614, 0.008370102316149614, 0.008370102316149614, 0.008370102316149614, 0.008370102316149614, 0.008370102316149614, 0.008370102316149614, 0.008370102316149614, 0.008370102316149614, 0.008370102316149614, 0.008370102316149614, 0.008370102316149614, 0.008370102316149614, 0.008370102316149614, 0.008370102316149614, 0.008370102316149614, 0.008370102316149614, 0.008370102316149614, 0.008370102316149614, 0.008370102316149614, 0.008370102316149614, 0.008370102316149614, 0.008370102316149614, 0.008370102316149614, 0.008370102316149614, 0.008370102316149614, 0.008370102316149614, 0.008370102316149614, 0.008370102316149614, 0.008370102316149614, 0.008370102316149614, 0.008370102316149614, 0.008370102316149614, 0.008370102316149614, 0.008370102316149614, 0.008370102316149614, 0.008370102316149614, 0.008370102316149614, 0.008370102316149614, 0.008370102316149614], "tune": [true, false, false, false, false, false, false, false, false, false, false, false, false, false, false, false, false, false, false, false, false, false, false, false, false, false, false, false, false, false, false, false, false, false, false, false, false, false, false, false, false, false, false, false, false, false, false, false, false, false, false, false, false, false, false, false, false, false, false, false, false, false, false, false, false, false, false, false, false, false, false, false, false, false, false, false, false, false, false, false, false, false, false, false, false, false, false, false, false, false, false, false, false, false, false, false, false, false, false, false], "mean_tree_accept": [0.9946118230457102, 0.9947598186701937, 0.9376803104845192, 0.9851773780509607, 0.3185904870596389, 0.8586692561615699, 0.9885983856677003, 0.9984150803976404, 0.9976908476278964, 0.9991591161710466, 0.906502660074501, 0.9976586249788657, 0.9999044253854985, 0.985861951419365, 0.9998208854768993, 0.9857872973052472, 0.9978403027492692, 0.9999832770561118, 0.9998743965422148, 0.8373724883631514, 0.9987026770947118, 0.9938480560592917, 0.6939893909143693, 0.9969141696051607, 0.9757259557925968, 0.99498492539562, 0.9917911788986666, 0.9824197004588207, 0.9692960181219454, 0.9832826118110757, 0.9994514180094813, 0.9965310981525803, 0.8298274782232565, 0.9919891739567928, 0.9661292219645428, 0.9983830644683006, 0.9924765790588886, 0.9669006517908889, 0.984217747424687, 0.9991435916205866, 0.9918743393531078, 0.9965194175831017, 0.9818426880237717, 0.9993944794920646, 0.9246224264562458, 0.9897201552764907, 0.9934417517660641, 0.9960930724605818, 0.9997113819767421, 0.9983832342347354, 0.9984102641128088, 0.9600217107006969, 0.9965947029745791, 0.99998667336794, 0.9993815472884662, 0.9946176221715249, 0.9813879769712954, 0.9952505856011681, 0.9991626275501851, 0.996539223246056, 0.9971400494610514, 0.9897045286855071, 0.9990470004991594, 0.9587615365387332, 0.8831822182366038, 0.8510169376019459, 0.9929402937522169, 0.4191035504793602, 0.9758144551823705, 0.969918443916062, 0.9896028800249804, 0.997643291050573, 0.9992453126128877, 0.9959023798431484, 0.9868647786683117, 0.9962393474688214, 0.9942734194181311, 0.9929257666136369, 0.9984595766775319, 0.9993145939558941, 0.9984893362004933, 0.9884691095318345, 0.976289837202286, 0.9997653642251026, 0.9818228013962303, 0.998230287054512, 0.9731711058028285, 0.9869987698080044, 0.5087965349347793, 0.9817520642561568, 0.9954929342060338, 0.792707187029474, 0.9791986620072579, 0.9881371324721807, 0.9905886833839109, 0.9971934824099635, 0.9827961144157088, 0.9960079923988054, 0.9995772614925983, 0.9889782796674382], "step_size_bar": [0.009844798985068196, 0.009844798985068196, 0.009844798985068196, 0.009844798985068196, 0.009844798985068196, 0.009844798985068196, 0.009844798985068196, 0.009844798985068196, 0.009844798985068196, 0.009844798985068196, 0.009844798985068196, 0.009844798985068196, 0.009844798985068196, 0.009844798985068196, 0.009844798985068196, 0.009844798985068196, 0.009844798985068196, 0.009844798985068196, 0.009844798985068196, 0.009844798985068196, 0.009844798985068196, 0.009844798985068196, 0.009844798985068196, 0.009844798985068196, 0.009844798985068196, 0.009844798985068196, 0.009844798985068196, 0.009844798985068196, 0.009844798985068196, 0.009844798985068196, 0.009844798985068196, 0.009844798985068196, 0.009844798985068196, 0.009844798985068196, 0.009844798985068196, 0.009844798985068196, 0.009844798985068196, 0.009844798985068196, 0.009844798985068196, 0.009844798985068196, 0.009844798985068196, 0.009844798985068196, 0.009844798985068196, 0.009844798985068196, 0.009844798985068196, 0.009844798985068196, 0.009844798985068196, 0.009844798985068196, 0.009844798985068196, 0.009844798985068196, 0.009844798985068196, 0.009844798985068196, 0.009844798985068196, 0.009844798985068196, 0.009844798985068196, 0.009844798985068196, 0.009844798985068196, 0.009844798985068196, 0.009844798985068196, 0.009844798985068196, 0.009844798985068196, 0.009844798985068196, 0.009844798985068196, 0.009844798985068196, 0.009844798985068196, 0.009844798985068196, 0.009844798985068196, 0.009844798985068196, 0.009844798985068196, 0.009844798985068196, 0.009844798985068196, 0.009844798985068196, 0.009844798985068196, 0.009844798985068196, 0.009844798985068196, 0.009844798985068196, 0.009844798985068196, 0.009844798985068196, 0.009844798985068196, 0.009844798985068196, 0.009844798985068196, 0.009844798985068196, 0.009844798985068196, 0.009844798985068196, 0.009844798985068196, 0.009844798985068196, 0.009844798985068196, 0.009844798985068196, 0.009844798985068196, 0.009844798985068196, 0.009844798985068196, 0.009844798985068196, 0.009844798985068196, 0.009844798985068196, 0.009844798985068196, 0.009844798985068196, 0.009844798985068196, 0.009844798985068196, 0.009844798985068196, 0.009844798985068196],