{"draw_idx": 100, "draws": null, "_stats": [{"depth": [6, 7, 7, 7, 6, 6, 8, 5, 7, 6, 6, 6, 7, 7, 8, 8, 7, 7, 6, 7, 6, 8, 7, 8, 6, 6, 2, 7, 7, 7, 8, 6, 6, 7, 5, 6, 7, 7, 5, 8, 8, 7, 6, 6, 8, 7, 8, 6, 8, 8, 7, 7, 6, 7, 8, 3, 8, 6, 6, 8, 8, 6, 7, 8, 7, 8, 6, 7, 7, 7, 8, 5, 7, 6, 7, 7, 6, 8, 7, 7, 6, 8, 7, 7, 8, 7, 7, 8, 8, 3, 8, 6, 7, 5, 7, 7, 9, 6, 8, 7], "step_size": [0.020495237292954258, 0.020495237292954258, 0.020495237292954258, 0.020495237292954258, 0.020495237292954258, 0.020495237292954258, 0.020495237292954258, 0.020495237292954258, 0.020495237292954258, 0.020495237292954258, 0.020495237292954258, 0.020495237292954258, 0.020495237292954258, 0.020495237292954258, 0.020495237292954258, 0.020495237292954258, 0.020495237292954258, 0.020495237292954258, 0.020495237292954258, 0.020495237292954258, 0.020495237292954258, 0.020495237292954258, 0.020495237292954258, 0.020495237292954258, 0.020495237292954258, 0.020495237292954258, 0.020495237292954258, 0.020495237292954258, 0.020495237292954258, 0.020495237292954258, 0.020495237292954258, 0.020495237292954258, 0.020495237292954258, 0.020495237292954258, 0.020495237292954258, 0.020495237292954258, 0.020495237292954258, 0.020495237292954258, 0.020495237292954258, 0.020495237292954258, 0.020495237292954258, 0.020495237292954258, 0.020495237292954258, 0.020495237292954258, 0.020495237292954258, 0.020495237292954258, 0.020495237292954258, 0.020495237292954258, 0.020495237292954258, 0.020495237292954258, 0.020495237292954258, 0.020495237292954258, 0.020495237292954258, 0.020495237292954258, 0.020495237292954258, 0.020495237292954258, 0.020495237292954258, 0.020495237292954258, 0.020495237292954258, 0.020495237292954258, 0.020495237292954258, 0.020495237292954258, 0.020495237292954258, 0.020495237292954258, 0.020495237292954258, 0.020495237292954258, 0.020495237292954258, 0.020495237292954258, 0.020495237292954258, 0.020495237292954258, 0.020495237292954258, 0.020495237292954258, 0.020495237292954258, 0.020495237292954258, 0.020495237292954258, 0.020495237292954258, 0.020495237292954258, 0.020495237292954258, 0.020495237292954258, 0.020495237292954258, 0.020495237292954258, 0.020495237292954258, 0.020495237292954258, 0.020495237292954258, 0.020495237292954258, 0.020495237292954258, 0.020495237292954258, 0.020495237292954258, 0.020495237292954258, 0.020495237292954258, 0.020495237292954258, 0.020495237292954258, 0.020495237292954258, 0.020495237292954258, 0.020495237292954258, 0.020495237292954258, 0.020495237292954258, 0.020495237292954258, 0.020495237292954258, 0.020495237292954258], "tune": [true, false, false, false, false, false, false, false, false, false, false, false, false, false, false, false, false, false, false, false, false, false, false, false, false, false, false, false, false, false, false, false, false, false, false, false, false, false, false, false, false, false, false, false, false, false, false, false, false, false, false, false, false, false, false, false, false, false, false, false, false, false, false, false, false, false, false, false, false, false, false, false, false, false, false, false, false, false, false, false, false, false, false, false, false, false, false, false, false, false, false, false, false, false, false, false, false, false, false, false], "mean_tree_accept": [0.9972041710780913, 0.9973467632593678, 0.9266651903341145, 0.9939986330872023, 0.9999061971551254, 0.9499999285920686, 0.9816750092304092, 0.8662487981165783, 0.9878535164860707, 0.6964902755785917, 0.9711544116106986, 0.9011005013888418, 0.9751828746088267, 0.8111525166840395, 0.8038519591298181, 0.9996993250757247, 0.9984994740082539, 0.9971258988988717, 0.989442056372218, 0.9975738069587667, 0.9989383157287269, 0.8519150022614672, 0.9972372426924123, 0.7237602290060825, 0.8612764108240364, 0.9860082680053179, 0.821122118714035, 0.7476048001225789, 0.9980996860929493, 0.9353544466897393, 0.8675395153078188, 0.9665530082888197, 0.9996080192282708, 0.8575871077790657, 0.4100507243224576, 0.35028482928239474, 0.8652977422037297, 0.9917345920849541, 0.2217477988094348, 0.05954174410498702, 0.25267742919814323, 0.3962871721584496, 0.699424764599149, 0.4222599294720217, 0.9737139405605209, 0.9978607997648946, 0.7985757326298549, 0.9908476143951684, 0.9634529059602563, 0.9179875915873992, 0.931629485397879, 0.9992232957055385, 1.0, 0.9714762427243017, 0.9783477219705056, 0.998627281306911, 0.9354793107249919, 0.9914683670274687, 0.9890312925791943, 0.8035388667939356, 0.5352816899918341, 0.6932595448860818, 0.17614247359464882, 0.49052491110251506, 0.9125641356841809, 0.9588758716760932, 0.9842488208282517, 0.9931714379224463, 0.9751008943385296, 0.9943941039573748, 0.9950290318919249, 0.9940627292025642, 0.9981994397605591, 0.7958142803304916, 0.8718890665848533, 0.9984552355144023, 0.9995391161032577, 0.8637415964722457, 0.9992740114725192, 0.9727556807422082, 0.9580823693060538, 0.9947670363814662, 0.9988597935453464, 0.9991197672156655, 0.44843564050065104, 0.7245488145283708, 0.9987903670500435, 0.8088578160368747, 0.993929295783313, 0.9850552398330167, 0.801117578682151, 0.979662833811641, 0.9910354298017836, 0.9959517222866632, 0.6447118929778348, 0.9887921843700173, 0.9668662990166135, 0.8963796370916177, 0.8357943081946289, 0.8611572808162], "step_size_bar": [0.015991299245513506, 0.015991299245513506, 0.015991299245513506, 0.015991299245513506, 0.015991299245513506, 0.015991299245513506, 0.015991299245513506, 0.015991299245513506, 0.015991299245513506, 0.015991299245513506, 0.015991299245513506, 0.015991299245513506, 0.015991299245513506, 0.015991299245513506, 0.015991299245513506, 0.015991299245513506, 0.015991299245513506, 0.015991299245513506, 0.015991299245513506, 0.015991299245513506, 0.015991299245513506, 0.015991299245513506, 0.015991299245513506, 0.015991299245513506, 0.015991299245513506, 0.015991299245513506, 0.015991299245513506, 0.015991299245513506, 0.015991299245513506, 0.015991299245513506, 0.015991299245513506, 0.015991299245513506, 0.015991299245513506, 0.015991299245513506, 0.015991299245513506, 0.015991299245513506, 0.015991299245513506, 0.015991299245513506, 0.015991299245513506, 0.015991299245513506, 0.015991299245513506, 0.015991299245513506, 0.015991299245513506, 0.015991299245513506, 0.015991299245513506, 0.015991299245513506, 0.015991299245513506, 0.015991299245513506, 0.015991299245513506, 0.015991299245513506, 0.015991299245513506, 0.015991299245513506, 0.015991299245513506, 0.015991299245513506, 0.015991299245513506, 0.015991299245513506, 0.015991299245513506, 0.015991299245513506, 0.015991299245513506, 0.015991299245513506, 0.015991299245513506, 0.015991299245513506, 0.015991299245513506, 0.015991299245513506, 0.015991299245513506, 0.015991299245513506, 0.015991299245513506, 0.015991299245513506, 0.015991299245513506, 0.015991299245513506, 0.015991299245513506, 0.015991299245513506, 0.015991299245513506, 0.015991299245513506, 0.015991299245513506, 0.015991299245513506, 0.015991299245513506, 0.015991299245513506, 0.015991299245513506, 0.015991299245513506, 0.015991299245513506, 0.015991299245513506, 0.015991299245513506, 0.015991299245513506, 0.015991299245513506, 0.015991299245513506, 0.015991299245513506, 0.015991299245513506, 0.015991299245513506, 0.015991299245513506, 0.015991299245513506, 0.015991299245513506, 0.015991299245513506, 0.015991299245513506, 0.015991299245513506, 0.015991299245513506, 0.015991299245513506, 0.015991299245513506, 0.015991299245513506, 0.015991299245513506],