{"draw_idx": 100, "draws": null, "_stats": [{"depth": [8, 8, 8, 9, 8, 9, 9, 8, 8, 8, 7, 8, 9, 8, 9, 9, 9, 7, 6, 8, 9, 9, 9, 9, 8, 9, 8, 8, 6, 9, 8, 9, 9, 8, 8, 9, 9, 8, 6, 9, 7, 6, 9, 6, 8, 4, 6, 5, 8, 7, 9, 6, 6, 6, 9, 7, 9, 9, 9, 9, 9, 9, 9, 8, 5, 8, 8, 5, 9, 8, 9, 9, 8, 8, 8, 8, 8, 9, 9, 7, 9, 9, 6, 9, 9, 8, 8, 8, 8, 9, 8, 9, 9, 8, 8, 9, 9, 7, 7, 9], "step_size": [0.005720705884084102, 0.005720705884084102, 0.005720705884084102, 0.005720705884084102, 0.005720705884084102, 0.005720705884084102, 0.005720705884084102, 0.005720705884084102, 0.005720705884084102, 0.005720705884084102, 0.005720705884084102, 0.005720705884084102, 0.005720705884084102, 0.005720705884084102, 0.005720705884084102, 0.005720705884084102, 0.005720705884084102, 0.005720705884084102, 0.005720705884084102, 0.005720705884084102, 0.005720705884084102, 0.005720705884084102, 0.005720705884084102, 0.005720705884084102, 0.005720705884084102, 0.005720705884084102, 0.005720705884084102, 0.005720705884084102, 0.005720705884084102, 0.005720705884084102, 0.005720705884084102, 0.005720705884084102, 0.005720705884084102, 0.005720705884084102, 0.005720705884084102, 0.005720705884084102, 0.005720705884084102, 0.005720705884084102, 0.005720705884084102, 0.005720705884084102, 0.005720705884084102, 0.005720705884084102, 0.005720705884084102, 0.005720705884084102, 0.005720705884084102, 0.005720705884084102, 0.005720705884084102, 0.005720705884084102, 0.005720705884084102, 0.005720705884084102, 0.005720705884084102, 0.005720705884084102, 0.005720705884084102, 0.005720705884084102, 0.005720705884084102, 0.005720705884084102, 0.005720705884084102, 0.005720705884084102, 0.005720705884084102, 0.005720705884084102, 0.005720705884084102, 0.005720705884084102, 0.005720705884084102, 0.005720705884084102, 0.005720705884084102, 0.005720705884084102, 0.005720705884084102, 0.005720705884084102, 0.005720705884084102, 0.005720705884084102, 0.005720705884084102, 0.005720705884084102, 0.005720705884084102, 0.005720705884084102, 0.005720705884084102, 0.005720705884084102, 0.005720705884084102, 0.005720705884084102, 0.005720705884084102, 0.005720705884084102, 0.005720705884084102, 0.005720705884084102, 0.005720705884084102, 0.005720705884084102, 0.005720705884084102, 0.005720705884084102, 0.005720705884084102, 0.005720705884084102, 0.005720705884084102, 0.005720705884084102, 0.005720705884084102, 0.005720705884084102, 0.005720705884084102, 0.005720705884084102, 0.005720705884084102, 0.005720705884084102, 0.005720705884084102, 0.005720705884084102, 0.005720705884084102, 0.005720705884084102], "tune": [true, false, false, false, false, false, false, false, false, false, false, false, false, false, false, false, false, false, false, false, false, false, false, false, false, false, false, false, false, false, false, false, false, false, false, false, false, false, false, false, false, false, false, false, false, false, false, false, false, false, false, false, false, false, false, false, false, false, false, false, false, false, false, false, false, false, false, false, false, false, false, false, false, false, false, false, false, false, false, false, false, false, false, false, false, false, false, false, false, false, false, false, false, false, false, false, false, false, false, false], "mean_tree_accept": [0.9615792065178481, 0.8257029472057708, 0.9978441110912112, 0.9787334986279653, 0.9925926048617701, 0.9321507541457931, 0.971158637036529, 0.9945004382374696, 0.9393448941675374, 0.9968626646555403, 0.9985077435241534, 0.99651918737291, 0.9998460281582836, 0.9568169389541902, 0.9983582296605865, 0.9978166193160181, 0.9140579847515434, 0.8955493860862868, 0.9849004622334844, 0.7166941751081788, 0.9999441826587363, 0.9133231476304211, 0.8717512962179296, 0.9841287803454398, 0.6567550348105801, 0.7932418465642562, 0.9987864363134097, 0.9869011766513227, 0.9996092349004516, 0.8902035918350761, 0.9994680460102985, 0.9857433697222294, 0.9909150240592585, 0.8821109925524936, 0.7778976476747332, 0.11012087833759815, 0.9308675765389609, 0.7017216611188674, 0.5535123903319495, 0.9946287972360971, 0.43954296082873023, 0.537183482823095, 0.21633966655644485, 0.6593539273737075, 0.24435414539878425, 0.23708444978848098, 0.4794920332336853, 0.4744971026447836, 0.9644881050074771, 0.15713348684029949, 0.05987283293852185, 0.05990683929307645, 0.25386944927664307, 0.4526211074020157, 0.08102109104586132, 0.5901258827500625, 0.9885265709293813, 0.9571878822550385, 0.9981425859435156, 0.9996311311468308, 0.7903131636276771, 0.9986275276974439, 0.7938515590879183, 0.8100033984720272, 0.9907376367835111, 0.9958252945223138, 0.999969749185026, 0.983759392390813, 0.9987324387075349, 0.9998510256427802, 0.9995198567142302, 0.9953967775850505, 0.9694538363678852, 0.9980791809114492, 0.9997604358318943, 0.9719650147652851, 0.9839214719947832, 0.9697353119665396, 0.9937941340660457, 0.620512447649423, 0.7706199489038458, 0.9988597598519122, 0.78116887879099, 0.9359457021489977, 0.9836737127374304, 0.9158531190228864, 0.7968506397850391, 0.9983738925452368, 0.8868988553387135, 0.8165015658900688, 0.7690014950299503, 0.845557503379785, 0.2736163419113444, 0.347718724027084, 0.6523544683954511, 0.9995785647877093, 0.9985795997805128, 0.9991440621093264, 0.996681941586593, 0.8483343718780686], "step_size_bar": [0.009338048719160082, 0.009338048719160082, 0.009338048719160082, 0.009338048719160082, 0.009338048719160082, 0.009338048719160082, 0.009338048719160082, 0.009338048719160082, 0.009338048719160082, 0.009338048719160082, 0.009338048719160082, 0.009338048719160082, 0.009338048719160082, 0.009338048719160082, 0.009338048719160082, 0.009338048719160082, 0.009338048719160082, 0.009338048719160082, 0.009338048719160082, 0.009338048719160082, 0.009338048719160082, 0.009338048719160082, 0.009338048719160082, 0.009338048719160082, 0.009338048719160082, 0.009338048719160082, 0.009338048719160082, 0.009338048719160082, 0.009338048719160082, 0.009338048719160082, 0.009338048719160082, 0.009338048719160082, 0.009338048719160082, 0.009338048719160082, 0.009338048719160082, 0.009338048719160082, 0.009338048719160082, 0.009338048719160082, 0.009338048719160082, 0.009338048719160082, 0.009338048719160082, 0.009338048719160082, 0.009338048719160082, 0.009338048719160082, 0.009338048719160082, 0.009338048719160082, 0.009338048719160082, 0.009338048719160082, 0.009338048719160082, 0.009338048719160082, 0.009338048719160082, 0.009338048719160082, 0.009338048719160082, 0.009338048719160082, 0.009338048719160082, 0.009338048719160082, 0.009338048719160082, 0.009338048719160082, 0.009338048719160082, 0.009338048719160082, 0.009338048719160082, 0.009338048719160082, 0.009338048719160082, 0.009338048719160082, 0.009338048719160082, 0.009338048719160082, 0.009338048719160082, 0.009338048719160082, 0.009338048719160082, 0.009338048719160082, 0.009338048719160082, 0.009338048719160082, 0.009338048719160082, 0.009338048719160082, 0.009338048719160082, 0.009338048719160082, 0.009338048719160082, 0.009338048719160082, 0.009338048719160082, 0.009338048719160082, 0.009338048719160082, 0.009338048719160082, 0.009338048719160082, 0.009338048719160082, 0.009338048719160082, 0.009338048719160082, 0.009338048719160082, 0.009338048719160082, 0.009338048719160082, 0.009338048719160082, 0.009338048719160082, 0.009338048719160082, 0.009338048719160082, 0.009338048719160082, 0.009338048719160082, 0.009338048719160082, 0.009338048719160082, 0.009338048719160082, 0.009338048719160082, 0.009338048719160082],