{"draw_idx": 100, "draws": null, "_stats": [{"depth": [7, 7, 7, 7, 8, 7, 8, 5, 7, 7, 8, 5, 6, 8, 8, 8, 7, 6, 7, 7, 7, 7, 8, 7, 5, 7, 7, 8, 6, 6, 4, 7, 7, 8, 7, 5, 7, 6, 8, 6, 7, 7, 7, 7, 7, 8, 8, 8, 6, 7, 4, 2, 7, 6, 7, 8, 6, 6, 5, 8, 7, 6, 8, 8, 7, 6, 6, 6, 6, 6, 6, 7, 8, 7, 8, 8, 8, 7, 6, 8, 7, 7, 8, 7, 8, 8, 3, 7, 5, 6, 8, 7, 7, 7, 7, 5, 8, 7, 7, 7], "step_size": [0.018645522220867527, 0.018645522220867527, 0.018645522220867527, 0.018645522220867527, 0.018645522220867527, 0.018645522220867527, 0.018645522220867527, 0.018645522220867527, 0.018645522220867527, 0.018645522220867527, 0.018645522220867527, 0.018645522220867527, 0.018645522220867527, 0.018645522220867527, 0.018645522220867527, 0.018645522220867527, 0.018645522220867527, 0.018645522220867527, 0.018645522220867527, 0.018645522220867527, 0.018645522220867527, 0.018645522220867527, 0.018645522220867527, 0.018645522220867527, 0.018645522220867527, 0.018645522220867527, 0.018645522220867527, 0.018645522220867527, 0.018645522220867527, 0.018645522220867527, 0.018645522220867527, 0.018645522220867527, 0.018645522220867527, 0.018645522220867527, 0.018645522220867527, 0.018645522220867527, 0.018645522220867527, 0.018645522220867527, 0.018645522220867527, 0.018645522220867527, 0.018645522220867527, 0.018645522220867527, 0.018645522220867527, 0.018645522220867527, 0.018645522220867527, 0.018645522220867527, 0.018645522220867527, 0.018645522220867527, 0.018645522220867527, 0.018645522220867527, 0.018645522220867527, 0.018645522220867527, 0.018645522220867527, 0.018645522220867527, 0.018645522220867527, 0.018645522220867527, 0.018645522220867527, 0.018645522220867527, 0.018645522220867527, 0.018645522220867527, 0.018645522220867527, 0.018645522220867527, 0.018645522220867527, 0.018645522220867527, 0.018645522220867527, 0.018645522220867527, 0.018645522220867527, 0.018645522220867527, 0.018645522220867527, 0.018645522220867527, 0.018645522220867527, 0.018645522220867527, 0.018645522220867527, 0.018645522220867527, 0.018645522220867527, 0.018645522220867527, 0.018645522220867527, 0.018645522220867527, 0.018645522220867527, 0.018645522220867527, 0.018645522220867527, 0.018645522220867527, 0.018645522220867527, 0.018645522220867527, 0.018645522220867527, 0.018645522220867527, 0.018645522220867527, 0.018645522220867527, 0.018645522220867527, 0.018645522220867527, 0.018645522220867527, 0.018645522220867527, 0.018645522220867527, 0.018645522220867527, 0.018645522220867527, 0.018645522220867527, 0.018645522220867527, 0.018645522220867527, 0.018645522220867527, 0.018645522220867527], "tune": [true, false, false, false, false, false, false, false, false, false, false, false, false, false, false, false, false, false, false, false, false, false, false, false, false, false, false, false, false, false, false, false, false, false, false, false, false, false, false, false, false, false, false, false, false, false, false, false, false, false, false, false, false, false, false, false, false, false, false, false, false, false, false, false, false, false, false, false, false, false, false, false, false, false, false, false, false, false, false, false, false, false, false, false, false, false, false, false, false, false, false, false, false, false, false, false, false, false, false, false], "mean_tree_accept": [0.6850270298378088, 0.9995594878073847, 0.9982257763543889, 0.9651059553151411, 0.9241598175186079, 0.92597970958953, 0.9967535363835057, 0.8957436068690922, 0.947672602976678, 0.9949310658766319, 0.9941830684101266, 0.9849036632136173, 0.08074080396846879, 0.8133476840384565, 0.2681492740768942, 0.4251226877853299, 0.999009758627254, 0.999105965365243, 0.9966090038181566, 0.9995258228193621, 0.927841518742358, 0.9992684085384809, 0.9418064094588365, 0.9563422725449284, 0.9988122142871324, 0.9987443632954459, 0.9999652118516601, 0.9998302584799947, 0.9284622303816652, 0.44406760036066284, 0.22608083508547033, 0.8452287233738425, 0.8489376331471239, 0.9965505531269154, 0.3343744476806975, 0.6408269877442395, 0.44688335252560346, 0.9419673244447392, 0.8146517768570904, 0.9994542836643419, 0.9970123583104649, 0.9997525689865804, 0.8760712864205563, 0.6570872239729958, 0.5286160438859506, 0.9922151184564695, 0.9942171667452385, 0.9560745168920234, 0.9987095925701536, 0.9983687348714048, 0.9319564487471266, 0.6587221451195391, 0.6539405409848699, 0.9741204121319629, 0.9681618837687895, 0.8380650754043719, 0.9907013418632968, 0.7400072630081901, 0.9001614733817137, 0.9998933905743888, 0.9884104170694852, 0.9906931276451741, 0.8172350661937661, 0.998283480366096, 0.9969727230805373, 0.9269247879526094, 0.9986969773285159, 0.9937674549100914, 0.9984151682737357, 0.9857834140401655, 0.9999944046587372, 0.9815272716348891, 0.9123222323271127, 0.9991034456541512, 0.9918831973443349, 0.6336340656663666, 0.8295280040078706, 0.9606713128785197, 0.9723609092672252, 0.9283772623724434, 0.9029551533552338, 0.9481276730653629, 0.9149316414769354, 0.9993057217237856, 0.6893638715233672, 0.9264322612212529, 0.9760318185959745, 0.9968850409827945, 0.9906381937577537, 0.9985779018415443, 0.9997206838719669, 0.8614546312357354, 0.9982373519399704, 0.8917909926836352, 0.9693871546170209, 0.9891989114644908, 0.9994874309350651, 0.9957483360121074, 0.9984291803678407, 0.5916649225759306], "step_size_bar": [0.011580040851800373, 0.011580040851800373, 0.011580040851800373, 0.011580040851800373, 0.011580040851800373, 0.011580040851800373, 0.011580040851800373, 0.011580040851800373, 0.011580040851800373, 0.011580040851800373, 0.011580040851800373, 0.011580040851800373, 0.011580040851800373, 0.011580040851800373, 0.011580040851800373, 0.011580040851800373, 0.011580040851800373, 0.011580040851800373, 0.011580040851800373, 0.011580040851800373, 0.011580040851800373, 0.011580040851800373, 0.011580040851800373, 0.011580040851800373, 0.011580040851800373, 0.011580040851800373, 0.011580040851800373, 0.011580040851800373, 0.011580040851800373, 0.011580040851800373, 0.011580040851800373, 0.011580040851800373, 0.011580040851800373, 0.011580040851800373, 0.011580040851800373, 0.011580040851800373, 0.011580040851800373, 0.011580040851800373, 0.011580040851800373, 0.011580040851800373, 0.011580040851800373, 0.011580040851800373, 0.011580040851800373, 0.011580040851800373, 0.011580040851800373, 0.011580040851800373, 0.011580040851800373, 0.011580040851800373, 0.011580040851800373, 0.011580040851800373, 0.011580040851800373, 0.011580040851800373, 0.011580040851800373, 0.011580040851800373, 0.011580040851800373, 0.011580040851800373, 0.011580040851800373, 0.011580040851800373, 0.011580040851800373, 0.011580040851800373, 0.011580040851800373, 0.011580040851800373, 0.011580040851800373, 0.011580040851800373, 0.011580040851800373, 0.011580040851800373, 0.011580040851800373, 0.011580040851800373, 0.011580040851800373, 0.011580040851800373, 0.011580040851800373, 0.011580040851800373, 0.011580040851800373, 0.011580040851800373, 0.011580040851800373, 0.011580040851800373, 0.011580040851800373, 0.011580040851800373, 0.011580040851800373, 0.011580040851800373, 0.011580040851800373, 0.011580040851800373, 0.011580040851800373, 0.011580040851800373, 0.011580040851800373, 0.011580040851800373, 0.011580040851800373, 0.011580040851800373, 0.011580040851800373, 0.011580040851800373, 0.011580040851800373, 0.011580040851800373, 0.011580040851800373, 0.011580040851800373, 0.011580040851800373, 0.011580040851800373, 0.011580040851800373, 0.011580040851800373, 0.011580040851800373, 0.011580040851800373],