{"draw_idx": 100, "draws": null, "_stats": [{"depth": [6, 7, 6, 8, 8, 7, 9, 8, 8, 4, 7, 8, 8, 8, 8, 8, 8, 8, 4, 8, 8, 8, 7, 8, 8, 8, 7, 8, 8, 8, 8, 8, 8, 8, 8, 8, 6, 8, 2, 7, 8, 8, 6, 8, 8, 8, 8, 8, 7, 8, 8, 8, 7, 8, 8, 8, 8, 8, 8, 8, 5, 6, 8, 7, 8, 8, 6, 8, 2, 5, 7, 8, 7, 7, 7, 8, 6, 8, 8, 8, 8, 4, 5, 8, 7, 5, 7, 8, 8, 8, 7, 8, 8, 8, 8, 8, 8, 7, 8, 7], "step_size": [0.02208051568340622, 0.02208051568340622, 0.02208051568340622, 0.02208051568340622, 0.02208051568340622, 0.02208051568340622, 0.02208051568340622, 0.02208051568340622, 0.02208051568340622, 0.02208051568340622, 0.02208051568340622, 0.02208051568340622, 0.02208051568340622, 0.02208051568340622, 0.02208051568340622, 0.02208051568340622, 0.02208051568340622, 0.02208051568340622, 0.02208051568340622, 0.02208051568340622, 0.02208051568340622, 0.02208051568340622, 0.02208051568340622, 0.02208051568340622, 0.02208051568340622, 0.02208051568340622, 0.02208051568340622, 0.02208051568340622, 0.02208051568340622, 0.02208051568340622, 0.02208051568340622, 0.02208051568340622, 0.02208051568340622, 0.02208051568340622, 0.02208051568340622, 0.02208051568340622, 0.02208051568340622, 0.02208051568340622, 0.02208051568340622, 0.02208051568340622, 0.02208051568340622, 0.02208051568340622, 0.02208051568340622, 0.02208051568340622, 0.02208051568340622, 0.02208051568340622, 0.02208051568340622, 0.02208051568340622, 0.02208051568340622, 0.02208051568340622, 0.02208051568340622, 0.02208051568340622, 0.02208051568340622, 0.02208051568340622, 0.02208051568340622, 0.02208051568340622, 0.02208051568340622, 0.02208051568340622, 0.02208051568340622, 0.02208051568340622, 0.02208051568340622, 0.02208051568340622, 0.02208051568340622, 0.02208051568340622, 0.02208051568340622, 0.02208051568340622, 0.02208051568340622, 0.02208051568340622, 0.02208051568340622, 0.02208051568340622, 0.02208051568340622, 0.02208051568340622, 0.02208051568340622, 0.02208051568340622, 0.02208051568340622, 0.02208051568340622, 0.02208051568340622, 0.02208051568340622, 0.02208051568340622, 0.02208051568340622, 0.02208051568340622, 0.02208051568340622, 0.02208051568340622, 0.02208051568340622, 0.02208051568340622, 0.02208051568340622, 0.02208051568340622, 0.02208051568340622, 0.02208051568340622, 0.02208051568340622, 0.02208051568340622, 0.02208051568340622, 0.02208051568340622, 0.02208051568340622, 0.02208051568340622, 0.02208051568340622, 0.02208051568340622, 0.02208051568340622, 0.02208051568340622, 0.02208051568340622], "tune": [true, false, false, false, false, false, false, false, false, false, false, false, false, false, false, false, false, false, false, false, false, false, false, false, false, false, false, false, false, false, false, false, false, false, false, false, false, false, false, false, false, false, false, false, false, false, false, false, false, false, false, false, false, false, false, false, false, false, false, false, false, false, false, false, false, false, false, false, false, false, false, false, false, false, false, false, false, false, false, false, false, false, false, false, false, false, false, false, false, false, false, false, false, false, false, false, false, false, false, false], "mean_tree_accept": [0.9944436282194584, 0.9982154559524627, 0.9856117156074171, 0.9951662312708295, 0.9383159945379881, 0.9201039626924334, 0.9304390191686084, 0.8917334660178946, 0.9851382047322319, 0.9994128813753023, 0.9953325536895771, 0.9947763900052566, 0.9773585520685404, 0.9941213337156201, 0.9998067646408627, 0.981497285871198, 0.8400511634019608, 0.8751221646708294, 0.9712123316892282, 0.9876473223714339, 0.9833968737385004, 0.987848087225706, 0.9992341289374412, 0.9863484783105436, 0.924838724527534, 0.23402947773377336, 0.9602278746468973, 0.999802666562068, 0.8982703011575665, 0.9060181809394974, 0.9997070961191489, 0.9957927025438267, 0.9996556148392419, 0.6454455666915973, 0.7780190549281805, 0.23785237926760833, 0.1433231437090429, 0.15902620468041245, 0.7813850535042524, 0.3293812177484947, 0.9480321140426048, 0.6906805782109205, 0.4075157508206658, 0.19547190464792694, 0.9959115412587884, 0.9569202691154944, 0.97954523403581, 0.9908768761465973, 0.9815679695385732, 0.9979114768372006, 0.7252344863268392, 0.999605160427689, 0.9926776303466994, 0.9094146134909912, 0.14277108983062245, 0.999949461871625, 0.4193116275425963, 0.9966983682551918, 0.9993383876288224, 0.9930686714930188, 0.9510748960194669, 0.9988908306990755, 0.9757644500120537, 0.9990989287656026, 0.9974801348554246, 0.9923389986353159, 0.9972572925254577, 0.9926654095094155, 1.0, 0.9966299106469205, 0.9997587984018197, 0.9970555732349692, 0.9634110851509332, 0.9799273578716301, 0.7790393859796099, 0.7829340473082114, 0.9956719870084824, 0.9994043398318695, 0.9995129410425367, 0.9653604987496335, 0.9956499667039848, 0.9897084558339367, 0.9696760849504102, 0.7797012350125729, 0.9928500421452473, 0.9999885362308844, 0.9991049604020917, 0.9982680692016228, 0.996599542795585, 0.9296910449625801, 0.9999867854410822, 0.9968211729311018, 0.9901064436888786, 0.6742370333667549, 0.9984677110710077, 0.9798030158109127, 0.7360364077064043, 0.996745386693381, 0.9931554867961535, 0.9935122711607358], "step_size_bar": [0.010906866188396267, 0.010906866188396267, 0.010906866188396267, 0.010906866188396267, 0.010906866188396267, 0.010906866188396267, 0.010906866188396267, 0.010906866188396267, 0.010906866188396267, 0.010906866188396267, 0.010906866188396267, 0.010906866188396267, 0.010906866188396267, 0.010906866188396267, 0.010906866188396267, 0.010906866188396267, 0.010906866188396267, 0.010906866188396267, 0.010906866188396267, 0.010906866188396267, 0.010906866188396267, 0.010906866188396267, 0.010906866188396267, 0.010906866188396267, 0.010906866188396267, 0.010906866188396267, 0.010906866188396267, 0.010906866188396267, 0.010906866188396267, 0.010906866188396267, 0.010906866188396267, 0.010906866188396267, 0.010906866188396267, 0.010906866188396267, 0.010906866188396267, 0.010906866188396267, 0.010906866188396267, 0.010906866188396267, 0.010906866188396267, 0.010906866188396267, 0.010906866188396267, 0.010906866188396267, 0.010906866188396267, 0.010906866188396267, 0.010906866188396267, 0.010906866188396267, 0.010906866188396267, 0.010906866188396267, 0.010906866188396267, 0.010906866188396267, 0.010906866188396267, 0.010906866188396267, 0.010906866188396267, 0.010906866188396267, 0.010906866188396267, 0.010906866188396267, 0.010906866188396267, 0.010906866188396267, 0.010906866188396267, 0.010906866188396267, 0.010906866188396267, 0.010906866188396267, 0.010906866188396267, 0.010906866188396267, 0.010906866188396267, 0.010906866188396267, 0.010906866188396267, 0.010906866188396267, 0.010906866188396267, 0.010906866188396267, 0.010906866188396267, 0.010906866188396267, 0.010906866188396267, 0.010906866188396267, 0.010906866188396267, 0.010906866188396267, 0.010906866188396267, 0.010906866188396267, 0.010906866188396267, 0.010906866188396267, 0.010906866188396267, 0.010906866188396267, 0.010906866188396267, 0.010906866188396267, 0.010906866188396267, 0.010906866188396267, 0.010906866188396267, 0.010906866188396267, 0.010906866188396267, 0.010906866188396267, 0.010906866188396267, 0.010906866188396267, 0.010906866188396267, 0.010906866188396267, 0.010906866188396267, 0.010906866188396267, 0.010906866188396267, 0.010906866188396267, 0.010906866188396267, 0.010906866188396267],