{"draw_idx": 100, "draws": null, "_stats": [{"depth": [7, 7, 8, 7, 8, 8, 8, 8, 8, 7, 8, 7, 7, 8, 8, 8, 8, 7, 8, 8, 5, 7, 8, 7, 8, 8, 7, 7, 7, 8, 6, 8, 8, 8, 5, 8, 8, 8, 8, 6, 7, 8, 8, 8, 7, 7, 8, 8, 8, 7, 8, 7, 8, 6, 8, 8, 8, 8, 6, 7, 8, 4, 8, 7, 7, 8, 6, 8, 7, 7, 5, 8, 8, 8, 8, 8, 8, 8, 8, 7, 8, 8, 8, 8, 8, 7, 8, 6, 8, 8, 5, 8, 8, 8, 8, 8, 7, 7, 8, 7], "step_size": [0.02564684550378763, 0.02564684550378763, 0.02564684550378763, 0.02564684550378763, 0.02564684550378763, 0.02564684550378763, 0.02564684550378763, 0.02564684550378763, 0.02564684550378763, 0.02564684550378763, 0.02564684550378763, 0.02564684550378763, 0.02564684550378763, 0.02564684550378763, 0.02564684550378763, 0.02564684550378763, 0.02564684550378763, 0.02564684550378763, 0.02564684550378763, 0.02564684550378763, 0.02564684550378763, 0.02564684550378763, 0.02564684550378763, 0.02564684550378763, 0.02564684550378763, 0.02564684550378763, 0.02564684550378763, 0.02564684550378763, 0.02564684550378763, 0.02564684550378763, 0.02564684550378763, 0.02564684550378763, 0.02564684550378763, 0.02564684550378763, 0.02564684550378763, 0.02564684550378763, 0.02564684550378763, 0.02564684550378763, 0.02564684550378763, 0.02564684550378763, 0.02564684550378763, 0.02564684550378763, 0.02564684550378763, 0.02564684550378763, 0.02564684550378763, 0.02564684550378763, 0.02564684550378763, 0.02564684550378763, 0.02564684550378763, 0.02564684550378763, 0.02564684550378763, 0.02564684550378763, 0.02564684550378763, 0.02564684550378763, 0.02564684550378763, 0.02564684550378763, 0.02564684550378763, 0.02564684550378763, 0.02564684550378763, 0.02564684550378763, 0.02564684550378763, 0.02564684550378763, 0.02564684550378763, 0.02564684550378763, 0.02564684550378763, 0.02564684550378763, 0.02564684550378763, 0.02564684550378763, 0.02564684550378763, 0.02564684550378763, 0.02564684550378763, 0.02564684550378763, 0.02564684550378763, 0.02564684550378763, 0.02564684550378763, 0.02564684550378763, 0.02564684550378763, 0.02564684550378763, 0.02564684550378763, 0.02564684550378763, 0.02564684550378763, 0.02564684550378763, 0.02564684550378763, 0.02564684550378763, 0.02564684550378763, 0.02564684550378763, 0.02564684550378763, 0.02564684550378763, 0.02564684550378763, 0.02564684550378763, 0.02564684550378763, 0.02564684550378763, 0.02564684550378763, 0.02564684550378763, 0.02564684550378763, 0.02564684550378763, 0.02564684550378763, 0.02564684550378763, 0.02564684550378763, 0.02564684550378763], "tune": [true, false, false, false, false, false, false, false, false, false, false, false, false, false, false, false, false, false, false, false, false, false, false, false, false, false, false, false, false, false, false, false, false, false, false, false, false, false, false, false, false, false, false, false, false, false, false, false, false, false, false, false, false, false, false, false, false, false, false, false, false, false, false, false, false, false, false, false, false, false, false, false, false, false, false, false, false, false, false, false, false, false, false, false, false, false, false, false, false, false, false, false, false, false, false, false, false, false, false, false], "mean_tree_accept": [0.926686951497095, 0.9962448547627069, 0.9965260780541422, 0.997149532877655, 0.9943654325755636, 0.9897582715188971, 0.9742476270007552, 0.994424088424862, 0.993685818583513, 0.9883021396248979, 0.9994475199369719, 0.9999488573344317, 0.9998412583713834, 0.7775669609988344, 0.9927151743599398, 0.9872840249655236, 0.9682599708250094, 0.999690955583225, 0.9725792259210791, 0.9980658792310896, 0.9796926900876165, 0.9970890449441503, 0.9989736978542281, 0.9557096823696821, 0.9330987446595629, 0.9936104394507494, 0.9945707193414585, 0.9312665359488351, 0.9999679699230124, 0.9999676790576614, 0.974323388302397, 0.9074531981094951, 0.9843468836332733, 0.9959874839139814, 0.996026002316729, 0.9764283511438485, 0.9997941506657398, 0.9968823606983803, 0.9991164975838999, 0.96683818796711, 0.9999266629537622, 0.9933349740652694, 0.8711924869747726, 0.9877669642451548, 0.957849073829846, 0.9973303137163001, 0.961583122962991, 0.9991338841717433, 0.9935186540213033, 0.9679141890936189, 0.9977160628175075, 0.9967783368739321, 0.9724889676270162, 0.9906668664446795, 0.982686729866364, 0.9984022547714483, 0.9614237111642271, 0.9951446713890525, 0.9976680658555831, 0.991945567449074, 0.99866362709116, 0.9464739119675812, 0.900380237378789, 0.9630652007117606, 0.9988390923232263, 0.998754615364835, 0.9997403608366995, 0.9811292594887787, 0.8461418971099843, 0.9996870816439676, 0.9982318004962238, 0.968955294332923, 0.9875590781805805, 0.9958291470175852, 0.9945778590610087, 0.9913151059407669, 0.9911652326455151, 0.9864903258401544, 0.943069464686763, 0.9528604099598282, 0.4565449561649244, 0.8824103886140157, 0.9684771007254408, 0.9988425596235065, 0.9985068759951555, 0.982537998294532, 0.9268861527210496, 0.999737808292131, 0.9868504121523018, 0.9981193749399413, 0.9676557717998009, 0.9960303817820146, 0.999973970040579, 0.9546389139561042, 0.9817401053331635, 0.9239921583530624, 0.4414850986007853, 0.5535048861631287, 0.31754452419751084, 0.5069257587366297], "step_size_bar": [0.013465874740202282, 0.013465874740202282, 0.013465874740202282, 0.013465874740202282, 0.013465874740202282, 0.013465874740202282, 0.013465874740202282, 0.013465874740202282, 0.013465874740202282, 0.013465874740202282, 0.013465874740202282, 0.013465874740202282, 0.013465874740202282, 0.013465874740202282, 0.013465874740202282, 0.013465874740202282, 0.013465874740202282, 0.013465874740202282, 0.013465874740202282, 0.013465874740202282, 0.013465874740202282, 0.013465874740202282, 0.013465874740202282, 0.013465874740202282, 0.013465874740202282, 0.013465874740202282, 0.013465874740202282, 0.013465874740202282, 0.013465874740202282, 0.013465874740202282, 0.013465874740202282, 0.013465874740202282, 0.013465874740202282, 0.013465874740202282, 0.013465874740202282, 0.013465874740202282, 0.013465874740202282, 0.013465874740202282, 0.013465874740202282, 0.013465874740202282, 0.013465874740202282, 0.013465874740202282, 0.013465874740202282, 0.013465874740202282, 0.013465874740202282, 0.013465874740202282, 0.013465874740202282, 0.013465874740202282, 0.013465874740202282, 0.013465874740202282, 0.013465874740202282, 0.013465874740202282, 0.013465874740202282, 0.013465874740202282, 0.013465874740202282, 0.013465874740202282, 0.013465874740202282, 0.013465874740202282, 0.013465874740202282, 0.013465874740202282, 0.013465874740202282, 0.013465874740202282, 0.013465874740202282, 0.013465874740202282, 0.013465874740202282, 0.013465874740202282, 0.013465874740202282, 0.013465874740202282, 0.013465874740202282, 0.013465874740202282, 0.013465874740202282, 0.013465874740202282, 0.013465874740202282, 0.013465874740202282, 0.013465874740202282, 0.013465874740202282, 0.013465874740202282, 0.013465874740202282, 0.013465874740202282, 0.013465874740202282, 0.013465874740202282, 0.013465874740202282, 0.013465874740202282, 0.013465874740202282, 0.013465874740202282, 0.013465874740202282, 0.013465874740202282, 0.013465874740202282, 0.013465874740202282, 0.013465874740202282, 0.013465874740202282, 0.013465874740202282, 0.013465874740202282, 0.013465874740202282, 0.013465874740202282, 0.013465874740202282, 0.013465874740202282, 0.013465874740202282, 0.013465874740202282, 0.013465874740202282],