{"draw_idx": 100, "draws": null, "_stats": [{"depth": [8, 8, 2, 5, 8, 8, 8, 7, 8, 7, 7, 8, 8, 8, 8, 8, 8, 7, 6, 8, 8, 7, 8, 7, 7, 8, 7, 7, 7, 7, 7, 7, 8, 7, 8, 7, 8, 8, 7, 6, 7, 7, 8, 8, 7, 8, 8, 7, 7, 8, 7, 8, 7, 7, 7, 7, 5, 8, 8, 8, 8, 7, 8, 8, 7, 6, 8, 7, 8, 8, 8, 8, 7, 8, 7, 3, 8, 5, 6, 8, 9, 7, 8, 7, 8, 7, 8, 9, 7, 8, 8, 7, 8, 8, 7, 7, 8, 8, 8, 7], "step_size": [0.013386895316805031, 0.013386895316805031, 0.013386895316805031, 0.013386895316805031, 0.013386895316805031, 0.013386895316805031, 0.013386895316805031, 0.013386895316805031, 0.013386895316805031, 0.013386895316805031, 0.013386895316805031, 0.013386895316805031, 0.013386895316805031, 0.013386895316805031, 0.013386895316805031, 0.013386895316805031, 0.013386895316805031, 0.013386895316805031, 0.013386895316805031, 0.013386895316805031, 0.013386895316805031, 0.013386895316805031, 0.013386895316805031, 0.013386895316805031, 0.013386895316805031, 0.013386895316805031, 0.013386895316805031, 0.013386895316805031, 0.013386895316805031, 0.013386895316805031, 0.013386895316805031, 0.013386895316805031, 0.013386895316805031, 0.013386895316805031, 0.013386895316805031, 0.013386895316805031, 0.013386895316805031, 0.013386895316805031, 0.013386895316805031, 0.013386895316805031, 0.013386895316805031, 0.013386895316805031, 0.013386895316805031, 0.013386895316805031, 0.013386895316805031, 0.013386895316805031, 0.013386895316805031, 0.013386895316805031, 0.013386895316805031, 0.013386895316805031, 0.013386895316805031, 0.013386895316805031, 0.013386895316805031, 0.013386895316805031, 0.013386895316805031, 0.013386895316805031, 0.013386895316805031, 0.013386895316805031, 0.013386895316805031, 0.013386895316805031, 0.013386895316805031, 0.013386895316805031, 0.013386895316805031, 0.013386895316805031, 0.013386895316805031, 0.013386895316805031, 0.013386895316805031, 0.013386895316805031, 0.013386895316805031, 0.013386895316805031, 0.013386895316805031, 0.013386895316805031, 0.013386895316805031, 0.013386895316805031, 0.013386895316805031, 0.013386895316805031, 0.013386895316805031, 0.013386895316805031, 0.013386895316805031, 0.013386895316805031, 0.013386895316805031, 0.013386895316805031, 0.013386895316805031, 0.013386895316805031, 0.013386895316805031, 0.013386895316805031, 0.013386895316805031, 0.013386895316805031, 0.013386895316805031, 0.013386895316805031, 0.013386895316805031, 0.013386895316805031, 0.013386895316805031, 0.013386895316805031, 0.013386895316805031, 0.013386895316805031, 0.013386895316805031, 0.013386895316805031, 0.013386895316805031, 0.013386895316805031], "tune": [true, false, false, false, false, false, false, false, false, false, false, false, false, false, false, false, false, false, false, false, false, false, false, false, false, false, false, false, false, false, false, false, false, false, false, false, false, false, false, false, false, false, false, false, false, false, false, false, false, false, false, false, false, false, false, false, false, false, false, false, false, false, false, false, false, false, false, false, false, false, false, false, false, false, false, false, false, false, false, false, false, false, false, false, false, false, false, false, false, false, false, false, false, false, false, false, false, false, false, false], "mean_tree_accept": [0.9569366397984463, 0.837168371188299, 0.8470953880825199, 0.8567555577805663, 0.9913180501997207, 0.5761682563657802, 0.7974183747922069, 0.9995184702867825, 0.9996931547413748, 0.987244819376412, 0.998446642938386, 0.9986167855981943, 0.9994501896693837, 0.9931902539571825, 0.9943219843821834, 0.9966821880145642, 0.9910786326538694, 0.938992500938041, 0.9995506983188722, 0.998660856184695, 0.7142564871154141, 0.9612766329004516, 0.9675121391930149, 0.999654145395515, 0.9981574989987639, 0.9895903161486121, 0.9982939899863783, 0.9951680510591094, 0.9316424677941997, 0.9999822607516478, 0.9999806282263027, 0.9750396129350548, 0.6911507373553796, 0.7287886338559609, 0.287580909393492, 0.9737899826813288, 0.999142186113972, 0.9794072782526712, 0.9865067321238997, 0.9633123576245877, 0.8059889332268362, 0.9604481966960468, 0.9441124954130897, 0.9848767084172126, 0.9994978871681479, 0.9423291891269385, 0.9994091224891135, 0.5656792171589236, 0.9997824738197192, 0.9999286128612446, 0.9968212525760257, 0.9919975979722029, 0.9991588817572643, 0.9945605321419404, 0.9833458780233029, 0.9870265901960452, 0.9868812652200911, 0.9476647611224076, 0.8156983233408592, 0.88534729403802, 0.716385974117248, 0.996511125761037, 0.8790161506614247, 0.9623060588033987, 0.9814851159255457, 0.34551265963902894, 0.9976247251481862, 0.999878379879152, 0.9719216818483636, 0.9488760281405131, 0.9895388697398101, 0.9821189818817427, 0.9391757669925124, 0.7659800331349446, 0.9979099469116591, 0.9777073889883194, 0.9913099361147628, 1.0, 0.843107756827984, 0.992427644153561, 0.6747533976063933, 0.999282315009448, 0.9999708794511515, 0.9509840928759228, 0.9938995483884605, 0.9968431084857567, 0.9729826990555613, 0.934133254648138, 0.27493380378032906, 0.59312011326949, 0.9869888697543892, 0.8404912960297343, 0.7584068190179205, 0.7906944080935752, 0.996285320405828, 0.9943338507819914, 0.8129907401230416, 0.9867272463989696, 0.9876287704396352, 0.9962435204101707], "step_size_bar": [0.013312804452491292, 0.013312804452491292, 0.013312804452491292, 0.013312804452491292, 0.013312804452491292, 0.013312804452491292, 0.013312804452491292, 0.013312804452491292, 0.013312804452491292, 0.013312804452491292, 0.013312804452491292, 0.013312804452491292, 0.013312804452491292, 0.013312804452491292, 0.013312804452491292, 0.013312804452491292, 0.013312804452491292, 0.013312804452491292, 0.013312804452491292, 0.013312804452491292, 0.013312804452491292, 0.013312804452491292, 0.013312804452491292, 0.013312804452491292, 0.013312804452491292, 0.013312804452491292, 0.013312804452491292, 0.013312804452491292, 0.013312804452491292, 0.013312804452491292, 0.013312804452491292, 0.013312804452491292, 0.013312804452491292, 0.013312804452491292, 0.013312804452491292, 0.013312804452491292, 0.013312804452491292, 0.013312804452491292, 0.013312804452491292, 0.013312804452491292, 0.013312804452491292, 0.013312804452491292, 0.013312804452491292, 0.013312804452491292, 0.013312804452491292, 0.013312804452491292, 0.013312804452491292, 0.013312804452491292, 0.013312804452491292, 0.013312804452491292, 0.013312804452491292, 0.013312804452491292, 0.013312804452491292, 0.013312804452491292, 0.013312804452491292, 0.013312804452491292, 0.013312804452491292, 0.013312804452491292, 0.013312804452491292, 0.013312804452491292, 0.013312804452491292, 0.013312804452491292, 0.013312804452491292, 0.013312804452491292, 0.013312804452491292, 0.013312804452491292, 0.013312804452491292, 0.013312804452491292, 0.013312804452491292, 0.013312804452491292, 0.013312804452491292, 0.013312804452491292, 0.013312804452491292, 0.013312804452491292, 0.013312804452491292, 0.013312804452491292, 0.013312804452491292, 0.013312804452491292, 0.013312804452491292, 0.013312804452491292, 0.013312804452491292, 0.013312804452491292, 0.013312804452491292, 0.013312804452491292, 0.013312804452491292, 0.013312804452491292, 0.013312804452491292, 0.013312804452491292, 0.013312804452491292, 0.013312804452491292, 0.013312804452491292, 0.013312804452491292, 0.013312804452491292, 0.013312804452491292, 0.013312804452491292, 0.013312804452491292, 0.013312804452491292, 0.013312804452491292, 0.013312804452491292, 0.013312804452491292],