{"draw_idx": 100, "draws": null, "_stats": [{"depth": [6, 5, 8, 7, 7, 6, 6, 8, 5, 7, 4, 7, 6, 7, 8, 6, 7, 5, 6, 7, 5, 3, 8, 7, 7, 6, 6, 7, 5, 6, 5, 6, 7, 7, 5, 8, 7, 7, 6, 6, 5, 8, 7, 7, 7, 4, 6, 7, 8, 7, 5, 7, 6, 8, 8, 6, 7, 4, 6, 7, 7, 7, 6, 8, 8, 7, 7, 5, 7, 6, 6, 7, 6, 8, 8, 7, 7, 7, 7, 7, 7, 7, 7, 6, 6, 7, 8, 7, 7, 7, 7, 8, 6, 7, 7, 5, 7, 5, 3, 7], "step_size": [0.0342751470866936, 0.0342751470866936, 0.0342751470866936, 0.0342751470866936, 0.0342751470866936, 0.0342751470866936, 0.0342751470866936, 0.0342751470866936, 0.0342751470866936, 0.0342751470866936, 0.0342751470866936, 0.0342751470866936, 0.0342751470866936, 0.0342751470866936, 0.0342751470866936, 0.0342751470866936, 0.0342751470866936, 0.0342751470866936, 0.0342751470866936, 0.0342751470866936, 0.0342751470866936, 0.0342751470866936, 0.0342751470866936, 0.0342751470866936, 0.0342751470866936, 0.0342751470866936, 0.0342751470866936, 0.0342751470866936, 0.0342751470866936, 0.0342751470866936, 0.0342751470866936, 0.0342751470866936, 0.0342751470866936, 0.0342751470866936, 0.0342751470866936, 0.0342751470866936, 0.0342751470866936, 0.0342751470866936, 0.0342751470866936, 0.0342751470866936, 0.0342751470866936, 0.0342751470866936, 0.0342751470866936, 0.0342751470866936, 0.0342751470866936, 0.0342751470866936, 0.0342751470866936, 0.0342751470866936, 0.0342751470866936, 0.0342751470866936, 0.0342751470866936, 0.0342751470866936, 0.0342751470866936, 0.0342751470866936, 0.0342751470866936, 0.0342751470866936, 0.0342751470866936, 0.0342751470866936, 0.0342751470866936, 0.0342751470866936, 0.0342751470866936, 0.0342751470866936, 0.0342751470866936, 0.0342751470866936, 0.0342751470866936, 0.0342751470866936, 0.0342751470866936, 0.0342751470866936, 0.0342751470866936, 0.0342751470866936, 0.0342751470866936, 0.0342751470866936, 0.0342751470866936, 0.0342751470866936, 0.0342751470866936, 0.0342751470866936, 0.0342751470866936, 0.0342751470866936, 0.0342751470866936, 0.0342751470866936, 0.0342751470866936, 0.0342751470866936, 0.0342751470866936, 0.0342751470866936, 0.0342751470866936, 0.0342751470866936, 0.0342751470866936, 0.0342751470866936, 0.0342751470866936, 0.0342751470866936, 0.0342751470866936, 0.0342751470866936, 0.0342751470866936, 0.0342751470866936, 0.0342751470866936, 0.0342751470866936, 0.0342751470866936, 0.0342751470866936, 0.0342751470866936, 0.0342751470866936], "tune": [true, false, false, false, false, false, false, false, false, false, false, false, false, false, false, false, false, false, false, false, false, false, false, false, false, false, false, false, false, false, false, false, false, false, false, false, false, false, false, false, false, false, false, false, false, false, false, false, false, false, false, false, false, false, false, false, false, false, false, false, false, false, false, false, false, false, false, false, false, false, false, false, false, false, false, false, false, false, false, false, false, false, false, false, false, false, false, false, false, false, false, false, false, false, false, false, false, false, false, false], "mean_tree_accept": [0.9610446907846901, 0.9997261366673732, 0.9666224260558457, 0.9603978107068442, 0.9530834733498759, 0.9908884890671938, 0.9996481958131694, 0.9059862833368054, 0.9246176180750352, 0.9889803484852866, 0.9786968057703878, 0.9950757913511918, 0.9956882735249752, 0.9954258398735593, 0.9934881581586978, 0.9911867344612205, 0.9855103175519698, 0.4624190920346962, 0.7189132095808632, 0.3628891808188786, 0.8018597378367943, 0.9065841810679469, 0.9915691018941658, 0.997730298735148, 0.9959716324945325, 0.9620102777702265, 0.9992805930902326, 0.8060985893763758, 0.9615057091262803, 0.9750529182508555, 0.9915355546831252, 0.9224807254143915, 0.9796234745187724, 0.9681762015054228, 0.9429941813657907, 0.9949149080366484, 0.9872921322951742, 0.9995805533310856, 0.9921009820240871, 0.9977335710560437, 0.9977437994276285, 0.9925014481672336, 0.997409437549219, 0.9956673742200022, 0.998600720108851, 0.932084925319878, 0.9869567484120164, 0.9669578021429164, 0.8369196681366886, 0.4946320681813817, 1.0, 0.5990914874981217, 0.9928518609321209, 0.9050945833356095, 0.9904078300882679, 0.9993193026490353, 0.9566364543106209, 0.9998773141974536, 0.9999373686431046, 0.9704851019678777, 0.9370099109592973, 0.9982069461444035, 0.9999182308056257, 0.9682210008148305, 0.9848363062052715, 0.9981976318646978, 0.9430035850042434, 0.9996815951685228, 0.9848387514335304, 0.9716647271523976, 0.9940264176093594, 0.960562810751804, 0.4790028606099288, 0.8926530366262132, 0.7763562768652039, 0.9899578066364096, 0.9755666976184316, 0.9978233626456002, 0.9816897420503085, 0.9751140839423592, 0.930337233066931, 0.9921771501455298, 0.9974264283709342, 0.99623246627074, 0.9993354952240574, 0.9771396520853743, 0.871144633553624, 0.9393861825000619, 0.9937647959499302, 0.9955629156631906, 0.981789930831709, 0.9887513887335172, 0.8791147687378952, 0.9862750060870252, 0.9740955304882326, 0.9963308052498479, 0.9799369737975168, 0.828198509627126, 0.8216367754709176, 0.9848842437139728], "step_size_bar": [0.017422287848426588, 0.017422287848426588, 0.017422287848426588, 0.017422287848426588, 0.017422287848426588, 0.017422287848426588, 0.017422287848426588, 0.017422287848426588, 0.017422287848426588, 0.017422287848426588, 0.017422287848426588, 0.017422287848426588, 0.017422287848426588, 0.017422287848426588, 0.017422287848426588, 0.017422287848426588, 0.017422287848426588, 0.017422287848426588, 0.017422287848426588, 0.017422287848426588, 0.017422287848426588, 0.017422287848426588, 0.017422287848426588, 0.017422287848426588, 0.017422287848426588, 0.017422287848426588, 0.017422287848426588, 0.017422287848426588, 0.017422287848426588, 0.017422287848426588, 0.017422287848426588, 0.017422287848426588, 0.017422287848426588, 0.017422287848426588, 0.017422287848426588, 0.017422287848426588, 0.017422287848426588, 0.017422287848426588, 0.017422287848426588, 0.017422287848426588, 0.017422287848426588, 0.017422287848426588, 0.017422287848426588, 0.017422287848426588, 0.017422287848426588, 0.017422287848426588, 0.017422287848426588, 0.017422287848426588, 0.017422287848426588, 0.017422287848426588, 0.017422287848426588, 0.017422287848426588, 0.017422287848426588, 0.017422287848426588, 0.017422287848426588, 0.017422287848426588, 0.017422287848426588, 0.017422287848426588, 0.017422287848426588, 0.017422287848426588, 0.017422287848426588, 0.017422287848426588, 0.017422287848426588, 0.017422287848426588, 0.017422287848426588, 0.017422287848426588, 0.017422287848426588, 0.017422287848426588, 0.017422287848426588, 0.017422287848426588, 0.017422287848426588, 0.017422287848426588, 0.017422287848426588, 0.017422287848426588, 0.017422287848426588, 0.017422287848426588, 0.017422287848426588, 0.017422287848426588, 0.017422287848426588, 0.017422287848426588, 0.017422287848426588, 0.017422287848426588, 0.017422287848426588, 0.017422287848426588, 0.017422287848426588, 0.017422287848426588, 0.017422287848426588, 0.017422287848426588, 0.017422287848426588, 0.017422287848426588, 0.017422287848426588, 0.017422287848426588, 0.017422287848426588, 0.017422287848426588, 0.017422287848426588, 0.017422287848426588, 0.017422287848426588, 0.017422287848426588, 0.017422287848426588, 0.017422287848426588], "tree_size": [47.0, 31.0, 159.0, 127.0, 127.0, 63.0, 63.0, 159.0, 23.0, 127.0, 15.0, 95.0, 63.0, 127.0, 191.0, 63.0, 127.0, 31.0, 47.0, 127.0, 31.0, 7.0, 255.0, 127.0, 127.0, 63.0, 63.0, 127.0, 31.0, 63.0, 31.0, 63.0, 127.0, 95.0, 31.0, 255.0, 127.0, 127.0, 63.0, 63.0, 31.0, 191.0, 95.0, 111.0, 111.0, 15.0, 63.0, 95.0, 191.0, 127.0, 31.0, 127.0, 63.0, 207.0, 207.0, 63.0, 127.0, 15.0, 63.0, 95.0, 127.0, 127.0, 63.0, 255.0, 143.0, 95.0, 87.0, 31.0, 127.0, 63.0, 63.0, 127.0, 47.0, 155.0, 255.0, 127.0, 127.0, 127.0, 127.0, 127.0, 95.0, 127.0, 127.0, 63.0, 63.0, 127.0, 199.0, 127.0, 127.0, 127.0, 127.0, 255.0, 63.0, 127.0, 127.0, 31.0, 127.0, 23.0, 7.0, 127.0],