{"draw_idx": 100, "draws": null, "_stats": [{"depth": [5, 7, 7, 7, 7, 7, 7, 5, 8, 7, 7, 7, 8, 8, 7, 7, 7, 3, 8, 7, 7, 6, 5, 7, 8, 7, 7, 8, 7, 6, 7, 7, 7, 6, 2, 7, 7, 7, 7, 7, 7, 8, 8, 7, 6, 7, 7, 7, 8, 5, 8, 6, 5, 6, 6, 6, 7, 8, 8, 4, 7, 3, 8, 7, 8, 5, 7, 7, 6, 7, 7, 7, 7, 8, 7, 7, 7, 7, 7, 6, 7, 6, 7, 7, 8, 7, 7, 7, 6, 7, 7, 7, 7, 7, 7, 8, 7, 6, 6, 7], "step_size": [0.040237203908799625, 0.040237203908799625, 0.040237203908799625, 0.040237203908799625, 0.040237203908799625, 0.040237203908799625, 0.040237203908799625, 0.040237203908799625, 0.040237203908799625, 0.040237203908799625, 0.040237203908799625, 0.040237203908799625, 0.040237203908799625, 0.040237203908799625, 0.040237203908799625, 0.040237203908799625, 0.040237203908799625, 0.040237203908799625, 0.040237203908799625, 0.040237203908799625, 0.040237203908799625, 0.040237203908799625, 0.040237203908799625, 0.040237203908799625, 0.040237203908799625, 0.040237203908799625, 0.040237203908799625, 0.040237203908799625, 0.040237203908799625, 0.040237203908799625, 0.040237203908799625, 0.040237203908799625, 0.040237203908799625, 0.040237203908799625, 0.040237203908799625, 0.040237203908799625, 0.040237203908799625, 0.040237203908799625, 0.040237203908799625, 0.040237203908799625, 0.040237203908799625, 0.040237203908799625, 0.040237203908799625, 0.040237203908799625, 0.040237203908799625, 0.040237203908799625, 0.040237203908799625, 0.040237203908799625, 0.040237203908799625, 0.040237203908799625, 0.040237203908799625, 0.040237203908799625, 0.040237203908799625, 0.040237203908799625, 0.040237203908799625, 0.040237203908799625, 0.040237203908799625, 0.040237203908799625, 0.040237203908799625, 0.040237203908799625, 0.040237203908799625, 0.040237203908799625, 0.040237203908799625, 0.040237203908799625, 0.040237203908799625, 0.040237203908799625, 0.040237203908799625, 0.040237203908799625, 0.040237203908799625, 0.040237203908799625, 0.040237203908799625, 0.040237203908799625, 0.040237203908799625, 0.040237203908799625, 0.040237203908799625, 0.040237203908799625, 0.040237203908799625, 0.040237203908799625, 0.040237203908799625, 0.040237203908799625, 0.040237203908799625, 0.040237203908799625, 0.040237203908799625, 0.040237203908799625, 0.040237203908799625, 0.040237203908799625, 0.040237203908799625, 0.040237203908799625, 0.040237203908799625, 0.040237203908799625, 0.040237203908799625, 0.040237203908799625, 0.040237203908799625, 0.040237203908799625, 0.040237203908799625, 0.040237203908799625, 0.040237203908799625, 0.040237203908799625, 0.040237203908799625, 0.040237203908799625], "tune": [true, false, false, false, false, false, false, false, false, false, false, false, false, false, false, false, false, false, false, false, false, false, false, false, false, false, false, false, false, false, false, false, false, false, false, false, false, false, false, false, false, false, false, false, false, false, false, false, false, false, false, false, false, false, false, false, false, false, false, false, false, false, false, false, false, false, false, false, false, false, false, false, false, false, false, false, false, false, false, false, false, false, false, false, false, false, false, false, false, false, false, false, false, false, false, false, false, false, false, false], "mean_tree_accept": [0.9429785600813506, 0.9996250109942999, 0.9975784654823553, 0.992361727750829, 0.9864595758364879, 0.8185256195494663, 0.6910435538742538, 0.3087883092300297, 0.6541438228810106, 0.6602925049353081, 0.9983029147450034, 0.9439931031400498, 0.8155722566394571, 0.9980750840092366, 0.98343420715934, 0.8925226413002199, 0.9982832165843329, 0.9568597763692478, 0.8885051518376212, 0.6111720878718484, 0.6382397093206242, 0.23447007788028154, 0.39641687075267035, 0.9962586408990329, 0.23986440390103336, 0.9898281523901764, 0.36880923919358505, 0.9740008413113052, 0.8032025996528288, 0.9920751386067878, 0.22288593369773183, 0.8779592767559674, 0.9966497422040171, 0.9647054087383454, 0.8828740737559362, 0.9391392112080754, 0.9849320044965841, 0.9234152981622923, 0.8455232645381174, 0.5474308605053007, 0.9985073481038113, 0.9680780700286611, 0.9982480858627505, 0.9996093295740605, 0.9746376607240751, 0.9968801632311729, 0.9966004549088447, 0.9949859052399861, 0.9563501779510484, 0.9596331644596179, 0.9941365240272976, 0.9773147569794002, 0.9802045687648138, 0.9753585445884879, 0.954466773832693, 0.9582143480032467, 0.9998866494862345, 0.9972583795870291, 0.1787050975515707, 0.9666201699181189, 0.16157520136844178, 0.9656289416430438, 0.04647464457885914, 0.4723530108542321, 0.9722026593652296, 0.9716298207287897, 0.9993945013999738, 0.9883155136861222, 0.9822754097501079, 0.9554304971723016, 0.9029505063936645, 0.9708386183845793, 0.9986104936289294, 0.8737198502681857, 0.9924187795608216, 0.9514650570495667, 0.9975495322409792, 0.9839804529527882, 0.999901723769232, 0.9959523999812436, 0.5916345680099845, 0.9970582844918612, 0.9997086993542798, 0.9620038893328247, 0.2578403141095178, 0.7156027998202524, 0.9208022380985601, 0.6473342859516178, 0.9984372425362923, 0.9975944164838795, 0.9988262510901317, 0.9947372205617782, 0.9846371553697049, 0.9992390197850751, 0.9994814950941541, 0.9202005916945836, 0.9996311077434026, 0.9470648679355699, 0.9966497969965338, 0.9888013277927544], "step_size_bar": [0.01695090547603435, 0.01695090547603435, 0.01695090547603435, 0.01695090547603435, 0.01695090547603435, 0.01695090547603435, 0.01695090547603435, 0.01695090547603435, 0.01695090547603435, 0.01695090547603435, 0.01695090547603435, 0.01695090547603435, 0.01695090547603435, 0.01695090547603435, 0.01695090547603435, 0.01695090547603435, 0.01695090547603435, 0.01695090547603435, 0.01695090547603435, 0.01695090547603435, 0.01695090547603435, 0.01695090547603435, 0.01695090547603435, 0.01695090547603435, 0.01695090547603435, 0.01695090547603435, 0.01695090547603435, 0.01695090547603435, 0.01695090547603435, 0.01695090547603435, 0.01695090547603435, 0.01695090547603435, 0.01695090547603435, 0.01695090547603435, 0.01695090547603435, 0.01695090547603435, 0.01695090547603435, 0.01695090547603435, 0.01695090547603435, 0.01695090547603435, 0.01695090547603435, 0.01695090547603435, 0.01695090547603435, 0.01695090547603435, 0.01695090547603435, 0.01695090547603435, 0.01695090547603435, 0.01695090547603435, 0.01695090547603435, 0.01695090547603435, 0.01695090547603435, 0.01695090547603435, 0.01695090547603435, 0.01695090547603435, 0.01695090547603435, 0.01695090547603435, 0.01695090547603435, 0.01695090547603435, 0.01695090547603435, 0.01695090547603435, 0.01695090547603435, 0.01695090547603435, 0.01695090547603435, 0.01695090547603435, 0.01695090547603435, 0.01695090547603435, 0.01695090547603435, 0.01695090547603435, 0.01695090547603435, 0.01695090547603435, 0.01695090547603435, 0.01695090547603435, 0.01695090547603435, 0.01695090547603435, 0.01695090547603435, 0.01695090547603435, 0.01695090547603435, 0.01695090547603435, 0.01695090547603435, 0.01695090547603435, 0.01695090547603435, 0.01695090547603435, 0.01695090547603435, 0.01695090547603435, 0.01695090547603435, 0.01695090547603435, 0.01695090547603435, 0.01695090547603435, 0.01695090547603435, 0.01695090547603435, 0.01695090547603435, 0.01695090547603435, 0.01695090547603435, 0.01695090547603435, 0.01695090547603435, 0.01695090547603435, 0.01695090547603435, 0.01695090547603435, 0.01695090547603435, 0.01695090547603435],