{"draw_idx": 100, "draws": null, "_stats": [{"depth": [4, 7, 7, 8, 8, 8, 7, 8, 5, 7, 7, 7, 8, 8, 8, 7, 8, 8, 8, 7, 7, 6, 5, 7, 7, 7, 7, 5, 6, 6, 8, 4, 7, 3, 8, 7, 7, 8, 5, 6, 7, 7, 7, 7, 8, 7, 8, 7, 8, 6, 7, 5, 7, 8, 7, 6, 7, 7, 8, 8, 8, 5, 5, 6, 8, 8, 8, 8, 7, 8, 8, 8, 8, 4, 7, 8, 7, 8, 7, 7, 8, 7, 7, 7, 8, 6, 8, 7, 7, 8, 8, 8, 7, 8, 5, 7, 8, 8, 7, 8], "step_size": [0.01310631817046331, 0.01310631817046331, 0.01310631817046331, 0.01310631817046331, 0.01310631817046331, 0.01310631817046331, 0.01310631817046331, 0.01310631817046331, 0.01310631817046331, 0.01310631817046331, 0.01310631817046331, 0.01310631817046331, 0.01310631817046331, 0.01310631817046331, 0.01310631817046331, 0.01310631817046331, 0.01310631817046331, 0.01310631817046331, 0.01310631817046331, 0.01310631817046331, 0.01310631817046331, 0.01310631817046331, 0.01310631817046331, 0.01310631817046331, 0.01310631817046331, 0.01310631817046331, 0.01310631817046331, 0.01310631817046331, 0.01310631817046331, 0.01310631817046331, 0.01310631817046331, 0.01310631817046331, 0.01310631817046331, 0.01310631817046331, 0.01310631817046331, 0.01310631817046331, 0.01310631817046331, 0.01310631817046331, 0.01310631817046331, 0.01310631817046331, 0.01310631817046331, 0.01310631817046331, 0.01310631817046331, 0.01310631817046331, 0.01310631817046331, 0.01310631817046331, 0.01310631817046331, 0.01310631817046331, 0.01310631817046331, 0.01310631817046331, 0.01310631817046331, 0.01310631817046331, 0.01310631817046331, 0.01310631817046331, 0.01310631817046331, 0.01310631817046331, 0.01310631817046331, 0.01310631817046331, 0.01310631817046331, 0.01310631817046331, 0.01310631817046331, 0.01310631817046331, 0.01310631817046331, 0.01310631817046331, 0.01310631817046331, 0.01310631817046331, 0.01310631817046331, 0.01310631817046331, 0.01310631817046331, 0.01310631817046331, 0.01310631817046331, 0.01310631817046331, 0.01310631817046331, 0.01310631817046331, 0.01310631817046331, 0.01310631817046331, 0.01310631817046331, 0.01310631817046331, 0.01310631817046331, 0.01310631817046331, 0.01310631817046331, 0.01310631817046331, 0.01310631817046331, 0.01310631817046331, 0.01310631817046331, 0.01310631817046331, 0.01310631817046331, 0.01310631817046331, 0.01310631817046331, 0.01310631817046331, 0.01310631817046331, 0.01310631817046331, 0.01310631817046331, 0.01310631817046331, 0.01310631817046331, 0.01310631817046331, 0.01310631817046331, 0.01310631817046331, 0.01310631817046331, 0.01310631817046331], "tune": [true, false, false, false, false, false, false, false, false, false, false, false, false, false, false, false, false, false, false, false, false, false, false, false, false, false, false, false, false, false, false, false, false, false, false, false, false, false, false, false, false, false, false, false, false, false, false, false, false, false, false, false, false, false, false, false, false, false, false, false, false, false, false, false, false, false, false, false, false, false, false, false, false, false, false, false, false, false, false, false, false, false, false, false, false, false, false, false, false, false, false, false, false, false, false, false, false, false, false, false], "mean_tree_accept": [0.9917164401990975, 0.4141052986771791, 0.9904995108108503, 0.9900991365927143, 0.9761114694135044, 0.9763500541864533, 0.9992648859335467, 0.9901786041517798, 0.9709675933024787, 0.9364177200071644, 0.9981745272122927, 0.9866224023687641, 0.9932707874324348, 0.7392184927189586, 0.9887274810679875, 1.0, 0.9704488159893271, 0.963200969825621, 0.9979540956449252, 0.9970504081417781, 0.9986587660633631, 0.9940283161585058, 0.9908758088378071, 0.9909652841594165, 0.9906613715880755, 0.9996784090579262, 0.9924240415794677, 0.9985928981993656, 0.9986396935013641, 0.9951675531781791, 0.9994832486934337, 0.9855563222112292, 0.9986097499599438, 0.9878803816231387, 0.85220729913935, 0.9942129433767003, 0.9992240042417314, 0.9663286323860159, 0.993375066306536, 0.9859867261135378, 0.9965538517033831, 0.9835923297125819, 0.9794194950308139, 0.9880491819164089, 0.9999788762286124, 0.9969547604920042, 0.6937311662219938, 0.9891384890991375, 0.9450834633298292, 0.9988964577900752, 0.9983758276827364, 0.9628817630736376, 0.963396474867, 0.878229131595697, 0.9736417933229066, 0.9996075892527992, 0.9537501217004056, 0.9959705931633545, 0.9964332063215865, 0.9985198969663592, 0.9944742353021669, 0.9452318708165075, 0.9930112998882394, 0.9953951310975656, 0.9997963579533836, 0.9537944948200547, 0.983296664845954, 0.9325059391783681, 0.9946599087719366, 0.9908496319617446, 0.4580244107840381, 0.9989426246294454, 0.9932724610275409, 0.9940889488956872, 0.9789849459969368, 0.9916687896510761, 0.9980845437919732, 0.9996562277175417, 0.9988511110641112, 0.9896052519555156, 0.9430691417142351, 0.9823132421980869, 0.9997667843820981, 0.9991945742178467, 0.9708438344358968, 0.9980016593191692, 0.9957792500876432, 0.9604846057066504, 0.9553924940975567, 0.9323982634951123, 0.9945488242485149, 0.9110370177913312, 0.9999699334868992, 0.9889597640664275, 0.9886563263275818, 0.9868782453209739, 0.5973039453131741, 0.9956372340332565, 0.997415682979224, 0.9954589024013659], "step_size_bar": [0.014648415028143754, 0.014648415028143754, 0.014648415028143754, 0.014648415028143754, 0.014648415028143754, 0.014648415028143754, 0.014648415028143754, 0.014648415028143754, 0.014648415028143754, 0.014648415028143754, 0.014648415028143754, 0.014648415028143754, 0.014648415028143754, 0.014648415028143754, 0.014648415028143754, 0.014648415028143754, 0.014648415028143754, 0.014648415028143754, 0.014648415028143754, 0.014648415028143754, 0.014648415028143754, 0.014648415028143754, 0.014648415028143754, 0.014648415028143754, 0.014648415028143754, 0.014648415028143754, 0.014648415028143754, 0.014648415028143754, 0.014648415028143754, 0.014648415028143754, 0.014648415028143754, 0.014648415028143754, 0.014648415028143754, 0.014648415028143754, 0.014648415028143754, 0.014648415028143754, 0.014648415028143754, 0.014648415028143754, 0.014648415028143754, 0.014648415028143754, 0.014648415028143754, 0.014648415028143754, 0.014648415028143754, 0.014648415028143754, 0.014648415028143754, 0.014648415028143754, 0.014648415028143754, 0.014648415028143754, 0.014648415028143754, 0.014648415028143754, 0.014648415028143754, 0.014648415028143754, 0.014648415028143754, 0.014648415028143754, 0.014648415028143754, 0.014648415028143754, 0.014648415028143754, 0.014648415028143754, 0.014648415028143754, 0.014648415028143754, 0.014648415028143754, 0.014648415028143754, 0.014648415028143754, 0.014648415028143754, 0.014648415028143754, 0.014648415028143754, 0.014648415028143754, 0.014648415028143754, 0.014648415028143754, 0.014648415028143754, 0.014648415028143754, 0.014648415028143754, 0.014648415028143754, 0.014648415028143754, 0.014648415028143754, 0.014648415028143754, 0.014648415028143754, 0.014648415028143754, 0.014648415028143754, 0.014648415028143754, 0.014648415028143754, 0.014648415028143754, 0.014648415028143754, 0.014648415028143754, 0.014648415028143754, 0.014648415028143754, 0.014648415028143754, 0.014648415028143754, 0.014648415028143754, 0.014648415028143754, 0.014648415028143754, 0.014648415028143754, 0.014648415028143754, 0.014648415028143754, 0.014648415028143754, 0.014648415028143754, 0.014648415028143754, 0.014648415028143754, 0.014648415028143754, 0.014648415028143754],