{"draw_idx": 100, "draws": null, "_stats": [{"depth": [7, 7, 7, 7, 7, 6, 5, 7, 7, 8, 7, 5, 7, 8, 7, 7, 7, 3, 8, 7, 5, 7, 8, 7, 8, 7, 6, 8, 7, 5, 7, 6, 8, 7, 7, 7, 7, 7, 6, 7, 8, 7, 7, 7, 7, 7, 5, 6, 7, 7, 7, 7, 5, 7, 7, 7, 7, 7, 4, 8, 6, 7, 8, 5, 8, 7, 8, 7, 7, 8, 7, 7, 7, 8, 8, 7, 7, 7, 7, 7, 6, 7, 7, 7, 7, 7, 8, 7, 6, 6, 3, 6, 7, 7, 7, 7, 7, 7, 8, 7], "step_size": [0.02556699527579777, 0.02556699527579777, 0.02556699527579777, 0.02556699527579777, 0.02556699527579777, 0.02556699527579777, 0.02556699527579777, 0.02556699527579777, 0.02556699527579777, 0.02556699527579777, 0.02556699527579777, 0.02556699527579777, 0.02556699527579777, 0.02556699527579777, 0.02556699527579777, 0.02556699527579777, 0.02556699527579777, 0.02556699527579777, 0.02556699527579777, 0.02556699527579777, 0.02556699527579777, 0.02556699527579777, 0.02556699527579777, 0.02556699527579777, 0.02556699527579777, 0.02556699527579777, 0.02556699527579777, 0.02556699527579777, 0.02556699527579777, 0.02556699527579777, 0.02556699527579777, 0.02556699527579777, 0.02556699527579777, 0.02556699527579777, 0.02556699527579777, 0.02556699527579777, 0.02556699527579777, 0.02556699527579777, 0.02556699527579777, 0.02556699527579777, 0.02556699527579777, 0.02556699527579777, 0.02556699527579777, 0.02556699527579777, 0.02556699527579777, 0.02556699527579777, 0.02556699527579777, 0.02556699527579777, 0.02556699527579777, 0.02556699527579777, 0.02556699527579777, 0.02556699527579777, 0.02556699527579777, 0.02556699527579777, 0.02556699527579777, 0.02556699527579777, 0.02556699527579777, 0.02556699527579777, 0.02556699527579777, 0.02556699527579777, 0.02556699527579777, 0.02556699527579777, 0.02556699527579777, 0.02556699527579777, 0.02556699527579777, 0.02556699527579777, 0.02556699527579777, 0.02556699527579777, 0.02556699527579777, 0.02556699527579777, 0.02556699527579777, 0.02556699527579777, 0.02556699527579777, 0.02556699527579777, 0.02556699527579777, 0.02556699527579777, 0.02556699527579777, 0.02556699527579777, 0.02556699527579777, 0.02556699527579777, 0.02556699527579777, 0.02556699527579777, 0.02556699527579777, 0.02556699527579777, 0.02556699527579777, 0.02556699527579777, 0.02556699527579777, 0.02556699527579777, 0.02556699527579777, 0.02556699527579777, 0.02556699527579777, 0.02556699527579777, 0.02556699527579777, 0.02556699527579777, 0.02556699527579777, 0.02556699527579777, 0.02556699527579777, 0.02556699527579777, 0.02556699527579777, 0.02556699527579777], "tune": [true, false, false, false, false, false, false, false, false, false, false, false, false, false, false, false, false, false, false, false, false, false, false, false, false, false, false, false, false, false, false, false, false, false, false, false, false, false, false, false, false, false, false, false, false, false, false, false, false, false, false, false, false, false, false, false, false, false, false, false, false, false, false, false, false, false, false, false, false, false, false, false, false, false, false, false, false, false, false, false, false, false, false, false, false, false, false, false, false, false, false, false, false, false, false, false, false, false, false, false], "mean_tree_accept": [0.9236903996640148, 0.9424911447355689, 0.9997579581991349, 0.9598485852684823, 0.9745071295220389, 0.989085350605701, 0.999813429387811, 0.9774711159579857, 0.9093269866247948, 0.9955534026366669, 0.9904927244730042, 0.9994151791856694, 0.9031606611341203, 0.24005620280584405, 0.9830543515883007, 0.850239928694628, 0.34145454464769737, 0.09182925090963438, 0.12714272367486545, 0.3341825899150455, 0.13972741004993505, 0.7113481757108908, 0.06630594259649186, 0.7307768773598805, 0.6410868106088511, 0.8408612271678944, 0.5929605821612355, 0.1647173844609314, 0.2822511628568496, 0.41659930208126117, 0.6619983225129713, 0.99870331411655, 0.5204841975582677, 0.9303771660900082, 0.9954429682174443, 0.9878371048019786, 0.6581432083094096, 0.9951897849678931, 0.9456522412464825, 0.9974811059766915, 0.9979237771365892, 0.9699764130476675, 0.9943985701081427, 0.972917833799217, 0.8882505144407131, 0.9848979219627555, 0.9982777860048234, 0.9661173798013307, 0.9995991325161204, 0.9977832553319472, 0.9767199336646256, 0.986932882647599, 0.9794998272487621, 0.9819055854090725, 0.992920360978292, 0.9861738619216831, 0.5602888119750384, 0.9941777873837813, 0.9815318229129539, 0.9992488077607128, 0.9990451908873135, 0.892029878013145, 0.7491293745841947, 0.3345068544921648, 0.32023623236303667, 0.868881462886414, 0.9924824691437648, 0.6407043697987744, 0.9888929754925214, 0.9972516588907756, 0.9970052617369396, 0.9824831618981, 0.8543095196759525, 0.9397208150263593, 0.9086668951036443, 0.9010567846183115, 0.9408311665602084, 0.8890648096030053, 0.9633864714095811, 0.995874140824717, 0.9836111778390907, 0.6163867945029052, 0.892994079158523, 0.9989129584308047, 0.9992028220390516, 0.9909645395855954, 0.9515099351267624, 0.9994024523243663, 0.9251312206190277, 0.8422195181074701, 0.9961535552513789, 1.0, 0.9836764230151022, 0.9713851578855929, 0.9720595999326731, 0.9803091332471877, 0.9984758853758262, 0.9867904430066762, 0.9935294596574114, 0.9733950994424871], "step_size_bar": [0.017021120336937427, 0.017021120336937427, 0.017021120336937427, 0.017021120336937427, 0.017021120336937427, 0.017021120336937427, 0.017021120336937427, 0.017021120336937427, 0.017021120336937427, 0.017021120336937427, 0.017021120336937427, 0.017021120336937427, 0.017021120336937427, 0.017021120336937427, 0.017021120336937427, 0.017021120336937427, 0.017021120336937427, 0.017021120336937427, 0.017021120336937427, 0.017021120336937427, 0.017021120336937427, 0.017021120336937427, 0.017021120336937427, 0.017021120336937427, 0.017021120336937427, 0.017021120336937427, 0.017021120336937427, 0.017021120336937427, 0.017021120336937427, 0.017021120336937427, 0.017021120336937427, 0.017021120336937427, 0.017021120336937427, 0.017021120336937427, 0.017021120336937427, 0.017021120336937427, 0.017021120336937427, 0.017021120336937427, 0.017021120336937427, 0.017021120336937427, 0.017021120336937427, 0.017021120336937427, 0.017021120336937427, 0.017021120336937427, 0.017021120336937427, 0.017021120336937427, 0.017021120336937427, 0.017021120336937427, 0.017021120336937427, 0.017021120336937427, 0.017021120336937427, 0.017021120336937427, 0.017021120336937427, 0.017021120336937427, 0.017021120336937427, 0.017021120336937427, 0.017021120336937427, 0.017021120336937427, 0.017021120336937427, 0.017021120336937427, 0.017021120336937427, 0.017021120336937427, 0.017021120336937427, 0.017021120336937427, 0.017021120336937427, 0.017021120336937427, 0.017021120336937427, 0.017021120336937427, 0.017021120336937427, 0.017021120336937427, 0.017021120336937427, 0.017021120336937427, 0.017021120336937427, 0.017021120336937427, 0.017021120336937427, 0.017021120336937427, 0.017021120336937427, 0.017021120336937427, 0.017021120336937427, 0.017021120336937427, 0.017021120336937427, 0.017021120336937427, 0.017021120336937427, 0.017021120336937427, 0.017021120336937427, 0.017021120336937427, 0.017021120336937427, 0.017021120336937427, 0.017021120336937427, 0.017021120336937427, 0.017021120336937427, 0.017021120336937427, 0.017021120336937427, 0.017021120336937427, 0.017021120336937427, 0.017021120336937427, 0.017021120336937427, 0.017021120336937427, 0.017021120336937427, 0.017021120336937427],