{"draw_idx": 100, "draws": null, "_stats": [{"depth": [5, 7, 5, 6, 5, 6, 7, 7, 7, 7, 7, 7, 7, 7, 7, 7, 7, 7, 7, 6, 7, 7, 7, 5, 6, 7, 5, 6, 7, 7, 7, 7, 6, 7, 7, 7, 7, 7, 7, 7, 7, 4, 7, 7, 7, 6, 4, 5, 7, 7, 7, 7, 7, 6, 7, 7, 4, 7, 6, 7, 5, 8, 6, 6, 7, 7, 7, 7, 7, 7, 7, 7, 6, 7, 7, 6, 8, 7, 7, 7, 7, 6, 6, 7, 7, 8, 7, 7, 7, 7, 7, 6, 7, 7, 7, 7, 7, 7, 7, 7], "step_size": [0.05836779082836819, 0.05836779082836819, 0.05836779082836819, 0.05836779082836819, 0.05836779082836819, 0.05836779082836819, 0.05836779082836819, 0.05836779082836819, 0.05836779082836819, 0.05836779082836819, 0.05836779082836819, 0.05836779082836819, 0.05836779082836819, 0.05836779082836819, 0.05836779082836819, 0.05836779082836819, 0.05836779082836819, 0.05836779082836819, 0.05836779082836819, 0.05836779082836819, 0.05836779082836819, 0.05836779082836819, 0.05836779082836819, 0.05836779082836819, 0.05836779082836819, 0.05836779082836819, 0.05836779082836819, 0.05836779082836819, 0.05836779082836819, 0.05836779082836819, 0.05836779082836819, 0.05836779082836819, 0.05836779082836819, 0.05836779082836819, 0.05836779082836819, 0.05836779082836819, 0.05836779082836819, 0.05836779082836819, 0.05836779082836819, 0.05836779082836819, 0.05836779082836819, 0.05836779082836819, 0.05836779082836819, 0.05836779082836819, 0.05836779082836819, 0.05836779082836819, 0.05836779082836819, 0.05836779082836819, 0.05836779082836819, 0.05836779082836819, 0.05836779082836819, 0.05836779082836819, 0.05836779082836819, 0.05836779082836819, 0.05836779082836819, 0.05836779082836819, 0.05836779082836819, 0.05836779082836819, 0.05836779082836819, 0.05836779082836819, 0.05836779082836819, 0.05836779082836819, 0.05836779082836819, 0.05836779082836819, 0.05836779082836819, 0.05836779082836819, 0.05836779082836819, 0.05836779082836819, 0.05836779082836819, 0.05836779082836819, 0.05836779082836819, 0.05836779082836819, 0.05836779082836819, 0.05836779082836819, 0.05836779082836819, 0.05836779082836819, 0.05836779082836819, 0.05836779082836819, 0.05836779082836819, 0.05836779082836819, 0.05836779082836819, 0.05836779082836819, 0.05836779082836819, 0.05836779082836819, 0.05836779082836819, 0.05836779082836819, 0.05836779082836819, 0.05836779082836819, 0.05836779082836819, 0.05836779082836819, 0.05836779082836819, 0.05836779082836819, 0.05836779082836819, 0.05836779082836819, 0.05836779082836819, 0.05836779082836819, 0.05836779082836819, 0.05836779082836819, 0.05836779082836819, 0.05836779082836819], "tune": [true, false, false, false, false, false, false, false, false, false, false, false, false, false, false, false, false, false, false, false, false, false, false, false, false, false, false, false, false, false, false, false, false, false, false, false, false, false, false, false, false, false, false, false, false, false, false, false, false, false, false, false, false, false, false, false, false, false, false, false, false, false, false, false, false, false, false, false, false, false, false, false, false, false, false, false, false, false, false, false, false, false, false, false, false, false, false, false, false, false, false, false, false, false, false, false, false, false, false, false], "mean_tree_accept": [0.9725071599454498, 0.99695785943493, 0.9946235679739647, 0.9812955580665111, 0.9978113853682541, 0.9982570923614089, 0.983452971351661, 0.9711093477137281, 0.9957056612688014, 0.9694557382507584, 0.9977352318405839, 0.8159300720544671, 1.0, 0.9982692422015012, 0.889665958403286, 0.7041295312388633, 0.991971342624148, 0.998491481656165, 0.9404073152551831, 0.9908564809484292, 0.9996458342857985, 0.9757371626613722, 0.9993396291938248, 0.9876217985711064, 0.9900326990464087, 0.9802517374892293, 0.9871633172531876, 0.9675545921596922, 0.9965215963959202, 0.996895638607245, 0.9603576221428751, 0.37350972626037354, 0.9972529378296929, 0.9690761053942213, 0.9881069635413031, 0.9961674683317224, 0.9995904471554199, 0.9671085728682445, 0.9985380981488619, 0.9599202955614042, 0.9953811529267365, 0.9897701648155643, 0.9852986963937818, 0.9953085231314708, 0.9971749686917625, 0.9962684295196214, 0.9898149210728711, 0.9990006061495044, 0.997024349656151, 0.9940802344429699, 0.9898204623747028, 0.5516596095002143, 0.9826780407600301, 0.9984805535682527, 0.9311557335422561, 0.44908064911737916, 0.3642297690436758, 0.18275092070473573, 0.6620118402635666, 0.4207799397189703, 0.8338071298113111, 0.9358603670727262, 0.9915017413466121, 0.964234217684427, 0.9969002682413842, 0.9775424435102392, 0.9600414643131104, 0.49690125103403754, 0.6376716187306561, 0.9802305988144451, 0.9958664383041478, 0.9904318475970836, 0.9860741755911057, 0.7687868362419412, 0.9826116462450764, 0.9826920884569202, 0.8791088996993588, 0.7281062796370583, 0.21807464036876006, 0.6216670598783057, 0.9964695557661444, 0.9753861748806097, 0.9978748734195125, 0.9967540499576707, 0.980189461888994, 0.877154869799918, 0.6687298394324817, 0.980776630793995, 0.9756484075954808, 0.9980644110022976, 0.9979008952353642, 0.995947224063962, 0.9473073104345802, 0.9817066035167819, 0.9998089416435696, 0.8319463363496414, 0.9816705418781245, 0.9997543653321251, 0.8264628376578359, 0.597573026044982], "step_size_bar": [0.020100350835124386, 0.020100350835124386, 0.020100350835124386, 0.020100350835124386, 0.020100350835124386, 0.020100350835124386, 0.020100350835124386, 0.020100350835124386, 0.020100350835124386, 0.020100350835124386, 0.020100350835124386, 0.020100350835124386, 0.020100350835124386, 0.020100350835124386, 0.020100350835124386, 0.020100350835124386, 0.020100350835124386, 0.020100350835124386, 0.020100350835124386, 0.020100350835124386, 0.020100350835124386, 0.020100350835124386, 0.020100350835124386, 0.020100350835124386, 0.020100350835124386, 0.020100350835124386, 0.020100350835124386, 0.020100350835124386, 0.020100350835124386, 0.020100350835124386, 0.020100350835124386, 0.020100350835124386, 0.020100350835124386, 0.020100350835124386, 0.020100350835124386, 0.020100350835124386, 0.020100350835124386, 0.020100350835124386, 0.020100350835124386, 0.020100350835124386, 0.020100350835124386, 0.020100350835124386, 0.020100350835124386, 0.020100350835124386, 0.020100350835124386, 0.020100350835124386, 0.020100350835124386, 0.020100350835124386, 0.020100350835124386, 0.020100350835124386, 0.020100350835124386, 0.020100350835124386, 0.020100350835124386, 0.020100350835124386, 0.020100350835124386, 0.020100350835124386, 0.020100350835124386, 0.020100350835124386, 0.020100350835124386, 0.020100350835124386, 0.020100350835124386, 0.020100350835124386, 0.020100350835124386, 0.020100350835124386, 0.020100350835124386, 0.020100350835124386, 0.020100350835124386, 0.020100350835124386, 0.020100350835124386, 0.020100350835124386, 0.020100350835124386, 0.020100350835124386, 0.020100350835124386, 0.020100350835124386, 0.020100350835124386, 0.020100350835124386, 0.020100350835124386, 0.020100350835124386, 0.020100350835124386, 0.020100350835124386, 0.020100350835124386, 0.020100350835124386, 0.020100350835124386, 0.020100350835124386, 0.020100350835124386, 0.020100350835124386, 0.020100350835124386, 0.020100350835124386, 0.020100350835124386, 0.020100350835124386, 0.020100350835124386, 0.020100350835124386, 0.020100350835124386, 0.020100350835124386, 0.020100350835124386, 0.020100350835124386, 0.020100350835124386, 0.020100350835124386, 0.020100350835124386, 0.020100350835124386],