{"draw_idx": 100, "draws": null, "_stats": [{"depth": [8, 7, 8, 7, 8, 8, 8, 6, 7, 8, 7, 7, 7, 8, 8, 5, 8, 8, 8, 8, 8, 4, 8, 8, 8, 4, 7, 8, 8, 8, 8, 7, 5, 8, 3, 3, 5, 3, 4, 5, 7, 7, 7, 8, 7, 8, 7, 7, 3, 7, 6, 8, 4, 7, 5, 6, 7, 7, 7, 5, 8, 2, 7, 7, 7, 4, 4, 5, 8, 8, 7, 6, 8, 5, 8, 7, 6, 8, 7, 6, 8, 8, 6, 8, 8, 8, 8, 8, 7, 7, 8, 8, 8, 8, 8, 8, 3, 7, 6, 8], "step_size": [0.021236495336287436, 0.021236495336287436, 0.021236495336287436, 0.021236495336287436, 0.021236495336287436, 0.021236495336287436, 0.021236495336287436, 0.021236495336287436, 0.021236495336287436, 0.021236495336287436, 0.021236495336287436, 0.021236495336287436, 0.021236495336287436, 0.021236495336287436, 0.021236495336287436, 0.021236495336287436, 0.021236495336287436, 0.021236495336287436, 0.021236495336287436, 0.021236495336287436, 0.021236495336287436, 0.021236495336287436, 0.021236495336287436, 0.021236495336287436, 0.021236495336287436, 0.021236495336287436, 0.021236495336287436, 0.021236495336287436, 0.021236495336287436, 0.021236495336287436, 0.021236495336287436, 0.021236495336287436, 0.021236495336287436, 0.021236495336287436, 0.021236495336287436, 0.021236495336287436, 0.021236495336287436, 0.021236495336287436, 0.021236495336287436, 0.021236495336287436, 0.021236495336287436, 0.021236495336287436, 0.021236495336287436, 0.021236495336287436, 0.021236495336287436, 0.021236495336287436, 0.021236495336287436, 0.021236495336287436, 0.021236495336287436, 0.021236495336287436, 0.021236495336287436, 0.021236495336287436, 0.021236495336287436, 0.021236495336287436, 0.021236495336287436, 0.021236495336287436, 0.021236495336287436, 0.021236495336287436, 0.021236495336287436, 0.021236495336287436, 0.021236495336287436, 0.021236495336287436, 0.021236495336287436, 0.021236495336287436, 0.021236495336287436, 0.021236495336287436, 0.021236495336287436, 0.021236495336287436, 0.021236495336287436, 0.021236495336287436, 0.021236495336287436, 0.021236495336287436, 0.021236495336287436, 0.021236495336287436, 0.021236495336287436, 0.021236495336287436, 0.021236495336287436, 0.021236495336287436, 0.021236495336287436, 0.021236495336287436, 0.021236495336287436, 0.021236495336287436, 0.021236495336287436, 0.021236495336287436, 0.021236495336287436, 0.021236495336287436, 0.021236495336287436, 0.021236495336287436, 0.021236495336287436, 0.021236495336287436, 0.021236495336287436, 0.021236495336287436, 0.021236495336287436, 0.021236495336287436, 0.021236495336287436, 0.021236495336287436, 0.021236495336287436, 0.021236495336287436, 0.021236495336287436, 0.021236495336287436], "tune": [true, false, false, false, false, false, false, false, false, false, false, false, false, false, false, false, false, false, false, false, false, false, false, false, false, false, false, false, false, false, false, false, false, false, false, false, false, false, false, false, false, false, false, false, false, false, false, false, false, false, false, false, false, false, false, false, false, false, false, false, false, false, false, false, false, false, false, false, false, false, false, false, false, false, false, false, false, false, false, false, false, false, false, false, false, false, false, false, false, false, false, false, false, false, false, false, false, false, false, false], "mean_tree_accept": [0.9808947696344569, 0.9996832148407917, 0.978974909687964, 0.9993109625881827, 0.9989160695210554, 0.9201808821901487, 0.9659634560185382, 0.9818991594686809, 0.9968017398865672, 0.9997280252832031, 0.9999092621806781, 0.99910260303193, 0.9960360099159804, 0.9996896869619853, 0.9945000753290301, 0.9985742386372245, 0.9366732512247529, 0.9911085740947381, 0.9947833258003521, 0.6138918326611886, 0.9993821541043851, 0.9105434539153503, 0.998417289211085, 0.9738545290011927, 0.9946827958781522, 0.9992022034311205, 0.9979467882127618, 0.9990598501601079, 0.9980630196827178, 0.9996298335028844, 0.9905995891345001, 0.6734444933620343, 0.291231887536362, 0.0471031129040261, 0.15688366645330754, 0.6177735593814405, 0.3903980569108629, 0.29880246987403813, 0.3528382598874031, 0.3622097463515388, 0.4670780131996714, 0.5212583833118191, 0.6974515679400686, 0.6658480751341298, 0.7071499495040774, 0.35706968173001974, 0.40543797554235045, 0.012901960870241794, 0.07474833885982465, 0.04617267830623294, 0.1265503260256162, 0.11302782944453711, 0.2007912301535565, 0.032964493406867204, 0.16350122211331342, 0.778783272687446, 0.1799661287270141, 0.9689291501352292, 0.7704785949469425, 0.03798301258991722, 0.09124116509351923, 0.33479389774383383, 0.15346578137120917, 0.2566054477746307, 0.004902446405742788, 0.11541250718315986, 0.11732430538514031, 0.14427756545964088, 0.3719080692554599, 0.6329281429463768, 0.6837978097337911, 0.9567952832286398, 0.13832560696935298, 0.29080161453853387, 0.5910827746752194, 0.9991398630164116, 0.9728274151260163, 0.9981764621637711, 0.9990565857664435, 0.999934992969241, 0.8495551423490209, 0.9883750165455937, 0.9948491196096698, 0.9949008978387163, 0.8510772915944819, 0.9890677088992925, 0.9960853534452417, 0.9999531889261518, 0.9933701113809317, 0.9838145903145601, 0.9992163673534545, 0.9798850266411738, 0.9827904823567605, 0.9986743286367905, 0.9574325358803052, 0.9945674465265306, 0.9286332431182905, 0.99975922526038, 0.9913936814854454, 0.9998493804306476], "step_size_bar": [0.011400320752653915, 0.011400320752653915, 0.011400320752653915, 0.011400320752653915, 0.011400320752653915, 0.011400320752653915, 0.011400320752653915, 0.011400320752653915, 0.011400320752653915, 0.011400320752653915, 0.011400320752653915, 0.011400320752653915, 0.011400320752653915, 0.011400320752653915, 0.011400320752653915, 0.011400320752653915, 0.011400320752653915, 0.011400320752653915, 0.011400320752653915, 0.011400320752653915, 0.011400320752653915, 0.011400320752653915, 0.011400320752653915, 0.011400320752653915, 0.011400320752653915, 0.011400320752653915, 0.011400320752653915, 0.011400320752653915, 0.011400320752653915, 0.011400320752653915, 0.011400320752653915, 0.011400320752653915, 0.011400320752653915, 0.011400320752653915, 0.011400320752653915, 0.011400320752653915, 0.011400320752653915, 0.011400320752653915, 0.011400320752653915, 0.011400320752653915, 0.011400320752653915, 0.011400320752653915, 0.011400320752653915, 0.011400320752653915, 0.011400320752653915, 0.011400320752653915, 0.011400320752653915, 0.011400320752653915, 0.011400320752653915, 0.011400320752653915, 0.011400320752653915, 0.011400320752653915, 0.011400320752653915, 0.011400320752653915, 0.011400320752653915, 0.011400320752653915, 0.011400320752653915, 0.011400320752653915, 0.011400320752653915, 0.011400320752653915, 0.011400320752653915, 0.011400320752653915, 0.011400320752653915, 0.011400320752653915, 0.011400320752653915, 0.011400320752653915, 0.011400320752653915, 0.011400320752653915, 0.011400320752653915, 0.011400320752653915, 0.011400320752653915, 0.011400320752653915, 0.011400320752653915, 0.011400320752653915, 0.011400320752653915, 0.011400320752653915, 0.011400320752653915, 0.011400320752653915, 0.011400320752653915, 0.011400320752653915, 0.011400320752653915, 0.011400320752653915, 0.011400320752653915, 0.011400320752653915, 0.011400320752653915, 0.011400320752653915, 0.011400320752653915, 0.011400320752653915, 0.011400320752653915, 0.011400320752653915, 0.011400320752653915, 0.011400320752653915, 0.011400320752653915, 0.011400320752653915, 0.011400320752653915, 0.011400320752653915, 0.011400320752653915, 0.011400320752653915, 0.011400320752653915, 0.011400320752653915],