{"draw_idx": 100, "draws": null, "_stats": [{"depth": [7, 8, 8, 7, 8, 8, 7, 8, 7, 7, 7, 7, 7, 7, 6, 8, 7, 8, 7, 7, 6, 6, 8, 6, 3, 6, 8, 8, 7, 3, 7, 8, 7, 8, 7, 8, 7, 7, 9, 7, 8, 7, 7, 8, 7, 7, 8, 8, 8, 8, 8, 8, 8, 8, 8, 7, 8, 8, 8, 7, 8, 7, 8, 7, 8, 7, 7, 8, 8, 7, 5, 5, 7, 7, 8, 8, 7, 8, 8, 8, 7, 8, 7, 7, 8, 7, 8, 4, 6, 8, 8, 4, 6, 5, 6, 8, 7, 8, 7, 7], "step_size": [0.03559194030452759, 0.03559194030452759, 0.03559194030452759, 0.03559194030452759, 0.03559194030452759, 0.03559194030452759, 0.03559194030452759, 0.03559194030452759, 0.03559194030452759, 0.03559194030452759, 0.03559194030452759, 0.03559194030452759, 0.03559194030452759, 0.03559194030452759, 0.03559194030452759, 0.03559194030452759, 0.03559194030452759, 0.03559194030452759, 0.03559194030452759, 0.03559194030452759, 0.03559194030452759, 0.03559194030452759, 0.03559194030452759, 0.03559194030452759, 0.03559194030452759, 0.03559194030452759, 0.03559194030452759, 0.03559194030452759, 0.03559194030452759, 0.03559194030452759, 0.03559194030452759, 0.03559194030452759, 0.03559194030452759, 0.03559194030452759, 0.03559194030452759, 0.03559194030452759, 0.03559194030452759, 0.03559194030452759, 0.03559194030452759, 0.03559194030452759, 0.03559194030452759, 0.03559194030452759, 0.03559194030452759, 0.03559194030452759, 0.03559194030452759, 0.03559194030452759, 0.03559194030452759, 0.03559194030452759, 0.03559194030452759, 0.03559194030452759, 0.03559194030452759, 0.03559194030452759, 0.03559194030452759, 0.03559194030452759, 0.03559194030452759, 0.03559194030452759, 0.03559194030452759, 0.03559194030452759, 0.03559194030452759, 0.03559194030452759, 0.03559194030452759, 0.03559194030452759, 0.03559194030452759, 0.03559194030452759, 0.03559194030452759, 0.03559194030452759, 0.03559194030452759, 0.03559194030452759, 0.03559194030452759, 0.03559194030452759, 0.03559194030452759, 0.03559194030452759, 0.03559194030452759, 0.03559194030452759, 0.03559194030452759, 0.03559194030452759, 0.03559194030452759, 0.03559194030452759, 0.03559194030452759, 0.03559194030452759, 0.03559194030452759, 0.03559194030452759, 0.03559194030452759, 0.03559194030452759, 0.03559194030452759, 0.03559194030452759, 0.03559194030452759, 0.03559194030452759, 0.03559194030452759, 0.03559194030452759, 0.03559194030452759, 0.03559194030452759, 0.03559194030452759, 0.03559194030452759, 0.03559194030452759, 0.03559194030452759, 0.03559194030452759, 0.03559194030452759, 0.03559194030452759, 0.03559194030452759], "tune": [true, false, false, false, false, false, false, false, false, false, false, false, false, false, false, false, false, false, false, false, false, false, false, false, false, false, false, false, false, false, false, false, false, false, false, false, false, false, false, false, false, false, false, false, false, false, false, false, false, false, false, false, false, false, false, false, false, false, false, false, false, false, false, false, false, false, false, false, false, false, false, false, false, false, false, false, false, false, false, false, false, false, false, false, false, false, false, false, false, false, false, false, false, false, false, false, false, false, false, false], "mean_tree_accept": [0.9640848549900302, 0.9866162004543098, 0.8678376737984205, 0.9933170077129972, 0.9968313264007822, 0.08051863630048081, 0.9724899607920504, 0.9983018802329187, 0.93415583227756, 0.9499279293453227, 0.9925846117923002, 0.9917774083703292, 0.9999430177416193, 0.9998041616847244, 0.9945818169584539, 0.9552379548174105, 0.9986916309049034, 0.9854444901788422, 0.9707590238485447, 0.9997033230457828, 0.9997944103561195, 0.9999186431796123, 0.8954231714762257, 0.8231656260892953, 0.3962465036389417, 0.4166182091028172, 0.18703073047523897, 0.9590929352104131, 0.9977014856171196, 0.5342669141922912, 0.9992588522436286, 0.9965824710398679, 0.9950806568816638, 0.9967078681048502, 0.999494677095819, 0.9607774579619264, 0.9931674781045738, 0.9482110571115817, 0.9965506525321683, 0.9996624379567771, 0.3679367998559532, 0.913962102632265, 0.995113537864683, 0.96589911254934, 0.8860594789065033, 0.8087385889284069, 0.9793902499830431, 0.5492840521417085, 0.9990532174606733, 0.9777429635926476, 0.9956747766751304, 0.9781888438508657, 0.9999560600611099, 0.9453871911799893, 0.99770002746677, 0.9435112193241109, 0.9450593082478798, 0.9909531903451064, 0.998619994333047, 0.9953622349334761, 0.9833986445705297, 0.9756527171443149, 0.1642783158467349, 0.9996416206597348, 0.9952156104605164, 0.9901448078366615, 0.9994765882331089, 0.9863958112086905, 0.9993491444353453, 0.9309230103388219, 0.9930121765501447, 0.9979736673943443, 0.9718223838992023, 0.9363445911173843, 0.9935368124238987, 0.9940295062628517, 0.9855075195554415, 0.9964885136756589, 0.998590720919075, 0.8297171699681974, 0.9805840650207854, 0.9882007671986054, 0.9966713837517741, 0.9811312905815647, 0.9891339529194844, 0.7278081328733775, 0.9921839781704656, 0.9867722517347348, 0.9976555972650107, 0.9926981528899186, 0.934439140320009, 0.9818487069449732, 0.9965636827711034, 0.9996192838703033, 0.9980407345255773, 0.97745912022598, 0.9516454076406846, 0.998426535408713, 0.9997917136635842, 0.9951095211549875], "step_size_bar": [0.01393477227535202, 0.01393477227535202, 0.01393477227535202, 0.01393477227535202, 0.01393477227535202, 0.01393477227535202, 0.01393477227535202, 0.01393477227535202, 0.01393477227535202, 0.01393477227535202, 0.01393477227535202, 0.01393477227535202, 0.01393477227535202, 0.01393477227535202, 0.01393477227535202, 0.01393477227535202, 0.01393477227535202, 0.01393477227535202, 0.01393477227535202, 0.01393477227535202, 0.01393477227535202, 0.01393477227535202, 0.01393477227535202, 0.01393477227535202, 0.01393477227535202, 0.01393477227535202, 0.01393477227535202, 0.01393477227535202, 0.01393477227535202, 0.01393477227535202, 0.01393477227535202, 0.01393477227535202, 0.01393477227535202, 0.01393477227535202, 0.01393477227535202, 0.01393477227535202, 0.01393477227535202, 0.01393477227535202, 0.01393477227535202, 0.01393477227535202, 0.01393477227535202, 0.01393477227535202, 0.01393477227535202, 0.01393477227535202, 0.01393477227535202, 0.01393477227535202, 0.01393477227535202, 0.01393477227535202, 0.01393477227535202, 0.01393477227535202, 0.01393477227535202, 0.01393477227535202, 0.01393477227535202, 0.01393477227535202, 0.01393477227535202, 0.01393477227535202, 0.01393477227535202, 0.01393477227535202, 0.01393477227535202, 0.01393477227535202, 0.01393477227535202, 0.01393477227535202, 0.01393477227535202, 0.01393477227535202, 0.01393477227535202, 0.01393477227535202, 0.01393477227535202, 0.01393477227535202, 0.01393477227535202, 0.01393477227535202, 0.01393477227535202, 0.01393477227535202, 0.01393477227535202, 0.01393477227535202, 0.01393477227535202, 0.01393477227535202, 0.01393477227535202, 0.01393477227535202, 0.01393477227535202, 0.01393477227535202, 0.01393477227535202, 0.01393477227535202, 0.01393477227535202, 0.01393477227535202, 0.01393477227535202, 0.01393477227535202, 0.01393477227535202, 0.01393477227535202, 0.01393477227535202, 0.01393477227535202, 0.01393477227535202, 0.01393477227535202, 0.01393477227535202, 0.01393477227535202, 0.01393477227535202, 0.01393477227535202, 0.01393477227535202, 0.01393477227535202, 0.01393477227535202, 0.01393477227535202],