{"draw_idx": 100, "draws": null, "_stats": [{"depth": [8, 8, 8, 7, 6, 7, 7, 7, 7, 8, 6, 7, 5, 8, 3, 7, 6, 5, 6, 4, 7, 8, 8, 7, 7, 7, 8, 7, 8, 5, 7, 8, 7, 6, 8, 8, 7, 6, 7, 4, 5, 8, 4, 7, 7, 8, 7, 8, 7, 4, 8, 4, 8, 8, 8, 6, 7, 7, 8, 7, 8, 6, 8, 7, 8, 7, 7, 8, 8, 7, 8, 8, 8, 7, 7, 8, 8, 6, 7, 8, 8, 7, 8, 7, 4, 5, 7, 7, 5, 5, 8, 7, 6, 7, 7, 6, 5, 6, 7, 7], "step_size": [0.010783024602935135, 0.010783024602935135, 0.010783024602935135, 0.010783024602935135, 0.010783024602935135, 0.010783024602935135, 0.010783024602935135, 0.010783024602935135, 0.010783024602935135, 0.010783024602935135, 0.010783024602935135, 0.010783024602935135, 0.010783024602935135, 0.010783024602935135, 0.010783024602935135, 0.010783024602935135, 0.010783024602935135, 0.010783024602935135, 0.010783024602935135, 0.010783024602935135, 0.010783024602935135, 0.010783024602935135, 0.010783024602935135, 0.010783024602935135, 0.010783024602935135, 0.010783024602935135, 0.010783024602935135, 0.010783024602935135, 0.010783024602935135, 0.010783024602935135, 0.010783024602935135, 0.010783024602935135, 0.010783024602935135, 0.010783024602935135, 0.010783024602935135, 0.010783024602935135, 0.010783024602935135, 0.010783024602935135, 0.010783024602935135, 0.010783024602935135, 0.010783024602935135, 0.010783024602935135, 0.010783024602935135, 0.010783024602935135, 0.010783024602935135, 0.010783024602935135, 0.010783024602935135, 0.010783024602935135, 0.010783024602935135, 0.010783024602935135, 0.010783024602935135, 0.010783024602935135, 0.010783024602935135, 0.010783024602935135, 0.010783024602935135, 0.010783024602935135, 0.010783024602935135, 0.010783024602935135, 0.010783024602935135, 0.010783024602935135, 0.010783024602935135, 0.010783024602935135, 0.010783024602935135, 0.010783024602935135, 0.010783024602935135, 0.010783024602935135, 0.010783024602935135, 0.010783024602935135, 0.010783024602935135, 0.010783024602935135, 0.010783024602935135, 0.010783024602935135, 0.010783024602935135, 0.010783024602935135, 0.010783024602935135, 0.010783024602935135, 0.010783024602935135, 0.010783024602935135, 0.010783024602935135, 0.010783024602935135, 0.010783024602935135, 0.010783024602935135, 0.010783024602935135, 0.010783024602935135, 0.010783024602935135, 0.010783024602935135, 0.010783024602935135, 0.010783024602935135, 0.010783024602935135, 0.010783024602935135, 0.010783024602935135, 0.010783024602935135, 0.010783024602935135, 0.010783024602935135, 0.010783024602935135, 0.010783024602935135, 0.010783024602935135, 0.010783024602935135, 0.010783024602935135, 0.010783024602935135], "tune": [true, false, false, false, false, false, false, false, false, false, false, false, false, false, false, false, false, false, false, false, false, false, false, false, false, false, false, false, false, false, false, false, false, false, false, false, false, false, false, false, false, false, false, false, false, false, false, false, false, false, false, false, false, false, false, false, false, false, false, false, false, false, false, false, false, false, false, false, false, false, false, false, false, false, false, false, false, false, false, false, false, false, false, false, false, false, false, false, false, false, false, false, false, false, false, false, false, false, false, false], "mean_tree_accept": [0.9929074800302808, 0.9751257032408054, 0.9617996170430396, 0.8953304133181709, 0.9994572070501851, 0.9998550888257837, 0.989118520019752, 0.9825973755148074, 0.9614434903075079, 0.9671189910002855, 1.0, 0.999220627180493, 0.9749986352244924, 0.986927947602423, 0.9948075002136089, 0.9798530617089554, 0.9138179103551796, 0.9982272408017018, 0.9874808605483257, 1.0, 0.9904717172753175, 0.9606173559808061, 0.9960148510398881, 0.94960809138568, 0.9974764821767566, 0.9991002128041602, 0.996654444567133, 0.9880266669564074, 0.932459111386845, 0.9999850997052353, 0.9976629349895737, 0.9947609325189769, 0.9986066904293526, 0.9998148064456321, 0.9377896513929102, 0.9996331343230801, 0.9870908293090049, 0.9974822306502554, 0.9832627066447074, 0.9974218560404979, 0.9999922602233967, 0.9977981163019755, 0.9513387632492533, 0.8505746627992498, 0.9753678652398511, 0.9982098771374418, 0.9987776826457688, 0.7124123628201154, 0.05724342784737765, 0.34988779653580804, 0.8564651731692562, 0.4166267299138013, 0.9813701903323284, 0.5785643493848259, 0.9635366438852117, 0.9703190228558012, 0.9993977939467328, 0.9743165192981613, 0.998847517191415, 0.9994998416263244, 0.7800302953850197, 0.8420942270035917, 0.9894544971168048, 0.9999422496239002, 0.8866066698699835, 0.680171286324771, 0.6626878815178545, 0.9809919544362995, 0.852716575263315, 0.9852155562332846, 0.9309861126355574, 0.9999508452907286, 0.972792315936064, 0.9889957253430003, 0.9999952275543845, 0.9983179591702458, 0.9872169136506972, 0.9998690046581172, 0.9933370595955, 0.9931297006897729, 0.9915230852762639, 0.9879010254501176, 0.9425833488130498, 0.998235310500217, 0.997827683226611, 0.9696655318077076, 0.9974713865549297, 0.9770288673926922, 0.9765321624206939, 0.9897684887604549, 0.9211687384715159, 0.9975907106182317, 0.9988904665407042, 0.9661360729550326, 0.904187611332449, 0.9992527793884585, 0.993651086259923, 0.9915371265139098, 0.999198247614243, 0.9705961452917672], "step_size_bar": [0.013967842878933127, 0.013967842878933127, 0.013967842878933127, 0.013967842878933127, 0.013967842878933127, 0.013967842878933127, 0.013967842878933127, 0.013967842878933127, 0.013967842878933127, 0.013967842878933127, 0.013967842878933127, 0.013967842878933127, 0.013967842878933127, 0.013967842878933127, 0.013967842878933127, 0.013967842878933127, 0.013967842878933127, 0.013967842878933127, 0.013967842878933127, 0.013967842878933127, 0.013967842878933127, 0.013967842878933127, 0.013967842878933127, 0.013967842878933127, 0.013967842878933127, 0.013967842878933127, 0.013967842878933127, 0.013967842878933127, 0.013967842878933127, 0.013967842878933127, 0.013967842878933127, 0.013967842878933127, 0.013967842878933127, 0.013967842878933127, 0.013967842878933127, 0.013967842878933127, 0.013967842878933127, 0.013967842878933127, 0.013967842878933127, 0.013967842878933127, 0.013967842878933127, 0.013967842878933127, 0.013967842878933127, 0.013967842878933127, 0.013967842878933127, 0.013967842878933127, 0.013967842878933127, 0.013967842878933127, 0.013967842878933127, 0.013967842878933127, 0.013967842878933127, 0.013967842878933127, 0.013967842878933127, 0.013967842878933127, 0.013967842878933127, 0.013967842878933127, 0.013967842878933127, 0.013967842878933127, 0.013967842878933127, 0.013967842878933127, 0.013967842878933127, 0.013967842878933127, 0.013967842878933127, 0.013967842878933127, 0.013967842878933127, 0.013967842878933127, 0.013967842878933127, 0.013967842878933127, 0.013967842878933127, 0.013967842878933127, 0.013967842878933127, 0.013967842878933127, 0.013967842878933127, 0.013967842878933127, 0.013967842878933127, 0.013967842878933127, 0.013967842878933127, 0.013967842878933127, 0.013967842878933127, 0.013967842878933127, 0.013967842878933127, 0.013967842878933127, 0.013967842878933127, 0.013967842878933127, 0.013967842878933127, 0.013967842878933127, 0.013967842878933127, 0.013967842878933127, 0.013967842878933127, 0.013967842878933127, 0.013967842878933127, 0.013967842878933127, 0.013967842878933127, 0.013967842878933127, 0.013967842878933127, 0.013967842878933127, 0.013967842878933127, 0.013967842878933127, 0.013967842878933127, 0.013967842878933127],