{"draw_idx": 100, "draws": null, "_stats": [{"depth": [8, 5, 6, 7, 8, 7, 7, 8, 8, 7, 7, 8, 7, 8, 4, 8, 7, 7, 7, 8, 8, 8, 7, 8, 8, 7, 7, 8, 6, 7, 7, 8, 8, 7, 8, 8, 7, 8, 8, 7, 6, 7, 8, 8, 7, 8, 5, 8, 8, 7, 7, 8, 8, 8, 8, 8, 7, 4, 4, 7, 8, 7, 8, 6, 7, 8, 8, 8, 8, 8, 7, 8, 8, 8, 8, 7, 8, 4, 5, 7, 7, 7, 8, 8, 8, 5, 8, 5, 6, 8, 5, 8, 7, 7, 4, 7, 7, 7, 8, 8], "step_size": [0.007923926350918176, 0.007923926350918176, 0.007923926350918176, 0.007923926350918176, 0.007923926350918176, 0.007923926350918176, 0.007923926350918176, 0.007923926350918176, 0.007923926350918176, 0.007923926350918176, 0.007923926350918176, 0.007923926350918176, 0.007923926350918176, 0.007923926350918176, 0.007923926350918176, 0.007923926350918176, 0.007923926350918176, 0.007923926350918176, 0.007923926350918176, 0.007923926350918176, 0.007923926350918176, 0.007923926350918176, 0.007923926350918176, 0.007923926350918176, 0.007923926350918176, 0.007923926350918176, 0.007923926350918176, 0.007923926350918176, 0.007923926350918176, 0.007923926350918176, 0.007923926350918176, 0.007923926350918176, 0.007923926350918176, 0.007923926350918176, 0.007923926350918176, 0.007923926350918176, 0.007923926350918176, 0.007923926350918176, 0.007923926350918176, 0.007923926350918176, 0.007923926350918176, 0.007923926350918176, 0.007923926350918176, 0.007923926350918176, 0.007923926350918176, 0.007923926350918176, 0.007923926350918176, 0.007923926350918176, 0.007923926350918176, 0.007923926350918176, 0.007923926350918176, 0.007923926350918176, 0.007923926350918176, 0.007923926350918176, 0.007923926350918176, 0.007923926350918176, 0.007923926350918176, 0.007923926350918176, 0.007923926350918176, 0.007923926350918176, 0.007923926350918176, 0.007923926350918176, 0.007923926350918176, 0.007923926350918176, 0.007923926350918176, 0.007923926350918176, 0.007923926350918176, 0.007923926350918176, 0.007923926350918176, 0.007923926350918176, 0.007923926350918176, 0.007923926350918176, 0.007923926350918176, 0.007923926350918176, 0.007923926350918176, 0.007923926350918176, 0.007923926350918176, 0.007923926350918176, 0.007923926350918176, 0.007923926350918176, 0.007923926350918176, 0.007923926350918176, 0.007923926350918176, 0.007923926350918176, 0.007923926350918176, 0.007923926350918176, 0.007923926350918176, 0.007923926350918176, 0.007923926350918176, 0.007923926350918176, 0.007923926350918176, 0.007923926350918176, 0.007923926350918176, 0.007923926350918176, 0.007923926350918176, 0.007923926350918176, 0.007923926350918176, 0.007923926350918176, 0.007923926350918176, 0.007923926350918176], "tune": [true, false, false, false, false, false, false, false, false, false, false, false, false, false, false, false, false, false, false, false, false, false, false, false, false, false, false, false, false, false, false, false, false, false, false, false, false, false, false, false, false, false, false, false, false, false, false, false, false, false, false, false, false, false, false, false, false, false, false, false, false, false, false, false, false, false, false, false, false, false, false, false, false, false, false, false, false, false, false, false, false, false, false, false, false, false, false, false, false, false, false, false, false, false, false, false, false, false, false, false], "mean_tree_accept": [0.998037789590698, 0.13123426401993896, 0.49390650940604724, 0.7601278864709277, 0.8171236581313636, 0.9864131379736949, 0.966773430351966, 0.9235537666571255, 0.9963534105767987, 0.998068727874763, 0.995810735683718, 0.9999961145986114, 0.9995640257753137, 0.3702588448969075, 0.8389133358931367, 1.0, 0.8136427275323486, 0.998332658130935, 0.9902162522310125, 0.9921122200465905, 0.9990649517097192, 0.9944143026331589, 0.990959275019842, 0.945787333408999, 0.4869822526476389, 0.9854790457351995, 0.9595744862419366, 0.9935271133160024, 0.9999631945161169, 0.9838085358920602, 0.9824036130522993, 0.9992654043604552, 0.9920727826861802, 0.9597377458130396, 0.9199187671414945, 0.9998835157108046, 0.9998577947620105, 0.7231970641782417, 0.9770344550227483, 0.996515246749478, 0.9486461968198918, 0.6180985224792854, 0.9979103746647154, 0.9999221578709168, 0.9990900797189384, 0.9743936548198067, 0.9996748704330504, 0.9744479524009089, 0.9854927635782648, 0.9993268614390954, 0.9999367920757951, 0.990896640639564, 0.9948238326065051, 0.998096712411344, 0.6038732802129875, 0.9717425475208944, 0.9843047663861153, 0.9948168031454367, 0.9869767847192511, 0.9648703864657054, 0.9882317868774043, 0.9715377167356555, 0.736493420489295, 0.5024373098468476, 0.8698855814111581, 0.8860976454229708, 0.983932104877241, 0.9962920849834622, 0.9995112177802793, 0.9937985568924022, 0.9793312684680465, 0.838219625693497, 0.937303612884994, 0.30924173465521354, 0.7443671208879519, 0.9592191921056754, 0.994052590641591, 0.9507284407279549, 0.9909347842476868, 0.9966234581240996, 0.9923500785098608, 0.9975988851323266, 0.3213439152755161, 0.7890228131920712, 0.8552709885858613, 0.9807356498062229, 0.7296948342674164, 0.24166249595672798, 0.8891452049881008, 0.6391511043423703, 0.05422705352309067, 0.43105167906223285, 0.831629912518393, 0.8998845276717088, 0.9901877531656916, 0.9998902067846738, 0.6532853788977416, 0.5166044123614281, 0.10477082473715171, 0.8233484603329677], "step_size_bar": [0.01549596228219048, 0.01549596228219048, 0.01549596228219048, 0.01549596228219048, 0.01549596228219048, 0.01549596228219048, 0.01549596228219048, 0.01549596228219048, 0.01549596228219048, 0.01549596228219048, 0.01549596228219048, 0.01549596228219048, 0.01549596228219048, 0.01549596228219048, 0.01549596228219048, 0.01549596228219048, 0.01549596228219048, 0.01549596228219048, 0.01549596228219048, 0.01549596228219048, 0.01549596228219048, 0.01549596228219048, 0.01549596228219048, 0.01549596228219048, 0.01549596228219048, 0.01549596228219048, 0.01549596228219048, 0.01549596228219048, 0.01549596228219048, 0.01549596228219048, 0.01549596228219048, 0.01549596228219048, 0.01549596228219048, 0.01549596228219048, 0.01549596228219048, 0.01549596228219048, 0.01549596228219048, 0.01549596228219048, 0.01549596228219048, 0.01549596228219048, 0.01549596228219048, 0.01549596228219048, 0.01549596228219048, 0.01549596228219048, 0.01549596228219048, 0.01549596228219048, 0.01549596228219048, 0.01549596228219048, 0.01549596228219048, 0.01549596228219048, 0.01549596228219048, 0.01549596228219048, 0.01549596228219048, 0.01549596228219048, 0.01549596228219048, 0.01549596228219048, 0.01549596228219048, 0.01549596228219048, 0.01549596228219048, 0.01549596228219048, 0.01549596228219048, 0.01549596228219048, 0.01549596228219048, 0.01549596228219048, 0.01549596228219048, 0.01549596228219048, 0.01549596228219048, 0.01549596228219048, 0.01549596228219048, 0.01549596228219048, 0.01549596228219048, 0.01549596228219048, 0.01549596228219048, 0.01549596228219048, 0.01549596228219048, 0.01549596228219048, 0.01549596228219048, 0.01549596228219048, 0.01549596228219048, 0.01549596228219048, 0.01549596228219048, 0.01549596228219048, 0.01549596228219048, 0.01549596228219048, 0.01549596228219048, 0.01549596228219048, 0.01549596228219048, 0.01549596228219048, 0.01549596228219048, 0.01549596228219048, 0.01549596228219048, 0.01549596228219048, 0.01549596228219048, 0.01549596228219048, 0.01549596228219048, 0.01549596228219048, 0.01549596228219048, 0.01549596228219048, 0.01549596228219048, 0.01549596228219048],