{"draw_idx": 100, "draws": null, "_stats": [{"depth": [8, 8, 7, 8, 9, 8, 8, 6, 8, 8, 8, 8, 7, 8, 8, 8, 9, 9, 8, 8, 8, 8, 9, 7, 8, 9, 8, 8, 8, 9, 8, 9, 8, 8, 8, 4, 8, 9, 8, 9, 8, 3, 8, 9, 8, 8, 2, 8, 8, 7, 8, 7, 8, 8, 8, 8, 8, 8, 8, 8, 8, 8, 9, 8, 9, 8, 7, 9, 9, 9, 8, 8, 9, 7, 9, 8, 8, 8, 7, 8, 8, 8, 8, 8, 8, 9, 8, 9, 8, 8, 8, 8, 7, 8, 8, 8, 5, 8, 9, 8], "step_size": [0.006134383922275648, 0.006134383922275648, 0.006134383922275648, 0.006134383922275648, 0.006134383922275648, 0.006134383922275648, 0.006134383922275648, 0.006134383922275648, 0.006134383922275648, 0.006134383922275648, 0.006134383922275648, 0.006134383922275648, 0.006134383922275648, 0.006134383922275648, 0.006134383922275648, 0.006134383922275648, 0.006134383922275648, 0.006134383922275648, 0.006134383922275648, 0.006134383922275648, 0.006134383922275648, 0.006134383922275648, 0.006134383922275648, 0.006134383922275648, 0.006134383922275648, 0.006134383922275648, 0.006134383922275648, 0.006134383922275648, 0.006134383922275648, 0.006134383922275648, 0.006134383922275648, 0.006134383922275648, 0.006134383922275648, 0.006134383922275648, 0.006134383922275648, 0.006134383922275648, 0.006134383922275648, 0.006134383922275648, 0.006134383922275648, 0.006134383922275648, 0.006134383922275648, 0.006134383922275648, 0.006134383922275648, 0.006134383922275648, 0.006134383922275648, 0.006134383922275648, 0.006134383922275648, 0.006134383922275648, 0.006134383922275648, 0.006134383922275648, 0.006134383922275648, 0.006134383922275648, 0.006134383922275648, 0.006134383922275648, 0.006134383922275648, 0.006134383922275648, 0.006134383922275648, 0.006134383922275648, 0.006134383922275648, 0.006134383922275648, 0.006134383922275648, 0.006134383922275648, 0.006134383922275648, 0.006134383922275648, 0.006134383922275648, 0.006134383922275648, 0.006134383922275648, 0.006134383922275648, 0.006134383922275648, 0.006134383922275648, 0.006134383922275648, 0.006134383922275648, 0.006134383922275648, 0.006134383922275648, 0.006134383922275648, 0.006134383922275648, 0.006134383922275648, 0.006134383922275648, 0.006134383922275648, 0.006134383922275648, 0.006134383922275648, 0.006134383922275648, 0.006134383922275648, 0.006134383922275648, 0.006134383922275648, 0.006134383922275648, 0.006134383922275648, 0.006134383922275648, 0.006134383922275648, 0.006134383922275648, 0.006134383922275648, 0.006134383922275648, 0.006134383922275648, 0.006134383922275648, 0.006134383922275648, 0.006134383922275648, 0.006134383922275648, 0.006134383922275648, 0.006134383922275648, 0.006134383922275648], "tune": [true, false, false, false, false, false, false, false, false, false, false, false, false, false, false, false, false, false, false, false, false, false, false, false, false, false, false, false, false, false, false, false, false, false, false, false, false, false, false, false, false, false, false, false, false, false, false, false, false, false, false, false, false, false, false, false, false, false, false, false, false, false, false, false, false, false, false, false, false, false, false, false, false, false, false, false, false, false, false, false, false, false, false, false, false, false, false, false, false, false, false, false, false, false, false, false, false, false, false, false], "mean_tree_accept": [0.9987919422251393, 0.9710626635332779, 0.9845858722767462, 0.9571562775877911, 0.9925867831438624, 0.9998474217625675, 0.9799381035327848, 0.9719028506326955, 0.92728709469746, 0.987154232876944, 0.9988286291504951, 0.8925230865744924, 0.9846881459023507, 0.998929478161337, 0.9829139121394393, 0.9976933358634188, 0.9615258054244493, 0.9653395375713905, 0.8128901592640361, 0.22519168444824528, 0.9955252562565179, 0.9980104836697467, 0.9871649389774411, 0.9992243821945023, 0.9890816088791662, 0.9965492289980485, 0.993561586545247, 0.9930229407815135, 0.9995060243828259, 0.9312487764368598, 0.9950562781638078, 0.9997332910659958, 0.9807295944715001, 0.9763365145925026, 0.7154798575750577, 0.9047845302262217, 0.986760264687583, 0.9909051025480723, 0.9996388334347621, 0.9658755135396989, 0.9909509699514735, 0.9906229843770343, 0.9770117217506225, 0.8489319401661145, 0.9924750052768503, 0.9749441443671264, 0.9893324389917938, 0.999998219550096, 0.9360759827933055, 0.8380308025230087, 0.9985998088819664, 0.9421252148351605, 0.9997864269666983, 0.9745989855766533, 0.9920577840462024, 0.9714050796253483, 0.9853391242055964, 0.9289130618602127, 0.9843637215008507, 0.7383989006974612, 0.9987622483397584, 0.981826749422345, 0.5036812357810548, 0.9656622808928593, 0.9903229996259397, 0.9775506882159456, 0.9936457755486389, 0.8644415319269134, 0.9908582301015575, 0.8343067975228056, 0.988737515543212, 0.8372331879894686, 0.6355682379016596, 0.9999978365961861, 0.9992260291826062, 0.9826505742943803, 0.989644014675873, 0.9942244669506934, 0.999460129876702, 0.9956203542201717, 0.9908099651502996, 0.9926543865554215, 0.9985229980567207, 0.9894300500488487, 0.9863813437239034, 0.8595451376935935, 0.9986089264747152, 0.9977349851459789, 0.9860498369470745, 0.989936858139403, 0.9892330117629292, 0.9431510766529443, 0.9035586927666784, 0.9966898930009437, 0.9752219581274976, 0.8922828057336328, 0.9971537550386829, 0.99523561856444, 0.9982626945253007, 0.998776372455275], "step_size_bar": [0.010428957852969725, 0.010428957852969725, 0.010428957852969725, 0.010428957852969725, 0.010428957852969725, 0.010428957852969725, 0.010428957852969725, 0.010428957852969725, 0.010428957852969725, 0.010428957852969725, 0.010428957852969725, 0.010428957852969725, 0.010428957852969725, 0.010428957852969725, 0.010428957852969725, 0.010428957852969725, 0.010428957852969725, 0.010428957852969725, 0.010428957852969725, 0.010428957852969725, 0.010428957852969725, 0.010428957852969725, 0.010428957852969725, 0.010428957852969725, 0.010428957852969725, 0.010428957852969725, 0.010428957852969725, 0.010428957852969725, 0.010428957852969725, 0.010428957852969725, 0.010428957852969725, 0.010428957852969725, 0.010428957852969725, 0.010428957852969725, 0.010428957852969725, 0.010428957852969725, 0.010428957852969725, 0.010428957852969725, 0.010428957852969725, 0.010428957852969725, 0.010428957852969725, 0.010428957852969725, 0.010428957852969725, 0.010428957852969725, 0.010428957852969725, 0.010428957852969725, 0.010428957852969725, 0.010428957852969725, 0.010428957852969725, 0.010428957852969725, 0.010428957852969725, 0.010428957852969725, 0.010428957852969725, 0.010428957852969725, 0.010428957852969725, 0.010428957852969725, 0.010428957852969725, 0.010428957852969725, 0.010428957852969725, 0.010428957852969725, 0.010428957852969725, 0.010428957852969725, 0.010428957852969725, 0.010428957852969725, 0.010428957852969725, 0.010428957852969725, 0.010428957852969725, 0.010428957852969725, 0.010428957852969725, 0.010428957852969725, 0.010428957852969725, 0.010428957852969725, 0.010428957852969725, 0.010428957852969725, 0.010428957852969725, 0.010428957852969725, 0.010428957852969725, 0.010428957852969725, 0.010428957852969725, 0.010428957852969725, 0.010428957852969725, 0.010428957852969725, 0.010428957852969725, 0.010428957852969725, 0.010428957852969725, 0.010428957852969725, 0.010428957852969725, 0.010428957852969725, 0.010428957852969725, 0.010428957852969725, 0.010428957852969725, 0.010428957852969725, 0.010428957852969725, 0.010428957852969725, 0.010428957852969725, 0.010428957852969725, 0.010428957852969725, 0.010428957852969725, 0.010428957852969725, 0.010428957852969725],