{"draw_idx": 100, "draws": null, "_stats": [{"depth": [8, 9, 9, 8, 8, 10, 9, 9, 9, 8, 10, 9, 8, 9, 7, 9, 9, 9, 10, 7, 10, 10, 10, 9, 10, 9, 10, 10, 9, 9, 8, 7, 4, 9, 7, 8, 11, 8, 10, 9, 8, 8, 9, 9, 10, 10, 8, 9, 10, 8, 9, 8, 8, 9, 9, 9, 10, 10, 9, 10, 2, 9, 9, 3, 9, 4, 9, 8, 9, 7, 10, 9, 5, 7, 7, 10, 9, 9, 9, 9, 7, 10, 10, 9, 9, 9, 6, 10, 10, 9, 7, 11, 10, 8, 7, 10, 9, 9, 10, 6], "step_size": [0.008874838248964102, 0.008874838248964102, 0.008874838248964102, 0.008874838248964102, 0.008874838248964102, 0.008874838248964102, 0.008874838248964102, 0.008874838248964102, 0.008874838248964102, 0.008874838248964102, 0.008874838248964102, 0.008874838248964102, 0.008874838248964102, 0.008874838248964102, 0.008874838248964102, 0.008874838248964102, 0.008874838248964102, 0.008874838248964102, 0.008874838248964102, 0.008874838248964102, 0.008874838248964102, 0.008874838248964102, 0.008874838248964102, 0.008874838248964102, 0.008874838248964102, 0.008874838248964102, 0.008874838248964102, 0.008874838248964102, 0.008874838248964102, 0.008874838248964102, 0.008874838248964102, 0.008874838248964102, 0.008874838248964102, 0.008874838248964102, 0.008874838248964102, 0.008874838248964102, 0.008874838248964102, 0.008874838248964102, 0.008874838248964102, 0.008874838248964102, 0.008874838248964102, 0.008874838248964102, 0.008874838248964102, 0.008874838248964102, 0.008874838248964102, 0.008874838248964102, 0.008874838248964102, 0.008874838248964102, 0.008874838248964102, 0.008874838248964102, 0.008874838248964102, 0.008874838248964102, 0.008874838248964102, 0.008874838248964102, 0.008874838248964102, 0.008874838248964102, 0.008874838248964102, 0.008874838248964102, 0.008874838248964102, 0.008874838248964102, 0.008874838248964102, 0.008874838248964102, 0.008874838248964102, 0.008874838248964102, 0.008874838248964102, 0.008874838248964102, 0.008874838248964102, 0.008874838248964102, 0.008874838248964102, 0.008874838248964102, 0.008874838248964102, 0.008874838248964102, 0.008874838248964102, 0.008874838248964102, 0.008874838248964102, 0.008874838248964102, 0.008874838248964102, 0.008874838248964102, 0.008874838248964102, 0.008874838248964102, 0.008874838248964102, 0.008874838248964102, 0.008874838248964102, 0.008874838248964102, 0.008874838248964102, 0.008874838248964102, 0.008874838248964102, 0.008874838248964102, 0.008874838248964102, 0.008874838248964102, 0.008874838248964102, 0.008874838248964102, 0.008874838248964102, 0.008874838248964102, 0.008874838248964102, 0.008874838248964102, 0.008874838248964102, 0.008874838248964102, 0.008874838248964102, 0.008874838248964102], "tune": [true, false, false, false, false, false, false, false, false, false, false, false, false, false, false, false, false, false, false, false, false, false, false, false, false, false, false, false, false, false, false, false, false, false, false, false, false, false, false, false, false, false, false, false, false, false, false, false, false, false, false, false, false, false, false, false, false, false, false, false, false, false, false, false, false, false, false, false, false, false, false, false, false, false, false, false, false, false, false, false, false, false, false, false, false, false, false, false, false, false, false, false, false, false, false, false, false, false, false, false], "mean_tree_accept": [0.9845111481217963, 0.9951605311890659, 0.9940824652230866, 0.8548499088593077, 0.983932815261717, 0.9893713268996537, 0.8521464921479984, 0.9346725639451982, 0.997666812088694, 0.9916808490391568, 0.7829476924626626, 0.9962193248326562, 0.9933966157220826, 0.9945063675288958, 0.9904707676415693, 0.9992198986103659, 0.9726450021911484, 0.9597643049491085, 0.9400497902503583, 0.9976748305684856, 0.9527819960797489, 0.7231496440799456, 0.9346023270344938, 0.9324028226088692, 0.8987250634587053, 0.9958659768981124, 0.9731986669851027, 0.995490346239097, 0.9896386626297166, 0.45743548200298495, 0.9729491202113462, 0.7122485353726109, 0.7243150953935976, 0.6308432727627411, 0.988116959073271, 0.9440763346764843, 0.9944891045914059, 0.9813479628126591, 0.9860232475231377, 0.9983454540721389, 0.978267374201336, 0.9524271554306988, 0.9907726850898901, 0.7279030309327906, 0.915676330657183, 0.9965804269011358, 0.6876762897095489, 0.9958661387410283, 0.9487728022206497, 0.9840126784104463, 0.9989822847438062, 0.9673611957082269, 0.9803510179818756, 0.9982318091706058, 0.9952297005787754, 0.9938800259022127, 0.6337357647015783, 0.9615359446982272, 0.9948627657313573, 0.19301652810428152, 0.9704787553189617, 0.3669971989172941, 0.42932472197308014, 0.8900066981863339, 0.9956601092065621, 0.9360100749053708, 0.9902001682410335, 0.9841316666900998, 0.9989647803600823, 0.9967440118602507, 0.9845489443954246, 0.9984362094972679, 0.9950163268796772, 0.9436466863382712, 0.9984398065538083, 0.9636520295488986, 0.9788281338979518, 0.6967916797656333, 0.9995785239095176, 0.8816628269923935, 0.9823565127168932, 0.6851605923314329, 0.889215272718192, 0.9996272027300637, 0.9779094542417592, 0.9816848231944422, 0.9868197281504593, 0.8814944565638484, 0.9991386581785529, 0.8425619097358885, 0.9966505086391139, 0.7196219818951172, 0.9257135019166377, 0.9608059724425037, 0.9928296429804415, 0.9930779903035308, 0.9874438101510754, 0.9992529483463709, 0.5568786597399317, 0.6687672204818066], "step_size_bar": [0.010158260499598582, 0.010158260499598582, 0.010158260499598582, 0.010158260499598582, 0.010158260499598582, 0.010158260499598582, 0.010158260499598582, 0.010158260499598582, 0.010158260499598582, 0.010158260499598582, 0.010158260499598582, 0.010158260499598582, 0.010158260499598582, 0.010158260499598582, 0.010158260499598582, 0.010158260499598582, 0.010158260499598582, 0.010158260499598582, 0.010158260499598582, 0.010158260499598582, 0.010158260499598582, 0.010158260499598582, 0.010158260499598582, 0.010158260499598582, 0.010158260499598582, 0.010158260499598582, 0.010158260499598582, 0.010158260499598582, 0.010158260499598582, 0.010158260499598582, 0.010158260499598582, 0.010158260499598582, 0.010158260499598582, 0.010158260499598582, 0.010158260499598582, 0.010158260499598582, 0.010158260499598582, 0.010158260499598582, 0.010158260499598582, 0.010158260499598582, 0.010158260499598582, 0.010158260499598582, 0.010158260499598582, 0.010158260499598582, 0.010158260499598582, 0.010158260499598582, 0.010158260499598582, 0.010158260499598582, 0.010158260499598582, 0.010158260499598582, 0.010158260499598582, 0.010158260499598582, 0.010158260499598582, 0.010158260499598582, 0.010158260499598582, 0.010158260499598582, 0.010158260499598582, 0.010158260499598582, 0.010158260499598582, 0.010158260499598582, 0.010158260499598582, 0.010158260499598582, 0.010158260499598582, 0.010158260499598582, 0.010158260499598582, 0.010158260499598582, 0.010158260499598582, 0.010158260499598582, 0.010158260499598582, 0.010158260499598582, 0.010158260499598582, 0.010158260499598582, 0.010158260499598582, 0.010158260499598582, 0.010158260499598582, 0.010158260499598582, 0.010158260499598582, 0.010158260499598582, 0.010158260499598582, 0.010158260499598582, 0.010158260499598582, 0.010158260499598582, 0.010158260499598582, 0.010158260499598582, 0.010158260499598582, 0.010158260499598582, 0.010158260499598582, 0.010158260499598582, 0.010158260499598582, 0.010158260499598582, 0.010158260499598582, 0.010158260499598582, 0.010158260499598582, 0.010158260499598582, 0.010158260499598582, 0.010158260499598582, 0.010158260499598582, 0.010158260499598582, 0.010158260499598582, 0.010158260499598582],