{"draw_idx": 100, "draws": null, "_stats": [{"depth": [6, 6, 6, 6, 5, 6, 6, 5, 6, 3, 6, 7, 6, 7, 6, 6, 5, 6, 6, 4, 6, 6, 7, 7, 6, 4, 2, 6, 5, 5, 6, 4, 6, 7, 4, 4, 7, 6, 6, 6, 5, 6, 6, 6, 6, 6, 7, 6, 5, 2, 4, 3, 7, 5, 7, 5, 6, 6, 6, 6, 7, 6, 6, 6, 6, 5, 3, 7, 6, 6, 7, 6, 4, 6, 6, 7, 6, 6, 6, 4, 6, 6, 6, 6, 2, 6, 7, 5, 5, 6, 6, 6, 5, 5, 6, 6, 6, 6, 4, 6], "step_size": [0.048233932103641325, 0.048233932103641325, 0.048233932103641325, 0.048233932103641325, 0.048233932103641325, 0.048233932103641325, 0.048233932103641325, 0.048233932103641325, 0.048233932103641325, 0.048233932103641325, 0.048233932103641325, 0.048233932103641325, 0.048233932103641325, 0.048233932103641325, 0.048233932103641325, 0.048233932103641325, 0.048233932103641325, 0.048233932103641325, 0.048233932103641325, 0.048233932103641325, 0.048233932103641325, 0.048233932103641325, 0.048233932103641325, 0.048233932103641325, 0.048233932103641325, 0.048233932103641325, 0.048233932103641325, 0.048233932103641325, 0.048233932103641325, 0.048233932103641325, 0.048233932103641325, 0.048233932103641325, 0.048233932103641325, 0.048233932103641325, 0.048233932103641325, 0.048233932103641325, 0.048233932103641325, 0.048233932103641325, 0.048233932103641325, 0.048233932103641325, 0.048233932103641325, 0.048233932103641325, 0.048233932103641325, 0.048233932103641325, 0.048233932103641325, 0.048233932103641325, 0.048233932103641325, 0.048233932103641325, 0.048233932103641325, 0.048233932103641325, 0.048233932103641325, 0.048233932103641325, 0.048233932103641325, 0.048233932103641325, 0.048233932103641325, 0.048233932103641325, 0.048233932103641325, 0.048233932103641325, 0.048233932103641325, 0.048233932103641325, 0.048233932103641325, 0.048233932103641325, 0.048233932103641325, 0.048233932103641325, 0.048233932103641325, 0.048233932103641325, 0.048233932103641325, 0.048233932103641325, 0.048233932103641325, 0.048233932103641325, 0.048233932103641325, 0.048233932103641325, 0.048233932103641325, 0.048233932103641325, 0.048233932103641325, 0.048233932103641325, 0.048233932103641325, 0.048233932103641325, 0.048233932103641325, 0.048233932103641325, 0.048233932103641325, 0.048233932103641325, 0.048233932103641325, 0.048233932103641325, 0.048233932103641325, 0.048233932103641325, 0.048233932103641325, 0.048233932103641325, 0.048233932103641325, 0.048233932103641325, 0.048233932103641325, 0.048233932103641325, 0.048233932103641325, 0.048233932103641325, 0.048233932103641325, 0.048233932103641325, 0.048233932103641325, 0.048233932103641325, 0.048233932103641325, 0.048233932103641325], "tune": [true, false, false, false, false, false, false, false, false, false, false, false, false, false, false, false, false, false, false, false, false, false, false, false, false, false, false, false, false, false, false, false, false, false, false, false, false, false, false, false, false, false, false, false, false, false, false, false, false, false, false, false, false, false, false, false, false, false, false, false, false, false, false, false, false, false, false, false, false, false, false, false, false, false, false, false, false, false, false, false, false, false, false, false, false, false, false, false, false, false, false, false, false, false, false, false, false, false, false, false], "mean_tree_accept": [0.9462632418461464, 0.9947681055194423, 0.9742041645623306, 0.9855920324574181, 0.9895379722594084, 0.9999450216819321, 0.9283152313186432, 0.9113609060679226, 0.9855098908349208, 0.993540131140153, 0.9563150940616488, 0.8606518193650595, 0.920309637345449, 0.40010894989840246, 0.973623093558219, 0.951010464896981, 0.9953634141600736, 0.9809970668513518, 0.8041803531424679, 0.9956030096427708, 0.9822456401022204, 0.9731964871775336, 0.8173007856004497, 0.9372155055952357, 0.9476041989557837, 0.9050392841656977, 0.5826834325715815, 0.40322601490226173, 0.27189244702968096, 0.678550781889313, 0.9780305254238414, 0.546458884706412, 0.4133755638742745, 0.7867619135525041, 0.9218541049086735, 0.9914430314345352, 0.462172611219015, 0.9494151320002805, 0.9841107050039609, 0.9257742177150179, 0.9863794621111116, 0.9734675389095855, 0.9778745310771351, 0.3764852149258997, 0.5264190432414049, 0.9995071831800285, 0.609572371270075, 0.7216094270373188, 0.99666886120357, 0.9088764738591091, 0.9757730746659719, 0.8869981354324067, 0.7599060866674676, 0.9990815275235453, 0.9031515432976649, 0.9936796321725251, 0.9817885078984598, 0.9496464596442304, 0.9834733983183824, 0.9947196412284193, 0.9860510170887605, 0.4038448103288532, 0.7364959429084817, 0.9323850999181906, 0.9546722660952625, 0.9463998595861132, 0.8572397140409748, 0.9938542050090212, 0.9864487302136394, 0.9156303990479399, 0.7483066903616771, 0.9218514454634734, 0.9982785980863781, 0.9818278777704139, 0.8972302975113007, 0.988269846217621, 0.9533735777292072, 0.9828009159765241, 0.9956131063598146, 0.9892959884327694, 0.9970035841856616, 0.8630088894591307, 0.9929690665152132, 0.9176738644746208, 0.9433309558105787, 0.2406298411206625, 0.9194845348421558, 0.7201006984611522, 0.9572718387577694, 0.9994955514087864, 0.9988487669664702, 0.9995352626702609, 0.9764133602400662, 0.9938163123548843, 0.9961422344600736, 0.8512068948717666, 0.8435156519172782, 0.9576310262040342, 0.8262363021602205, 0.9705519817368675], "step_size_bar": [0.046540596579986514, 0.046540596579986514, 0.046540596579986514, 0.046540596579986514, 0.046540596579986514, 0.046540596579986514, 0.046540596579986514, 0.046540596579986514, 0.046540596579986514, 0.046540596579986514, 0.046540596579986514, 0.046540596579986514, 0.046540596579986514, 0.046540596579986514, 0.046540596579986514, 0.046540596579986514, 0.046540596579986514, 0.046540596579986514, 0.046540596579986514, 0.046540596579986514, 0.046540596579986514, 0.046540596579986514, 0.046540596579986514, 0.046540596579986514, 0.046540596579986514, 0.046540596579986514, 0.046540596579986514, 0.046540596579986514, 0.046540596579986514, 0.046540596579986514, 0.046540596579986514, 0.046540596579986514, 0.046540596579986514, 0.046540596579986514, 0.046540596579986514, 0.046540596579986514, 0.046540596579986514, 0.046540596579986514, 0.046540596579986514, 0.046540596579986514, 0.046540596579986514, 0.046540596579986514, 0.046540596579986514, 0.046540596579986514, 0.046540596579986514, 0.046540596579986514, 0.046540596579986514, 0.046540596579986514, 0.046540596579986514, 0.046540596579986514, 0.046540596579986514, 0.046540596579986514, 0.046540596579986514, 0.046540596579986514, 0.046540596579986514, 0.046540596579986514, 0.046540596579986514, 0.046540596579986514, 0.046540596579986514, 0.046540596579986514, 0.046540596579986514, 0.046540596579986514, 0.046540596579986514, 0.046540596579986514, 0.046540596579986514, 0.046540596579986514, 0.046540596579986514, 0.046540596579986514, 0.046540596579986514, 0.046540596579986514, 0.046540596579986514, 0.046540596579986514, 0.046540596579986514, 0.046540596579986514, 0.046540596579986514, 0.046540596579986514, 0.046540596579986514, 0.046540596579986514, 0.046540596579986514, 0.046540596579986514, 0.046540596579986514, 0.046540596579986514, 0.046540596579986514, 0.046540596579986514, 0.046540596579986514, 0.046540596579986514, 0.046540596579986514, 0.046540596579986514, 0.046540596579986514, 0.046540596579986514, 0.046540596579986514, 0.046540596579986514, 0.046540596579986514, 0.046540596579986514, 0.046540596579986514, 0.046540596579986514, 0.046540596579986514, 0.046540596579986514, 0.046540596579986514, 0.046540596579986514],