{"draw_idx": 100, "draws": null, "_stats": [{"depth": [5, 5, 8, 8, 4, 10, 11, 9, 12, 9, 5, 6, 11, 11, 9, 7, 12, 12, 10, 12, 11, 11, 11, 10, 11, 9, 9, 4, 5, 10, 5, 11, 11, 9, 11, 6, 11, 10, 9, 11, 12, 12, 6, 12, 9, 9, 12, 9, 7, 7, 9, 11, 6, 11, 11, 10, 6, 12, 11, 11, 8, 12, 12, 11, 12, 7, 11, 11, 11, 11, 6, 8, 11, 9, 8, 11, 9, 11, 11, 11, 10, 11, 11, 8, 11, 11, 10, 11, 13, 10, 12, 12, 12, 11, 12, 11, 9, 12, 12, 11], "step_size": [0.0037931883750152375, 0.0037931883750152375, 0.0037931883750152375, 0.0037931883750152375, 0.0037931883750152375, 0.0037931883750152375, 0.0037931883750152375, 0.0037931883750152375, 0.0037931883750152375, 0.0037931883750152375, 0.0037931883750152375, 0.0037931883750152375, 0.0037931883750152375, 0.0037931883750152375, 0.0037931883750152375, 0.0037931883750152375, 0.0037931883750152375, 0.0037931883750152375, 0.0037931883750152375, 0.0037931883750152375, 0.0037931883750152375, 0.0037931883750152375, 0.0037931883750152375, 0.0037931883750152375, 0.0037931883750152375, 0.0037931883750152375, 0.0037931883750152375, 0.0037931883750152375, 0.0037931883750152375, 0.0037931883750152375, 0.0037931883750152375, 0.0037931883750152375, 0.0037931883750152375, 0.0037931883750152375, 0.0037931883750152375, 0.0037931883750152375, 0.0037931883750152375, 0.0037931883750152375, 0.0037931883750152375, 0.0037931883750152375, 0.0037931883750152375, 0.0037931883750152375, 0.0037931883750152375, 0.0037931883750152375, 0.0037931883750152375, 0.0037931883750152375, 0.0037931883750152375, 0.0037931883750152375, 0.0037931883750152375, 0.0037931883750152375, 0.0037931883750152375, 0.0037931883750152375, 0.0037931883750152375, 0.0037931883750152375, 0.0037931883750152375, 0.0037931883750152375, 0.0037931883750152375, 0.0037931883750152375, 0.0037931883750152375, 0.0037931883750152375, 0.0037931883750152375, 0.0037931883750152375, 0.0037931883750152375, 0.0037931883750152375, 0.0037931883750152375, 0.0037931883750152375, 0.0037931883750152375, 0.0037931883750152375, 0.0037931883750152375, 0.0037931883750152375, 0.0037931883750152375, 0.0037931883750152375, 0.0037931883750152375, 0.0037931883750152375, 0.0037931883750152375, 0.0037931883750152375, 0.0037931883750152375, 0.0037931883750152375, 0.0037931883750152375, 0.0037931883750152375, 0.0037931883750152375, 0.0037931883750152375, 0.0037931883750152375, 0.0037931883750152375, 0.0037931883750152375, 0.0037931883750152375, 0.0037931883750152375, 0.0037931883750152375, 0.0037931883750152375, 0.0037931883750152375, 0.0037931883750152375, 0.0037931883750152375, 0.0037931883750152375, 0.0037931883750152375, 0.0037931883750152375, 0.0037931883750152375, 0.0037931883750152375, 0.0037931883750152375, 0.0037931883750152375, 0.0037931883750152375], "tune": [true, false, false, false, false, false, false, false, false, false, false, false, false, false, false, false, false, false, false, false, false, false, false, false, false, false, false, false, false, false, false, false, false, false, false, false, false, false, false, false, false, false, false, false, false, false, false, false, false, false, false, false, false, false, false, false, false, false, false, false, false, false, false, false, false, false, false, false, false, false, false, false, false, false, false, false, false, false, false, false, false, false, false, false, false, false, false, false, false, false, false, false, false, false, false, false, false, false, false, false], "mean_tree_accept": [0.9958547891688372, 0.9983791250553795, 0.8407388309158755, 0.9964727934260991, 0.9268857599636473, 0.9962684968046764, 0.9990595567435804, 0.9961177443480915, 0.9910860825590584, 0.9923104722516639, 0.9848850759067781, 0.9565804902814083, 0.9939693794326686, 0.9925486114736876, 0.9986441725099985, 0.9914217379762864, 0.999648051392139, 0.9983340994338882, 0.971383460592824, 0.9716925113392835, 0.9984347623117369, 0.996747057887751, 0.9995851950718921, 0.9985273186845371, 0.9938029815628242, 0.9983432507282063, 0.9852953145244414, 0.5628213312653031, 0.8900582358161813, 0.9606455618258553, 0.9988710559523676, 0.9502427249567943, 0.9938573097383586, 0.9999378930825997, 0.9990946098593452, 0.9999293439078021, 0.9951899048990397, 0.9972231682813915, 0.9998175585613314, 0.9979970387863246, 0.999119305815637, 0.9998881646155158, 0.9989721904228493, 0.9994722236808609, 0.9970266993447947, 0.9994442379996633, 0.9979647298184566, 0.9987828460792639, 0.9913189380864198, 0.997960877477844, 0.9998021797720017, 0.9986118836926332, 0.9894631730350452, 0.9998436412101254, 0.9923744817258767, 0.9898639749737353, 0.9981579619897961, 0.9999938496663034, 0.9988047703959317, 0.9998879876850113, 0.998192882051305, 0.9996906176628872, 0.9995773602422627, 0.9938314778203813, 0.9992492970620482, 0.99941727673205, 0.9998245014715438, 0.999327737110231, 0.9990909998261798, 0.9346796343941695, 0.9807730734977427, 0.9747075036072765, 0.9953222354166998, 0.9990715928647759, 0.995755266779323, 0.9997344004182334, 0.9998958397540247, 0.9983331703857992, 0.9688084717937337, 0.9991775037949815, 0.9984476265873387, 0.9888596917286894, 0.9966767485620999, 0.9992608125817569, 0.9968746071805101, 0.9925682892961271, 0.9993750359624358, 0.9928100626709729, 0.9995651817607655, 0.9942045905478942, 0.9946135645259828, 0.9980503487405977, 0.9996556799640379, 0.9991614822900664, 0.9800601106592529, 0.9997685386206434, 0.999629751352761, 0.9978000762714133, 0.9999621903859564, 0.9979918769300151], "step_size_bar": [0.00316529448663344, 0.00316529448663344, 0.00316529448663344, 0.00316529448663344, 0.00316529448663344, 0.00316529448663344, 0.00316529448663344, 0.00316529448663344, 0.00316529448663344, 0.00316529448663344, 0.00316529448663344, 0.00316529448663344, 0.00316529448663344, 0.00316529448663344, 0.00316529448663344, 0.00316529448663344, 0.00316529448663344, 0.00316529448663344, 0.00316529448663344, 0.00316529448663344, 0.00316529448663344, 0.00316529448663344, 0.00316529448663344, 0.00316529448663344, 0.00316529448663344, 0.00316529448663344, 0.00316529448663344, 0.00316529448663344, 0.00316529448663344, 0.00316529448663344, 0.00316529448663344, 0.00316529448663344, 0.00316529448663344, 0.00316529448663344, 0.00316529448663344, 0.00316529448663344, 0.00316529448663344, 0.00316529448663344, 0.00316529448663344, 0.00316529448663344, 0.00316529448663344, 0.00316529448663344, 0.00316529448663344, 0.00316529448663344, 0.00316529448663344, 0.00316529448663344, 0.00316529448663344, 0.00316529448663344, 0.00316529448663344, 0.00316529448663344, 0.00316529448663344, 0.00316529448663344, 0.00316529448663344, 0.00316529448663344, 0.00316529448663344, 0.00316529448663344, 0.00316529448663344, 0.00316529448663344, 0.00316529448663344, 0.00316529448663344, 0.00316529448663344, 0.00316529448663344, 0.00316529448663344, 0.00316529448663344, 0.00316529448663344, 0.00316529448663344, 0.00316529448663344, 0.00316529448663344, 0.00316529448663344, 0.00316529448663344, 0.00316529448663344, 0.00316529448663344, 0.00316529448663344, 0.00316529448663344, 0.00316529448663344, 0.00316529448663344, 0.00316529448663344, 0.00316529448663344, 0.00316529448663344, 0.00316529448663344, 0.00316529448663344, 0.00316529448663344, 0.00316529448663344, 0.00316529448663344, 0.00316529448663344, 0.00316529448663344, 0.00316529448663344, 0.00316529448663344, 0.00316529448663344, 0.00316529448663344, 0.00316529448663344, 0.00316529448663344, 0.00316529448663344, 0.00316529448663344, 0.00316529448663344, 0.00316529448663344, 0.00316529448663344, 0.00316529448663344, 0.00316529448663344, 0.00316529448663344],