{"draw_idx": 100, "draws": null, "_stats": [{"depth": [7, 3, 8, 5, 7, 7, 7, 7, 8, 7, 7, 8, 7, 7, 8, 7, 7, 7, 8, 7, 8, 8, 7, 7, 7, 6, 7, 7, 4, 4, 4, 7, 7, 7, 7, 7, 6, 7, 8, 7, 7, 7, 7, 5, 7, 5, 7, 7, 7, 5, 7, 6, 7, 7, 8, 7, 7, 5, 7, 7, 7, 7, 7, 7, 7, 7, 7, 6, 7, 7, 7, 7, 7, 7, 7, 7, 8, 8, 7, 8, 8, 7, 4, 7, 6, 8, 7, 8, 7, 7, 7, 8, 7, 7, 6, 7, 7, 7, 5, 5], "step_size": [0.004124394278628209, 0.004124394278628209, 0.004124394278628209, 0.004124394278628209, 0.004124394278628209, 0.004124394278628209, 0.004124394278628209, 0.004124394278628209, 0.004124394278628209, 0.004124394278628209, 0.004124394278628209, 0.004124394278628209, 0.004124394278628209, 0.004124394278628209, 0.004124394278628209, 0.004124394278628209, 0.004124394278628209, 0.004124394278628209, 0.004124394278628209, 0.004124394278628209, 0.004124394278628209, 0.004124394278628209, 0.004124394278628209, 0.004124394278628209, 0.004124394278628209, 0.004124394278628209, 0.004124394278628209, 0.004124394278628209, 0.004124394278628209, 0.004124394278628209, 0.004124394278628209, 0.004124394278628209, 0.004124394278628209, 0.004124394278628209, 0.004124394278628209, 0.004124394278628209, 0.004124394278628209, 0.004124394278628209, 0.004124394278628209, 0.004124394278628209, 0.004124394278628209, 0.004124394278628209, 0.004124394278628209, 0.004124394278628209, 0.004124394278628209, 0.004124394278628209, 0.004124394278628209, 0.004124394278628209, 0.004124394278628209, 0.004124394278628209, 0.004124394278628209, 0.004124394278628209, 0.004124394278628209, 0.004124394278628209, 0.004124394278628209, 0.004124394278628209, 0.004124394278628209, 0.004124394278628209, 0.004124394278628209, 0.004124394278628209, 0.004124394278628209, 0.004124394278628209, 0.004124394278628209, 0.004124394278628209, 0.004124394278628209, 0.004124394278628209, 0.004124394278628209, 0.004124394278628209, 0.004124394278628209, 0.004124394278628209, 0.004124394278628209, 0.004124394278628209, 0.004124394278628209, 0.004124394278628209, 0.004124394278628209, 0.004124394278628209, 0.004124394278628209, 0.004124394278628209, 0.004124394278628209, 0.004124394278628209, 0.004124394278628209, 0.004124394278628209, 0.004124394278628209, 0.004124394278628209, 0.004124394278628209, 0.004124394278628209, 0.004124394278628209, 0.004124394278628209, 0.004124394278628209, 0.004124394278628209, 0.004124394278628209, 0.004124394278628209, 0.004124394278628209, 0.004124394278628209, 0.004124394278628209, 0.004124394278628209, 0.004124394278628209, 0.004124394278628209, 0.004124394278628209, 0.004124394278628209], "tune": [true, false, false, false, false, false, false, false, false, false, false, false, false, false, false, false, false, false, false, false, false, false, false, false, false, false, false, false, false, false, false, false, false, false, false, false, false, false, false, false, false, false, false, false, false, false, false, false, false, false, false, false, false, false, false, false, false, false, false, false, false, false, false, false, false, false, false, false, false, false, false, false, false, false, false, false, false, false, false, false, false, false, false, false, false, false, false, false, false, false, false, false, false, false, false, false, false, false, false, false], "mean_tree_accept": [0.09738281130232995, 0.3470721517731064, 0.37531998270464156, 0.9843059155241984, 0.9751284816459791, 0.9984789149815456, 0.9650119565540264, 0.9666961926877451, 0.9711069090770503, 0.99059476000863, 0.7804302900141108, 0.9938735784136637, 0.9940324163316372, 0.9700371896431573, 0.9934107549999529, 0.9789703428986907, 0.9499090156577721, 0.9994543066691283, 0.9720624292543268, 0.9678525834619927, 0.9896001804949307, 0.18269139093342124, 0.4292971895398361, 0.9434668047464467, 0.9639019429425643, 0.9569669281626102, 0.9968033759245439, 0.9199921673309018, 0.9890045882827294, 0.9998896494475414, 0.9422737634422815, 0.9403775424120909, 0.993761481247246, 0.9865515121893718, 0.9990614188016109, 0.8022366707657931, 0.9981419815020235, 0.9644375544501518, 0.974263090400882, 0.805246890832209, 0.8807911822366916, 0.9920792523097715, 0.9961256117297508, 0.9999095785475101, 0.9994896655385086, 0.9635090263560848, 0.8912143853607234, 0.8971755736101749, 0.9972364587336529, 0.9903596140152919, 0.9878816487208072, 0.9990671563639393, 0.9625472723571948, 0.995934891182974, 0.9992457880429272, 0.9989462914296127, 0.9976502177080706, 0.9746852769607887, 0.7376388648360914, 0.9949719749594438, 0.9824610650636565, 0.9992733219672022, 0.9578471643957495, 0.9929705410372949, 0.9993535395223041, 0.991388925061743, 0.9959676179207703, 0.9998017918319136, 0.9987262173085681, 0.9992063118945017, 0.9982964284582921, 0.9992663070438035, 0.9968828288009818, 0.9993159123170728, 0.961481544544388, 0.992025596573597, 0.6020305279125304, 0.819422476083698, 0.38289169611455115, 0.10330972509615385, 0.27813070693476083, 0.16400819881783849, 0.40750417407312095, 0.5589577642060729, 0.9755545476957556, 0.1782035371743725, 0.6488064024230821, 0.05205400393810889, 0.44168946142875215, 0.509320647051543, 0.4404797177048475, 0.9861809488429175, 0.9998998759996873, 0.9940546414908696, 0.9980254812508123, 0.9986999141695639, 0.9987238284616416, 0.9975556594476592, 0.8556829697818064, 0.950727137077551], "step_size_bar": [0.01575428654275998, 0.01575428654275998, 0.01575428654275998, 0.01575428654275998, 0.01575428654275998, 0.01575428654275998, 0.01575428654275998, 0.01575428654275998, 0.01575428654275998, 0.01575428654275998, 0.01575428654275998, 0.01575428654275998, 0.01575428654275998, 0.01575428654275998, 0.01575428654275998, 0.01575428654275998, 0.01575428654275998, 0.01575428654275998, 0.01575428654275998, 0.01575428654275998, 0.01575428654275998, 0.01575428654275998, 0.01575428654275998, 0.01575428654275998, 0.01575428654275998, 0.01575428654275998, 0.01575428654275998, 0.01575428654275998, 0.01575428654275998, 0.01575428654275998, 0.01575428654275998, 0.01575428654275998, 0.01575428654275998, 0.01575428654275998, 0.01575428654275998, 0.01575428654275998, 0.01575428654275998, 0.01575428654275998, 0.01575428654275998, 0.01575428654275998, 0.01575428654275998, 0.01575428654275998, 0.01575428654275998, 0.01575428654275998, 0.01575428654275998, 0.01575428654275998, 0.01575428654275998, 0.01575428654275998, 0.01575428654275998, 0.01575428654275998, 0.01575428654275998, 0.01575428654275998, 0.01575428654275998, 0.01575428654275998, 0.01575428654275998, 0.01575428654275998, 0.01575428654275998, 0.01575428654275998, 0.01575428654275998, 0.01575428654275998, 0.01575428654275998, 0.01575428654275998, 0.01575428654275998, 0.01575428654275998, 0.01575428654275998, 0.01575428654275998, 0.01575428654275998, 0.01575428654275998, 0.01575428654275998, 0.01575428654275998, 0.01575428654275998, 0.01575428654275998, 0.01575428654275998, 0.01575428654275998, 0.01575428654275998, 0.01575428654275998, 0.01575428654275998, 0.01575428654275998, 0.01575428654275998, 0.01575428654275998, 0.01575428654275998, 0.01575428654275998, 0.01575428654275998, 0.01575428654275998, 0.01575428654275998, 0.01575428654275998, 0.01575428654275998, 0.01575428654275998, 0.01575428654275998, 0.01575428654275998, 0.01575428654275998, 0.01575428654275998, 0.01575428654275998, 0.01575428654275998, 0.01575428654275998, 0.01575428654275998, 0.01575428654275998, 0.01575428654275998, 0.01575428654275998, 0.01575428654275998],