{"draw_idx": 100, "draws": null, "_stats": [{"depth": [7, 8, 6, 7, 7, 8, 8, 8, 8, 7, 6, 7, 7, 8, 6, 8, 8, 8, 8, 7, 6, 7, 7, 6, 7, 3, 7, 6, 7, 7, 7, 8, 6, 6, 7, 7, 7, 8, 8, 7, 7, 7, 5, 7, 6, 8, 6, 7, 7, 8, 8, 7, 7, 8, 7, 8, 7, 8, 7, 7, 8, 8, 7, 8, 7, 6, 7, 7, 7, 3, 2, 4, 8, 7, 8, 8, 8, 7, 5, 7, 8, 8, 7, 5, 8, 8, 7, 6, 6, 5, 6, 7, 8, 8, 7, 6, 7, 7, 7, 5], "step_size": [0.013771008484313025, 0.013771008484313025, 0.013771008484313025, 0.013771008484313025, 0.013771008484313025, 0.013771008484313025, 0.013771008484313025, 0.013771008484313025, 0.013771008484313025, 0.013771008484313025, 0.013771008484313025, 0.013771008484313025, 0.013771008484313025, 0.013771008484313025, 0.013771008484313025, 0.013771008484313025, 0.013771008484313025, 0.013771008484313025, 0.013771008484313025, 0.013771008484313025, 0.013771008484313025, 0.013771008484313025, 0.013771008484313025, 0.013771008484313025, 0.013771008484313025, 0.013771008484313025, 0.013771008484313025, 0.013771008484313025, 0.013771008484313025, 0.013771008484313025, 0.013771008484313025, 0.013771008484313025, 0.013771008484313025, 0.013771008484313025, 0.013771008484313025, 0.013771008484313025, 0.013771008484313025, 0.013771008484313025, 0.013771008484313025, 0.013771008484313025, 0.013771008484313025, 0.013771008484313025, 0.013771008484313025, 0.013771008484313025, 0.013771008484313025, 0.013771008484313025, 0.013771008484313025, 0.013771008484313025, 0.013771008484313025, 0.013771008484313025, 0.013771008484313025, 0.013771008484313025, 0.013771008484313025, 0.013771008484313025, 0.013771008484313025, 0.013771008484313025, 0.013771008484313025, 0.013771008484313025, 0.013771008484313025, 0.013771008484313025, 0.013771008484313025, 0.013771008484313025, 0.013771008484313025, 0.013771008484313025, 0.013771008484313025, 0.013771008484313025, 0.013771008484313025, 0.013771008484313025, 0.013771008484313025, 0.013771008484313025, 0.013771008484313025, 0.013771008484313025, 0.013771008484313025, 0.013771008484313025, 0.013771008484313025, 0.013771008484313025, 0.013771008484313025, 0.013771008484313025, 0.013771008484313025, 0.013771008484313025, 0.013771008484313025, 0.013771008484313025, 0.013771008484313025, 0.013771008484313025, 0.013771008484313025, 0.013771008484313025, 0.013771008484313025, 0.013771008484313025, 0.013771008484313025, 0.013771008484313025, 0.013771008484313025, 0.013771008484313025, 0.013771008484313025, 0.013771008484313025, 0.013771008484313025, 0.013771008484313025, 0.013771008484313025, 0.013771008484313025, 0.013771008484313025, 0.013771008484313025], "tune": [true, false, false, false, false, false, false, false, false, false, false, false, false, false, false, false, false, false, false, false, false, false, false, false, false, false, false, false, false, false, false, false, false, false, false, false, false, false, false, false, false, false, false, false, false, false, false, false, false, false, false, false, false, false, false, false, false, false, false, false, false, false, false, false, false, false, false, false, false, false, false, false, false, false, false, false, false, false, false, false, false, false, false, false, false, false, false, false, false, false, false, false, false, false, false, false, false, false, false, false], "mean_tree_accept": [0.9898304429763807, 0.977313450190623, 0.8955318638236226, 0.9990875466566378, 0.8498378367575019, 0.9981872930491552, 0.9692902689194656, 0.8698446719145521, 0.9896644209892288, 0.9976497179435966, 0.9963254148829312, 0.9933828508957314, 0.9994833492224467, 0.9145712476253524, 0.9483425974557967, 0.8947368518728857, 0.9335022913103259, 0.5212757490398643, 0.6153555619756104, 0.9948064596853765, 0.9990861802630251, 0.9918686606160191, 0.7325125645799494, 0.9963167146647368, 0.9084778777635087, 0.4786373930087578, 0.9802311577409583, 0.0389423949464788, 0.05769671700644928, 0.8183187173050159, 0.3998102068516788, 0.1276595811180776, 0.8812903565181901, 0.626123797511021, 0.07988966071469027, 0.36658315799260716, 0.07320781085877476, 0.48834089517884804, 0.9506267506881506, 0.9936335581652458, 0.9163145142709938, 0.727484039004116, 0.995972187890978, 0.9763949796584867, 0.920689498888736, 0.13409514184638743, 0.6958252230589658, 0.9971847113899516, 0.9707963434659206, 0.8552632944887628, 0.9245852355094677, 0.8179221637257322, 0.9952793699230619, 0.9951442136464219, 0.9829147245347662, 0.9972162830211625, 0.7654340442924276, 0.6737709120535962, 0.9979933042435685, 0.9961594335436637, 0.9949988246514306, 0.9999058245504764, 0.999854544580228, 0.9852604459292573, 0.9231398378447458, 0.9904311746100556, 0.9990330387693158, 0.9940044346590579, 0.860928145955054, 0.9944478520257122, 1.0, 0.9982895054474613, 0.9799945731777051, 0.9918163465230865, 0.9971386880616901, 0.997649611144257, 0.9925554353239111, 0.9928304356078004, 0.8482848229258498, 0.6863390586306098, 0.996125493558112, 0.9248875986973811, 0.9972664316896177, 0.9996230265814577, 0.9824912306713206, 0.9955150578240998, 0.992235774686151, 0.9933299236488101, 0.9994244537299883, 0.9451271799638556, 0.6082124193684489, 0.3807810096076434, 0.47749676824296744, 0.9647362193010868, 0.9974297323103674, 0.9998163201280726, 0.9951868002475371, 0.9973670552922064, 0.9695427593357258, 0.9943813289183475], "step_size_bar": [0.018968027012246983, 0.018968027012246983, 0.018968027012246983, 0.018968027012246983, 0.018968027012246983, 0.018968027012246983, 0.018968027012246983, 0.018968027012246983, 0.018968027012246983, 0.018968027012246983, 0.018968027012246983, 0.018968027012246983, 0.018968027012246983, 0.018968027012246983, 0.018968027012246983, 0.018968027012246983, 0.018968027012246983, 0.018968027012246983, 0.018968027012246983, 0.018968027012246983, 0.018968027012246983, 0.018968027012246983, 0.018968027012246983, 0.018968027012246983, 0.018968027012246983, 0.018968027012246983, 0.018968027012246983, 0.018968027012246983, 0.018968027012246983, 0.018968027012246983, 0.018968027012246983, 0.018968027012246983, 0.018968027012246983, 0.018968027012246983, 0.018968027012246983, 0.018968027012246983, 0.018968027012246983, 0.018968027012246983, 0.018968027012246983, 0.018968027012246983, 0.018968027012246983, 0.018968027012246983, 0.018968027012246983, 0.018968027012246983, 0.018968027012246983, 0.018968027012246983, 0.018968027012246983, 0.018968027012246983, 0.018968027012246983, 0.018968027012246983, 0.018968027012246983, 0.018968027012246983, 0.018968027012246983, 0.018968027012246983, 0.018968027012246983, 0.018968027012246983, 0.018968027012246983, 0.018968027012246983, 0.018968027012246983, 0.018968027012246983, 0.018968027012246983, 0.018968027012246983, 0.018968027012246983, 0.018968027012246983, 0.018968027012246983, 0.018968027012246983, 0.018968027012246983, 0.018968027012246983, 0.018968027012246983, 0.018968027012246983, 0.018968027012246983, 0.018968027012246983, 0.018968027012246983, 0.018968027012246983, 0.018968027012246983, 0.018968027012246983, 0.018968027012246983, 0.018968027012246983, 0.018968027012246983, 0.018968027012246983, 0.018968027012246983, 0.018968027012246983, 0.018968027012246983, 0.018968027012246983, 0.018968027012246983, 0.018968027012246983, 0.018968027012246983, 0.018968027012246983, 0.018968027012246983, 0.018968027012246983, 0.018968027012246983, 0.018968027012246983, 0.018968027012246983, 0.018968027012246983, 0.018968027012246983, 0.018968027012246983, 0.018968027012246983, 0.018968027012246983, 0.018968027012246983, 0.018968027012246983],