{"draw_idx": 100, "draws": null, "_stats": [{"depth": [7, 5, 8, 8, 8, 8, 7, 7, 8, 7, 6, 8, 8, 8, 8, 7, 8, 8, 7, 8, 8, 8, 7, 7, 7, 8, 8, 5, 8, 8, 7, 7, 8, 6, 8, 7, 8, 8, 8, 7, 8, 8, 8, 7, 8, 8, 8, 7, 7, 8, 8, 3, 8, 6, 7, 8, 7, 8, 8, 8, 7, 7, 8, 8, 5, 7, 8, 8, 8, 8, 6, 7, 6, 3, 8, 5, 5, 8, 7, 6, 8, 8, 5, 6, 8, 7, 8, 8, 7, 8, 7, 8, 8, 6, 7, 6, 7, 7, 8, 7], "step_size": [0.027064019345886235, 0.027064019345886235, 0.027064019345886235, 0.027064019345886235, 0.027064019345886235, 0.027064019345886235, 0.027064019345886235, 0.027064019345886235, 0.027064019345886235, 0.027064019345886235, 0.027064019345886235, 0.027064019345886235, 0.027064019345886235, 0.027064019345886235, 0.027064019345886235, 0.027064019345886235, 0.027064019345886235, 0.027064019345886235, 0.027064019345886235, 0.027064019345886235, 0.027064019345886235, 0.027064019345886235, 0.027064019345886235, 0.027064019345886235, 0.027064019345886235, 0.027064019345886235, 0.027064019345886235, 0.027064019345886235, 0.027064019345886235, 0.027064019345886235, 0.027064019345886235, 0.027064019345886235, 0.027064019345886235, 0.027064019345886235, 0.027064019345886235, 0.027064019345886235, 0.027064019345886235, 0.027064019345886235, 0.027064019345886235, 0.027064019345886235, 0.027064019345886235, 0.027064019345886235, 0.027064019345886235, 0.027064019345886235, 0.027064019345886235, 0.027064019345886235, 0.027064019345886235, 0.027064019345886235, 0.027064019345886235, 0.027064019345886235, 0.027064019345886235, 0.027064019345886235, 0.027064019345886235, 0.027064019345886235, 0.027064019345886235, 0.027064019345886235, 0.027064019345886235, 0.027064019345886235, 0.027064019345886235, 0.027064019345886235, 0.027064019345886235, 0.027064019345886235, 0.027064019345886235, 0.027064019345886235, 0.027064019345886235, 0.027064019345886235, 0.027064019345886235, 0.027064019345886235, 0.027064019345886235, 0.027064019345886235, 0.027064019345886235, 0.027064019345886235, 0.027064019345886235, 0.027064019345886235, 0.027064019345886235, 0.027064019345886235, 0.027064019345886235, 0.027064019345886235, 0.027064019345886235, 0.027064019345886235, 0.027064019345886235, 0.027064019345886235, 0.027064019345886235, 0.027064019345886235, 0.027064019345886235, 0.027064019345886235, 0.027064019345886235, 0.027064019345886235, 0.027064019345886235, 0.027064019345886235, 0.027064019345886235, 0.027064019345886235, 0.027064019345886235, 0.027064019345886235, 0.027064019345886235, 0.027064019345886235, 0.027064019345886235, 0.027064019345886235, 0.027064019345886235, 0.027064019345886235], "tune": [true, false, false, false, false, false, false, false, false, false, false, false, false, false, false, false, false, false, false, false, false, false, false, false, false, false, false, false, false, false, false, false, false, false, false, false, false, false, false, false, false, false, false, false, false, false, false, false, false, false, false, false, false, false, false, false, false, false, false, false, false, false, false, false, false, false, false, false, false, false, false, false, false, false, false, false, false, false, false, false, false, false, false, false, false, false, false, false, false, false, false, false, false, false, false, false, false, false, false, false], "mean_tree_accept": [0.9912432951945167, 0.990907836522989, 0.9915290366415577, 0.9923764909274612, 0.9836496499579634, 0.8881152219885055, 0.9648146103820832, 0.9923575516641535, 0.9924756289984765, 0.9876628065294576, 0.9998348812280426, 0.9943372528048259, 0.9404624342778949, 0.9999013194187861, 0.9537348472861052, 0.9991989718262296, 0.9575841089551501, 0.9916176806042502, 0.9961738466846276, 0.8921996143055924, 0.6897520625719021, 0.9864170943436728, 0.9555396615211627, 0.994946691170238, 0.7312953235572314, 0.9678482779566221, 0.9961027666059534, 0.9998595060462655, 0.9987970982113579, 0.9816143150340486, 0.9929904306422896, 0.788213925940402, 0.9930150827909606, 0.933703885890296, 0.999975561739532, 0.9892301070734715, 0.9654324326867287, 0.9980053218668216, 0.11201540175520297, 0.988891777995855, 0.991745387638798, 0.9691672575865927, 0.996883659436342, 0.9916703246169017, 0.9966852806268564, 0.9281088761214059, 0.9278534106447461, 0.9966841426047411, 0.9808395483384535, 0.9975997679633498, 0.965834373166021, 0.9843539596936134, 0.963083389263385, 0.9977834477187104, 0.9996423708545127, 0.9854630563363584, 0.6708828806156788, 1.0, 0.9907695649224668, 0.9942638631465512, 0.9987684814216687, 0.9893738928157606, 0.9969418384512213, 0.9938950877212936, 0.9862657416130413, 0.9977365652161886, 0.997138260594188, 0.9996988070514479, 0.984950850934355, 0.9995056097682662, 0.9551725696832357, 0.999352527399857, 0.9776370726719529, 0.9768071088166642, 0.9866972843902314, 0.9888070187320552, 0.9992295552266087, 0.9979864452494585, 0.999277205510104, 0.9490044424014932, 0.994328129364339, 0.9948331176426581, 0.9986084171392792, 0.9923263737158956, 0.9678760526653727, 0.029988250891788734, 0.025145308787823412, 0.08775898371073476, 0.2180020805741607, 0.9995722500962818, 0.9997387960728966, 0.9833227151210749, 0.946445978680532, 0.36906595680450627, 0.7189556137848979, 0.8101812622866038, 0.9965603089724164, 0.9884285329656566, 0.9946720933293114, 0.9993694485135554], "step_size_bar": [0.013195822740129454, 0.013195822740129454, 0.013195822740129454, 0.013195822740129454, 0.013195822740129454, 0.013195822740129454, 0.013195822740129454, 0.013195822740129454, 0.013195822740129454, 0.013195822740129454, 0.013195822740129454, 0.013195822740129454, 0.013195822740129454, 0.013195822740129454, 0.013195822740129454, 0.013195822740129454, 0.013195822740129454, 0.013195822740129454, 0.013195822740129454, 0.013195822740129454, 0.013195822740129454, 0.013195822740129454, 0.013195822740129454, 0.013195822740129454, 0.013195822740129454, 0.013195822740129454, 0.013195822740129454, 0.013195822740129454, 0.013195822740129454, 0.013195822740129454, 0.013195822740129454, 0.013195822740129454, 0.013195822740129454, 0.013195822740129454, 0.013195822740129454, 0.013195822740129454, 0.013195822740129454, 0.013195822740129454, 0.013195822740129454, 0.013195822740129454, 0.013195822740129454, 0.013195822740129454, 0.013195822740129454, 0.013195822740129454, 0.013195822740129454, 0.013195822740129454, 0.013195822740129454, 0.013195822740129454, 0.013195822740129454, 0.013195822740129454, 0.013195822740129454, 0.013195822740129454, 0.013195822740129454, 0.013195822740129454, 0.013195822740129454, 0.013195822740129454, 0.013195822740129454, 0.013195822740129454, 0.013195822740129454, 0.013195822740129454, 0.013195822740129454, 0.013195822740129454, 0.013195822740129454, 0.013195822740129454, 0.013195822740129454, 0.013195822740129454, 0.013195822740129454, 0.013195822740129454, 0.013195822740129454, 0.013195822740129454, 0.013195822740129454, 0.013195822740129454, 0.013195822740129454, 0.013195822740129454, 0.013195822740129454, 0.013195822740129454, 0.013195822740129454, 0.013195822740129454, 0.013195822740129454, 0.013195822740129454, 0.013195822740129454, 0.013195822740129454, 0.013195822740129454, 0.013195822740129454, 0.013195822740129454, 0.013195822740129454, 0.013195822740129454, 0.013195822740129454, 0.013195822740129454, 0.013195822740129454, 0.013195822740129454, 0.013195822740129454, 0.013195822740129454, 0.013195822740129454, 0.013195822740129454, 0.013195822740129454, 0.013195822740129454, 0.013195822740129454, 0.013195822740129454, 0.013195822740129454],