{"draw_idx": 100, "draws": null, "_stats": [{"depth": [6, 7, 7, 6, 4, 7, 6, 7, 7, 7, 6, 6, 6, 5, 6, 7, 7, 4, 6, 6, 6, 7, 5, 6, 6, 6, 7, 5, 7, 7, 6, 6, 7, 7, 7, 6, 4, 7, 7, 7, 6, 4, 5, 6, 6, 7, 6, 7, 5, 6, 6, 7, 7, 4, 6, 7, 6, 7, 7, 6, 4, 7, 7, 7, 7, 7, 6, 7, 5, 7, 6, 5, 7, 7, 7, 7, 7, 7, 7, 5, 7, 5, 7, 7, 6, 6, 6, 5, 6, 7, 6, 7, 7, 6, 7, 6, 7, 7, 7, 7], "step_size": [0.028946501859211476, 0.028946501859211476, 0.028946501859211476, 0.028946501859211476, 0.028946501859211476, 0.028946501859211476, 0.028946501859211476, 0.028946501859211476, 0.028946501859211476, 0.028946501859211476, 0.028946501859211476, 0.028946501859211476, 0.028946501859211476, 0.028946501859211476, 0.028946501859211476, 0.028946501859211476, 0.028946501859211476, 0.028946501859211476, 0.028946501859211476, 0.028946501859211476, 0.028946501859211476, 0.028946501859211476, 0.028946501859211476, 0.028946501859211476, 0.028946501859211476, 0.028946501859211476, 0.028946501859211476, 0.028946501859211476, 0.028946501859211476, 0.028946501859211476, 0.028946501859211476, 0.028946501859211476, 0.028946501859211476, 0.028946501859211476, 0.028946501859211476, 0.028946501859211476, 0.028946501859211476, 0.028946501859211476, 0.028946501859211476, 0.028946501859211476, 0.028946501859211476, 0.028946501859211476, 0.028946501859211476, 0.028946501859211476, 0.028946501859211476, 0.028946501859211476, 0.028946501859211476, 0.028946501859211476, 0.028946501859211476, 0.028946501859211476, 0.028946501859211476, 0.028946501859211476, 0.028946501859211476, 0.028946501859211476, 0.028946501859211476, 0.028946501859211476, 0.028946501859211476, 0.028946501859211476, 0.028946501859211476, 0.028946501859211476, 0.028946501859211476, 0.028946501859211476, 0.028946501859211476, 0.028946501859211476, 0.028946501859211476, 0.028946501859211476, 0.028946501859211476, 0.028946501859211476, 0.028946501859211476, 0.028946501859211476, 0.028946501859211476, 0.028946501859211476, 0.028946501859211476, 0.028946501859211476, 0.028946501859211476, 0.028946501859211476, 0.028946501859211476, 0.028946501859211476, 0.028946501859211476, 0.028946501859211476, 0.028946501859211476, 0.028946501859211476, 0.028946501859211476, 0.028946501859211476, 0.028946501859211476, 0.028946501859211476, 0.028946501859211476, 0.028946501859211476, 0.028946501859211476, 0.028946501859211476, 0.028946501859211476, 0.028946501859211476, 0.028946501859211476, 0.028946501859211476, 0.028946501859211476, 0.028946501859211476, 0.028946501859211476, 0.028946501859211476, 0.028946501859211476, 0.028946501859211476], "tune": [true, false, false, false, false, false, false, false, false, false, false, false, false, false, false, false, false, false, false, false, false, false, false, false, false, false, false, false, false, false, false, false, false, false, false, false, false, false, false, false, false, false, false, false, false, false, false, false, false, false, false, false, false, false, false, false, false, false, false, false, false, false, false, false, false, false, false, false, false, false, false, false, false, false, false, false, false, false, false, false, false, false, false, false, false, false, false, false, false, false, false, false, false, false, false, false, false, false, false, false], "mean_tree_accept": [0.7250717986051147, 0.9899702978640661, 0.9924977559220535, 0.9911836338127091, 0.7224371013015426, 0.997447375123402, 0.999580641291261, 0.9905101981979602, 0.9995607082248934, 0.9420848490039059, 0.9797977526914322, 0.9752714259814542, 0.9992709534507717, 0.9917054104935633, 0.9746127750370737, 0.9457496736485703, 0.9332913297862196, 0.9254857066656648, 0.9977432044711358, 0.9464814411280094, 0.7792467572767803, 0.49442363749982465, 0.9108195419175705, 0.6004748560967808, 0.8602450062571565, 0.8150212178271286, 0.9763778866419514, 0.9631094517174835, 0.9219664533393516, 1.0, 0.9731989503501955, 0.9934360191953606, 0.9692655061432863, 0.8438833342472916, 0.9952542131531302, 0.9973384747847348, 0.976946790204542, 0.6688906755650021, 0.8092786500504253, 0.9984541782216171, 0.9566923579196932, 0.9650592240663959, 0.9877631293313203, 0.9989636572282102, 0.9892218374716977, 0.9773567843368332, 0.9716417562955955, 0.9033707460417378, 0.9995351851441922, 0.9467986909614371, 0.9978242864466179, 0.7845977062787151, 0.9863477881155076, 0.9926600898810811, 0.9992055048093796, 0.9843431292683871, 0.27626687516103243, 0.6570687110685779, 0.9857886542959207, 0.9969794100390585, 0.9927428705504457, 0.996280199144786, 0.9953298646845894, 0.8122932491011313, 0.9925660379591699, 0.9729951875159367, 0.9995551090084177, 0.9955812604029189, 0.993245549165538, 0.9872824541896468, 0.9982619948642689, 0.9624663374612419, 0.8483073728375536, 0.9980141902753551, 0.9982454486406348, 0.997566847062958, 0.9664584110794096, 0.9948724524765938, 0.9766252691063348, 0.9971586046680613, 0.9915494933456338, 0.9695448169140319, 0.9985671815341545, 0.9886845356584191, 0.969192043230466, 0.9504075466540935, 0.8081987720561865, 0.9922451721431287, 0.9919380878036941, 0.9967901963258688, 0.9712167762716196, 0.9957842576350708, 0.8940252390858084, 0.9960326171041796, 0.9463957229069494, 0.972451954711377, 0.9985506229064657, 0.9763774398953594, 0.9716075144606221, 0.7916411221303059], "step_size_bar": [0.025374267703497797, 0.025374267703497797, 0.025374267703497797, 0.025374267703497797, 0.025374267703497797, 0.025374267703497797, 0.025374267703497797, 0.025374267703497797, 0.025374267703497797, 0.025374267703497797, 0.025374267703497797, 0.025374267703497797, 0.025374267703497797, 0.025374267703497797, 0.025374267703497797, 0.025374267703497797, 0.025374267703497797, 0.025374267703497797, 0.025374267703497797, 0.025374267703497797, 0.025374267703497797, 0.025374267703497797, 0.025374267703497797, 0.025374267703497797, 0.025374267703497797, 0.025374267703497797, 0.025374267703497797, 0.025374267703497797, 0.025374267703497797, 0.025374267703497797, 0.025374267703497797, 0.025374267703497797, 0.025374267703497797, 0.025374267703497797, 0.025374267703497797, 0.025374267703497797, 0.025374267703497797, 0.025374267703497797, 0.025374267703497797, 0.025374267703497797, 0.025374267703497797, 0.025374267703497797, 0.025374267703497797, 0.025374267703497797, 0.025374267703497797, 0.025374267703497797, 0.025374267703497797, 0.025374267703497797, 0.025374267703497797, 0.025374267703497797, 0.025374267703497797, 0.025374267703497797, 0.025374267703497797, 0.025374267703497797, 0.025374267703497797, 0.025374267703497797, 0.025374267703497797, 0.025374267703497797, 0.025374267703497797, 0.025374267703497797, 0.025374267703497797, 0.025374267703497797, 0.025374267703497797, 0.025374267703497797, 0.025374267703497797, 0.025374267703497797, 0.025374267703497797, 0.025374267703497797, 0.025374267703497797, 0.025374267703497797, 0.025374267703497797, 0.025374267703497797, 0.025374267703497797, 0.025374267703497797, 0.025374267703497797, 0.025374267703497797, 0.025374267703497797, 0.025374267703497797, 0.025374267703497797, 0.025374267703497797, 0.025374267703497797, 0.025374267703497797, 0.025374267703497797, 0.025374267703497797, 0.025374267703497797, 0.025374267703497797, 0.025374267703497797, 0.025374267703497797, 0.025374267703497797, 0.025374267703497797, 0.025374267703497797, 0.025374267703497797, 0.025374267703497797, 0.025374267703497797, 0.025374267703497797, 0.025374267703497797, 0.025374267703497797, 0.025374267703497797, 0.025374267703497797, 0.025374267703497797],