{"draw_idx": 100, "draws": null, "_stats": [{"depth": [6, 6, 6, 7, 6, 7, 6, 7, 6, 7, 6, 3, 6, 6, 7, 7, 3, 6, 6, 6, 6, 3, 4, 5, 5, 6, 6, 6, 7, 6, 7, 7, 6, 6, 6, 7, 6, 6, 6, 6, 7, 7, 5, 5, 6, 4, 3, 6, 6, 5, 6, 6, 5, 6, 6, 6, 7, 6, 6, 6, 3, 7, 6, 5, 6, 3, 6, 7, 7, 7, 7, 6, 6, 6, 6, 7, 5, 3, 6, 6, 5, 7, 6, 6, 6, 6, 6, 6, 6, 6, 5, 6, 7, 5, 5, 7, 7, 5, 7, 6], "step_size": [0.05821302697216237, 0.05821302697216237, 0.05821302697216237, 0.05821302697216237, 0.05821302697216237, 0.05821302697216237, 0.05821302697216237, 0.05821302697216237, 0.05821302697216237, 0.05821302697216237, 0.05821302697216237, 0.05821302697216237, 0.05821302697216237, 0.05821302697216237, 0.05821302697216237, 0.05821302697216237, 0.05821302697216237, 0.05821302697216237, 0.05821302697216237, 0.05821302697216237, 0.05821302697216237, 0.05821302697216237, 0.05821302697216237, 0.05821302697216237, 0.05821302697216237, 0.05821302697216237, 0.05821302697216237, 0.05821302697216237, 0.05821302697216237, 0.05821302697216237, 0.05821302697216237, 0.05821302697216237, 0.05821302697216237, 0.05821302697216237, 0.05821302697216237, 0.05821302697216237, 0.05821302697216237, 0.05821302697216237, 0.05821302697216237, 0.05821302697216237, 0.05821302697216237, 0.05821302697216237, 0.05821302697216237, 0.05821302697216237, 0.05821302697216237, 0.05821302697216237, 0.05821302697216237, 0.05821302697216237, 0.05821302697216237, 0.05821302697216237, 0.05821302697216237, 0.05821302697216237, 0.05821302697216237, 0.05821302697216237, 0.05821302697216237, 0.05821302697216237, 0.05821302697216237, 0.05821302697216237, 0.05821302697216237, 0.05821302697216237, 0.05821302697216237, 0.05821302697216237, 0.05821302697216237, 0.05821302697216237, 0.05821302697216237, 0.05821302697216237, 0.05821302697216237, 0.05821302697216237, 0.05821302697216237, 0.05821302697216237, 0.05821302697216237, 0.05821302697216237, 0.05821302697216237, 0.05821302697216237, 0.05821302697216237, 0.05821302697216237, 0.05821302697216237, 0.05821302697216237, 0.05821302697216237, 0.05821302697216237, 0.05821302697216237, 0.05821302697216237, 0.05821302697216237, 0.05821302697216237, 0.05821302697216237, 0.05821302697216237, 0.05821302697216237, 0.05821302697216237, 0.05821302697216237, 0.05821302697216237, 0.05821302697216237, 0.05821302697216237, 0.05821302697216237, 0.05821302697216237, 0.05821302697216237, 0.05821302697216237, 0.05821302697216237, 0.05821302697216237, 0.05821302697216237, 0.05821302697216237], "tune": [true, false, false, false, false, false, false, false, false, false, false, false, false, false, false, false, false, false, false, false, false, false, false, false, false, false, false, false, false, false, false, false, false, false, false, false, false, false, false, false, false, false, false, false, false, false, false, false, false, false, false, false, false, false, false, false, false, false, false, false, false, false, false, false, false, false, false, false, false, false, false, false, false, false, false, false, false, false, false, false, false, false, false, false, false, false, false, false, false, false, false, false, false, false, false, false, false, false, false, false], "mean_tree_accept": [0.9532204408484943, 0.579824223320535, 0.9958762130907287, 0.9974081846840629, 0.7190990695289596, 0.9864017553355064, 0.9650402153214246, 0.9863738570909358, 0.9992453542418804, 0.7743608160834636, 0.9960651083140983, 0.8969414703339987, 0.9616021378158459, 0.9180794334385796, 0.8784746890884871, 0.9976397107648746, 0.9850463973309661, 0.994003267176162, 0.9794630125524402, 0.9955660751229785, 0.9828342543636464, 0.9344043561809183, 0.9880225873539608, 0.996925579648155, 0.9927323923878784, 0.9772976859726433, 0.9998814661621181, 0.6019440470140651, 0.9989905928160688, 0.9992439135322382, 0.9971165580745478, 0.9915321684903328, 0.9712935304052353, 0.9892016725816877, 0.9184356519231255, 0.9928446554684925, 0.9819350156104656, 0.9834872255064497, 0.6866807996424796, 0.9835127059509964, 0.9664578555647318, 0.991363483227069, 0.9951778227163995, 0.9950381392804566, 0.9846582001009483, 0.9997569633628066, 0.9897424667904454, 0.9808357626938852, 0.993576158045094, 0.9842284825083409, 0.9585720461471745, 0.9998460638216521, 0.9308795784734992, 0.9612412982112563, 0.7991533503512463, 0.9491527570042614, 0.9110288309610983, 0.9978133288244134, 0.9764185029099829, 0.9895278352017377, 0.8092075236640665, 0.9952082790142339, 0.9838019241892005, 0.9837726614212569, 0.8966135559398192, 0.9516394614148521, 0.999711145365088, 0.9733197442433272, 0.9426950990047812, 0.9313393706835901, 0.9644416635755837, 0.9401735741969786, 0.9893590641178709, 0.9907103558343691, 0.9568278617707964, 0.9871849004127117, 0.7746370693859441, 0.9952067418247219, 0.9865446194110418, 0.984207309828721, 0.9930040866347564, 0.9965476893088447, 0.9909551123612999, 0.9770017038868413, 0.9406243243222916, 0.8769812195795995, 0.9411800882074697, 0.9918237292996375, 0.9656093403519387, 0.978695656414647, 0.9610689312551304, 0.9886153282310844, 0.8489884110190509, 0.966753889688862, 0.6713358826151182, 0.9887060325528821, 0.990318336146969, 0.8416756725869025, 0.972948113940101, 0.8588033151538244], "step_size_bar": [0.041368723995970295, 0.041368723995970295, 0.041368723995970295, 0.041368723995970295, 0.041368723995970295, 0.041368723995970295, 0.041368723995970295, 0.041368723995970295, 0.041368723995970295, 0.041368723995970295, 0.041368723995970295, 0.041368723995970295, 0.041368723995970295, 0.041368723995970295, 0.041368723995970295, 0.041368723995970295, 0.041368723995970295, 0.041368723995970295, 0.041368723995970295, 0.041368723995970295, 0.041368723995970295, 0.041368723995970295, 0.041368723995970295, 0.041368723995970295, 0.041368723995970295, 0.041368723995970295, 0.041368723995970295, 0.041368723995970295, 0.041368723995970295, 0.041368723995970295, 0.041368723995970295, 0.041368723995970295, 0.041368723995970295, 0.041368723995970295, 0.041368723995970295, 0.041368723995970295, 0.041368723995970295, 0.041368723995970295, 0.041368723995970295, 0.041368723995970295, 0.041368723995970295, 0.041368723995970295, 0.041368723995970295, 0.041368723995970295, 0.041368723995970295, 0.041368723995970295, 0.041368723995970295, 0.041368723995970295, 0.041368723995970295, 0.041368723995970295, 0.041368723995970295, 0.041368723995970295, 0.041368723995970295, 0.041368723995970295, 0.041368723995970295, 0.041368723995970295, 0.041368723995970295, 0.041368723995970295, 0.041368723995970295, 0.041368723995970295, 0.041368723995970295, 0.041368723995970295, 0.041368723995970295, 0.041368723995970295, 0.041368723995970295, 0.041368723995970295, 0.041368723995970295, 0.041368723995970295, 0.041368723995970295, 0.041368723995970295, 0.041368723995970295, 0.041368723995970295, 0.041368723995970295, 0.041368723995970295, 0.041368723995970295, 0.041368723995970295, 0.041368723995970295, 0.041368723995970295, 0.041368723995970295, 0.041368723995970295, 0.041368723995970295, 0.041368723995970295, 0.041368723995970295, 0.041368723995970295, 0.041368723995970295, 0.041368723995970295, 0.041368723995970295, 0.041368723995970295, 0.041368723995970295, 0.041368723995970295, 0.041368723995970295, 0.041368723995970295, 0.041368723995970295, 0.041368723995970295, 0.041368723995970295, 0.041368723995970295, 0.041368723995970295, 0.041368723995970295, 0.041368723995970295, 0.041368723995970295],