{"draw_idx": 100, "draws": null, "_stats": [{"depth": [6, 8, 8, 9, 9, 9, 7, 9, 9, 9, 9, 9, 9, 9, 8, 7, 9, 9, 5, 9, 9, 9, 10, 8, 9, 9, 9, 10, 10, 9, 9, 7, 9, 7, 8, 9, 9, 9, 9, 10, 9, 9, 9, 9, 8, 8, 3, 8, 9, 9, 9, 9, 6, 8, 9, 9, 9, 9, 9, 7, 6, 9, 8, 9, 9, 9, 10, 9, 9, 9, 8, 9, 6, 8, 9, 9, 9, 9, 9, 9, 8, 8, 9, 9, 9, 8, 9, 7, 9, 9, 8, 9, 10, 9, 9, 9, 9, 9, 5, 9], "step_size": [0.010390785917217907, 0.010390785917217907, 0.010390785917217907, 0.010390785917217907, 0.010390785917217907, 0.010390785917217907, 0.010390785917217907, 0.010390785917217907, 0.010390785917217907, 0.010390785917217907, 0.010390785917217907, 0.010390785917217907, 0.010390785917217907, 0.010390785917217907, 0.010390785917217907, 0.010390785917217907, 0.010390785917217907, 0.010390785917217907, 0.010390785917217907, 0.010390785917217907, 0.010390785917217907, 0.010390785917217907, 0.010390785917217907, 0.010390785917217907, 0.010390785917217907, 0.010390785917217907, 0.010390785917217907, 0.010390785917217907, 0.010390785917217907, 0.010390785917217907, 0.010390785917217907, 0.010390785917217907, 0.010390785917217907, 0.010390785917217907, 0.010390785917217907, 0.010390785917217907, 0.010390785917217907, 0.010390785917217907, 0.010390785917217907, 0.010390785917217907, 0.010390785917217907, 0.010390785917217907, 0.010390785917217907, 0.010390785917217907, 0.010390785917217907, 0.010390785917217907, 0.010390785917217907, 0.010390785917217907, 0.010390785917217907, 0.010390785917217907, 0.010390785917217907, 0.010390785917217907, 0.010390785917217907, 0.010390785917217907, 0.010390785917217907, 0.010390785917217907, 0.010390785917217907, 0.010390785917217907, 0.010390785917217907, 0.010390785917217907, 0.010390785917217907, 0.010390785917217907, 0.010390785917217907, 0.010390785917217907, 0.010390785917217907, 0.010390785917217907, 0.010390785917217907, 0.010390785917217907, 0.010390785917217907, 0.010390785917217907, 0.010390785917217907, 0.010390785917217907, 0.010390785917217907, 0.010390785917217907, 0.010390785917217907, 0.010390785917217907, 0.010390785917217907, 0.010390785917217907, 0.010390785917217907, 0.010390785917217907, 0.010390785917217907, 0.010390785917217907, 0.010390785917217907, 0.010390785917217907, 0.010390785917217907, 0.010390785917217907, 0.010390785917217907, 0.010390785917217907, 0.010390785917217907, 0.010390785917217907, 0.010390785917217907, 0.010390785917217907, 0.010390785917217907, 0.010390785917217907, 0.010390785917217907, 0.010390785917217907, 0.010390785917217907, 0.010390785917217907, 0.010390785917217907, 0.010390785917217907], "tune": [true, false, false, false, false, false, false, false, false, false, false, false, false, false, false, false, false, false, false, false, false, false, false, false, false, false, false, false, false, false, false, false, false, false, false, false, false, false, false, false, false, false, false, false, false, false, false, false, false, false, false, false, false, false, false, false, false, false, false, false, false, false, false, false, false, false, false, false, false, false, false, false, false, false, false, false, false, false, false, false, false, false, false, false, false, false, false, false, false, false, false, false, false, false, false, false, false, false, false, false], "mean_tree_accept": [0.9041540328784321, 0.9962265601094186, 0.8758011166873861, 0.9950673397982244, 0.9995238294159839, 0.9999190525621198, 0.9990410126201826, 0.9887336710289027, 0.9941852396655132, 0.999157075997078, 0.9969400723016741, 0.9987972535950863, 0.9921450053236713, 0.9800320940934354, 0.9965203240928454, 0.9932651379559886, 0.9930632571992929, 0.9949107834286856, 0.9974625134102245, 0.9999831364809129, 0.9971351730440509, 0.9541476329538723, 0.999688557905285, 0.9974771018110894, 0.9993925344419896, 0.9939329656982432, 0.9986078436015394, 0.8769992560087088, 0.9770746965843365, 0.9885276140840107, 0.985800174728966, 0.9919192540989262, 0.9992896250076273, 0.9983864783884036, 0.9977954800737727, 0.9979019413864514, 0.999960192889888, 0.9997613876031812, 0.9984017668746168, 0.99690932649869, 0.999309969940695, 0.9779150011530258, 0.9887185909175463, 0.9995715274108304, 0.999888990692165, 0.9940220571722203, 0.9595207393756625, 0.9677918950162391, 0.9962634764145852, 0.9985258435553086, 0.97817436656493, 0.9994569563946859, 0.9883029030315873, 0.9995788363257921, 0.9974947534858448, 0.9893017922224193, 0.9314789496306761, 0.9963304251555218, 0.993075577303888, 0.9996110820805874, 0.9999971025232778, 0.9985408474376438, 0.9973847176295582, 0.9488273512921972, 0.9998628468507241, 0.9991378249671916, 0.7874504699341134, 0.9999834700786732, 0.9999222018541496, 0.9994514701223604, 0.9998783764230985, 0.9996453561466593, 0.9880977444367953, 0.9917862340426411, 0.9949481532581678, 0.9949678144215557, 0.9971000917497271, 0.9955471837531548, 0.9984731521672054, 0.9797535339977735, 0.9990513767029084, 0.992718324956192, 0.9998787040182023, 0.9774557697827534, 0.9932167226874783, 0.9958581427995388, 0.9994343077363782, 0.9996517341033597, 0.9958782287723661, 0.9970651934558958, 0.9958752378326776, 0.997735936506584, 0.823852712652939, 0.9969549961813117, 0.9936082618954255, 0.9984184099194968, 0.999836544114298, 0.9980531709484831, 0.9922189988990034, 0.985768827667321], "step_size_bar": [0.005065967479304992, 0.005065967479304992, 0.005065967479304992, 0.005065967479304992, 0.005065967479304992, 0.005065967479304992, 0.005065967479304992, 0.005065967479304992, 0.005065967479304992, 0.005065967479304992, 0.005065967479304992, 0.005065967479304992, 0.005065967479304992, 0.005065967479304992, 0.005065967479304992, 0.005065967479304992, 0.005065967479304992, 0.005065967479304992, 0.005065967479304992, 0.005065967479304992, 0.005065967479304992, 0.005065967479304992, 0.005065967479304992, 0.005065967479304992, 0.005065967479304992, 0.005065967479304992, 0.005065967479304992, 0.005065967479304992, 0.005065967479304992, 0.005065967479304992, 0.005065967479304992, 0.005065967479304992, 0.005065967479304992, 0.005065967479304992, 0.005065967479304992, 0.005065967479304992, 0.005065967479304992, 0.005065967479304992, 0.005065967479304992, 0.005065967479304992, 0.005065967479304992, 0.005065967479304992, 0.005065967479304992, 0.005065967479304992, 0.005065967479304992, 0.005065967479304992, 0.005065967479304992, 0.005065967479304992, 0.005065967479304992, 0.005065967479304992, 0.005065967479304992, 0.005065967479304992, 0.005065967479304992, 0.005065967479304992, 0.005065967479304992, 0.005065967479304992, 0.005065967479304992, 0.005065967479304992, 0.005065967479304992, 0.005065967479304992, 0.005065967479304992, 0.005065967479304992, 0.005065967479304992, 0.005065967479304992, 0.005065967479304992, 0.005065967479304992, 0.005065967479304992, 0.005065967479304992, 0.005065967479304992, 0.005065967479304992, 0.005065967479304992, 0.005065967479304992, 0.005065967479304992, 0.005065967479304992, 0.005065967479304992, 0.005065967479304992, 0.005065967479304992, 0.005065967479304992, 0.005065967479304992, 0.005065967479304992, 0.005065967479304992, 0.005065967479304992, 0.005065967479304992, 0.005065967479304992, 0.005065967479304992, 0.005065967479304992, 0.005065967479304992, 0.005065967479304992, 0.005065967479304992, 0.005065967479304992, 0.005065967479304992, 0.005065967479304992, 0.005065967479304992, 0.005065967479304992, 0.005065967479304992, 0.005065967479304992, 0.005065967479304992, 0.005065967479304992, 0.005065967479304992, 0.005065967479304992],