{"draw_idx": 100, "draws": null, "_stats": [{"depth": [8, 8, 8, 7, 8, 7, 8, 5, 7, 7, 7, 7, 7, 7, 8, 8, 7, 7, 7, 5, 6, 8, 8, 7, 7, 8, 7, 8, 7, 7, 7, 7, 5, 7, 8, 8, 8, 8, 6, 8, 8, 7, 7, 6, 6, 3, 3, 8, 7, 7, 8, 7, 7, 7, 7, 7, 7, 8, 8, 4, 7, 8, 6, 8, 2, 7, 7, 7, 7, 8, 8, 6, 8, 8, 8, 7, 8, 7, 8, 7, 7, 6, 6, 7, 7, 7, 6, 7, 7, 7, 7, 6, 7, 7, 8, 7, 7, 7, 7, 7], "step_size": [0.014080950443597848, 0.014080950443597848, 0.014080950443597848, 0.014080950443597848, 0.014080950443597848, 0.014080950443597848, 0.014080950443597848, 0.014080950443597848, 0.014080950443597848, 0.014080950443597848, 0.014080950443597848, 0.014080950443597848, 0.014080950443597848, 0.014080950443597848, 0.014080950443597848, 0.014080950443597848, 0.014080950443597848, 0.014080950443597848, 0.014080950443597848, 0.014080950443597848, 0.014080950443597848, 0.014080950443597848, 0.014080950443597848, 0.014080950443597848, 0.014080950443597848, 0.014080950443597848, 0.014080950443597848, 0.014080950443597848, 0.014080950443597848, 0.014080950443597848, 0.014080950443597848, 0.014080950443597848, 0.014080950443597848, 0.014080950443597848, 0.014080950443597848, 0.014080950443597848, 0.014080950443597848, 0.014080950443597848, 0.014080950443597848, 0.014080950443597848, 0.014080950443597848, 0.014080950443597848, 0.014080950443597848, 0.014080950443597848, 0.014080950443597848, 0.014080950443597848, 0.014080950443597848, 0.014080950443597848, 0.014080950443597848, 0.014080950443597848, 0.014080950443597848, 0.014080950443597848, 0.014080950443597848, 0.014080950443597848, 0.014080950443597848, 0.014080950443597848, 0.014080950443597848, 0.014080950443597848, 0.014080950443597848, 0.014080950443597848, 0.014080950443597848, 0.014080950443597848, 0.014080950443597848, 0.014080950443597848, 0.014080950443597848, 0.014080950443597848, 0.014080950443597848, 0.014080950443597848, 0.014080950443597848, 0.014080950443597848, 0.014080950443597848, 0.014080950443597848, 0.014080950443597848, 0.014080950443597848, 0.014080950443597848, 0.014080950443597848, 0.014080950443597848, 0.014080950443597848, 0.014080950443597848, 0.014080950443597848, 0.014080950443597848, 0.014080950443597848, 0.014080950443597848, 0.014080950443597848, 0.014080950443597848, 0.014080950443597848, 0.014080950443597848, 0.014080950443597848, 0.014080950443597848, 0.014080950443597848, 0.014080950443597848, 0.014080950443597848, 0.014080950443597848, 0.014080950443597848, 0.014080950443597848, 0.014080950443597848, 0.014080950443597848, 0.014080950443597848, 0.014080950443597848, 0.014080950443597848], "tune": [true, false, false, false, false, false, false, false, false, false, false, false, false, false, false, false, false, false, false, false, false, false, false, false, false, false, false, false, false, false, false, false, false, false, false, false, false, false, false, false, false, false, false, false, false, false, false, false, false, false, false, false, false, false, false, false, false, false, false, false, false, false, false, false, false, false, false, false, false, false, false, false, false, false, false, false, false, false, false, false, false, false, false, false, false, false, false, false, false, false, false, false, false, false, false, false, false, false, false, false], "mean_tree_accept": [0.9717292444546646, 0.9677035565927335, 0.812882199206486, 0.38592145218374635, 0.8840548382873046, 0.9924400738680135, 0.9932501347857875, 0.5637781673310777, 0.9746979417997086, 0.9829773191339954, 0.8903332036936444, 0.5758166830820105, 0.9804900278517421, 0.9991819596480084, 0.9036957890625092, 0.9771794530946151, 0.9823020255271885, 0.9975272911765115, 0.9975933983198433, 0.9843680391287929, 0.9985983255279414, 0.9996068808398952, 0.819939760530477, 0.21363671164858028, 0.6435939604631373, 0.9422124736292379, 0.8864368160072607, 0.8278848599253977, 0.9978626318736407, 0.9358086901117031, 0.9882697175957313, 0.9984332579784058, 0.94449533889114, 0.9438802898132732, 0.984615098126439, 0.9998659695598633, 0.6279822984530076, 0.9683672316374924, 0.7855335804748638, 0.8861592341259704, 0.955246746270129, 0.6022672277351946, 0.9765767734478878, 0.33758662486619123, 0.6793371290048215, 0.7304331391862829, 0.9156923764807262, 0.4930841307681652, 0.6410210359114057, 0.24111437237675215, 0.8104963998320112, 0.9972295738804956, 0.9352697209870435, 0.9998563657451432, 0.999704168385253, 0.9990159496380551, 0.9675246862336668, 0.9936421398887065, 0.9987608212197467, 0.9964346851477451, 0.9972043597190043, 0.15953198073742844, 0.9801764548990409, 0.9466533666307385, 0.5794211909426464, 0.520870032483558, 0.9983217220867363, 0.993209034228769, 0.5126880043858911, 0.9645143365165265, 0.13637517086600714, 0.5442493327245478, 0.15503029396587115, 0.9848849792632742, 0.9952407891866603, 0.9783767058159102, 0.9048140680783746, 0.9745034839274362, 0.9978421916539029, 0.8024985991052677, 0.9993815246125244, 0.9310976465211424, 0.9995203915806901, 0.9826278812062939, 0.9998646620307067, 0.9986882058088408, 0.9996415240512093, 0.989897287116368, 0.9315317358196233, 0.9978919858020532, 0.9641548733279584, 1.0, 0.8694610306620693, 0.9951403487052606, 0.8147988553570328, 0.9855163103593667, 0.9771916979871152, 0.9967124827499892, 0.9968163197592715, 0.9963492880416376], "step_size_bar": [0.016072069012862008, 0.016072069012862008, 0.016072069012862008, 0.016072069012862008, 0.016072069012862008, 0.016072069012862008, 0.016072069012862008, 0.016072069012862008, 0.016072069012862008, 0.016072069012862008, 0.016072069012862008, 0.016072069012862008, 0.016072069012862008, 0.016072069012862008, 0.016072069012862008, 0.016072069012862008, 0.016072069012862008, 0.016072069012862008, 0.016072069012862008, 0.016072069012862008, 0.016072069012862008, 0.016072069012862008, 0.016072069012862008, 0.016072069012862008, 0.016072069012862008, 0.016072069012862008, 0.016072069012862008, 0.016072069012862008, 0.016072069012862008, 0.016072069012862008, 0.016072069012862008, 0.016072069012862008, 0.016072069012862008, 0.016072069012862008, 0.016072069012862008, 0.016072069012862008, 0.016072069012862008, 0.016072069012862008, 0.016072069012862008, 0.016072069012862008, 0.016072069012862008, 0.016072069012862008, 0.016072069012862008, 0.016072069012862008, 0.016072069012862008, 0.016072069012862008, 0.016072069012862008, 0.016072069012862008, 0.016072069012862008, 0.016072069012862008, 0.016072069012862008, 0.016072069012862008, 0.016072069012862008, 0.016072069012862008, 0.016072069012862008, 0.016072069012862008, 0.016072069012862008, 0.016072069012862008, 0.016072069012862008, 0.016072069012862008, 0.016072069012862008, 0.016072069012862008, 0.016072069012862008, 0.016072069012862008, 0.016072069012862008, 0.016072069012862008, 0.016072069012862008, 0.016072069012862008, 0.016072069012862008, 0.016072069012862008, 0.016072069012862008, 0.016072069012862008, 0.016072069012862008, 0.016072069012862008, 0.016072069012862008, 0.016072069012862008, 0.016072069012862008, 0.016072069012862008, 0.016072069012862008, 0.016072069012862008, 0.016072069012862008, 0.016072069012862008, 0.016072069012862008, 0.016072069012862008, 0.016072069012862008, 0.016072069012862008, 0.016072069012862008, 0.016072069012862008, 0.016072069012862008, 0.016072069012862008, 0.016072069012862008, 0.016072069012862008, 0.016072069012862008, 0.016072069012862008, 0.016072069012862008, 0.016072069012862008, 0.016072069012862008, 0.016072069012862008, 0.016072069012862008, 0.016072069012862008],