{"draw_idx": 100, "draws": null, "_stats": [{"depth": [7, 8, 8, 8, 9, 8, 8, 5, 8, 7, 6, 5, 8, 8, 8, 7, 6, 6, 6, 6, 8, 8, 6, 7, 9, 6, 7, 6, 4, 8, 6, 9, 8, 6, 7, 8, 3, 6, 9, 8, 8, 7, 6, 8, 9, 8, 8, 8, 8, 8, 8, 7, 8, 7, 8, 7, 8, 7, 8, 8, 8, 7, 8, 8, 8, 8, 5, 8, 8, 8, 8, 6, 6, 8, 8, 7, 7, 8, 8, 7, 3, 8, 8, 8, 8, 8, 8, 8, 7, 7, 6, 8, 8, 8, 8, 9, 8, 7, 6, 8], "step_size": [0.02322948856177332, 0.02322948856177332, 0.02322948856177332, 0.02322948856177332, 0.02322948856177332, 0.02322948856177332, 0.02322948856177332, 0.02322948856177332, 0.02322948856177332, 0.02322948856177332, 0.02322948856177332, 0.02322948856177332, 0.02322948856177332, 0.02322948856177332, 0.02322948856177332, 0.02322948856177332, 0.02322948856177332, 0.02322948856177332, 0.02322948856177332, 0.02322948856177332, 0.02322948856177332, 0.02322948856177332, 0.02322948856177332, 0.02322948856177332, 0.02322948856177332, 0.02322948856177332, 0.02322948856177332, 0.02322948856177332, 0.02322948856177332, 0.02322948856177332, 0.02322948856177332, 0.02322948856177332, 0.02322948856177332, 0.02322948856177332, 0.02322948856177332, 0.02322948856177332, 0.02322948856177332, 0.02322948856177332, 0.02322948856177332, 0.02322948856177332, 0.02322948856177332, 0.02322948856177332, 0.02322948856177332, 0.02322948856177332, 0.02322948856177332, 0.02322948856177332, 0.02322948856177332, 0.02322948856177332, 0.02322948856177332, 0.02322948856177332, 0.02322948856177332, 0.02322948856177332, 0.02322948856177332, 0.02322948856177332, 0.02322948856177332, 0.02322948856177332, 0.02322948856177332, 0.02322948856177332, 0.02322948856177332, 0.02322948856177332, 0.02322948856177332, 0.02322948856177332, 0.02322948856177332, 0.02322948856177332, 0.02322948856177332, 0.02322948856177332, 0.02322948856177332, 0.02322948856177332, 0.02322948856177332, 0.02322948856177332, 0.02322948856177332, 0.02322948856177332, 0.02322948856177332, 0.02322948856177332, 0.02322948856177332, 0.02322948856177332, 0.02322948856177332, 0.02322948856177332, 0.02322948856177332, 0.02322948856177332, 0.02322948856177332, 0.02322948856177332, 0.02322948856177332, 0.02322948856177332, 0.02322948856177332, 0.02322948856177332, 0.02322948856177332, 0.02322948856177332, 0.02322948856177332, 0.02322948856177332, 0.02322948856177332, 0.02322948856177332, 0.02322948856177332, 0.02322948856177332, 0.02322948856177332, 0.02322948856177332, 0.02322948856177332, 0.02322948856177332, 0.02322948856177332, 0.02322948856177332], "tune": [true, false, false, false, false, false, false, false, false, false, false, false, false, false, false, false, false, false, false, false, false, false, false, false, false, false, false, false, false, false, false, false, false, false, false, false, false, false, false, false, false, false, false, false, false, false, false, false, false, false, false, false, false, false, false, false, false, false, false, false, false, false, false, false, false, false, false, false, false, false, false, false, false, false, false, false, false, false, false, false, false, false, false, false, false, false, false, false, false, false, false, false, false, false, false, false, false, false, false, false], "mean_tree_accept": [0.911413760539752, 0.6936222714863214, 0.9545838526333591, 0.9425267995323744, 0.6703122228891778, 0.9958142155337527, 0.999992483857319, 0.9998243005543513, 0.9614717611873215, 0.4736505973744498, 0.33368117674990433, 0.89602230491032, 0.5664390734981274, 0.6853261547800554, 0.8667695267436614, 0.7237823130660258, 0.34922530647490224, 0.3575519873372953, 0.6989430348655852, 0.7969610143935526, 0.5145165346513904, 0.0892009028243717, 0.2548542535379092, 0.5766688659392708, 0.1563298366390253, 0.6014017028150128, 0.7982562203908247, 0.27807419813081463, 0.7035512195002777, 0.20391776803183306, 0.7423088300138678, 0.5394753133665035, 0.7136757968937237, 0.995366488316247, 0.9927247082350688, 0.9496150399015819, 0.9444022570007287, 0.9996041511897478, 0.6541891653866787, 0.9911581447514269, 0.9962757928868712, 0.9983742950871999, 0.977754968543286, 0.9969905972967281, 0.9793203424094796, 0.9891896549372411, 0.9999944861804398, 0.9957508059757654, 0.9969447290692229, 0.9974153233301767, 0.9910977344328444, 0.9876787536488223, 0.9767686502328524, 0.9996107660772401, 0.945467894356412, 0.9547562434340188, 0.9912087052656626, 0.9970414784261938, 0.995731612250158, 0.9959077953115325, 0.9831807335025264, 0.9964750923432614, 0.9999844381457497, 0.985200545106401, 0.9934553061416858, 0.999921434282273, 0.9981164344742182, 0.9997632681999772, 0.9876867707544756, 0.9983760110687939, 0.9884497817530574, 0.97571684351976, 0.8792066950990829, 0.9052752820623486, 0.9947434380458662, 0.9836526536736183, 0.5668949187170186, 0.973250095503251, 0.9729804135591446, 0.9977952529980059, 0.9986828187687092, 0.9916195971961864, 0.995086100366902, 0.9956878069017272, 0.9981327624948575, 0.9698845668891025, 0.9588613804389821, 0.9740115275361416, 0.281184915311389, 0.790725986162592, 0.639732918932597, 0.8300807343329086, 0.9996988303765599, 0.9993423891553954, 0.985108549509722, 0.9808031642811034, 0.956766344377933, 0.9757167741538519, 0.9927583230526278, 0.9979214908716983], "step_size_bar": [0.010345587657429673, 0.010345587657429673, 0.010345587657429673, 0.010345587657429673, 0.010345587657429673, 0.010345587657429673, 0.010345587657429673, 0.010345587657429673, 0.010345587657429673, 0.010345587657429673, 0.010345587657429673, 0.010345587657429673, 0.010345587657429673, 0.010345587657429673, 0.010345587657429673, 0.010345587657429673, 0.010345587657429673, 0.010345587657429673, 0.010345587657429673, 0.010345587657429673, 0.010345587657429673, 0.010345587657429673, 0.010345587657429673, 0.010345587657429673, 0.010345587657429673, 0.010345587657429673, 0.010345587657429673, 0.010345587657429673, 0.010345587657429673, 0.010345587657429673, 0.010345587657429673, 0.010345587657429673, 0.010345587657429673, 0.010345587657429673, 0.010345587657429673, 0.010345587657429673, 0.010345587657429673, 0.010345587657429673, 0.010345587657429673, 0.010345587657429673, 0.010345587657429673, 0.010345587657429673, 0.010345587657429673, 0.010345587657429673, 0.010345587657429673, 0.010345587657429673, 0.010345587657429673, 0.010345587657429673, 0.010345587657429673, 0.010345587657429673, 0.010345587657429673, 0.010345587657429673, 0.010345587657429673, 0.010345587657429673, 0.010345587657429673, 0.010345587657429673, 0.010345587657429673, 0.010345587657429673, 0.010345587657429673, 0.010345587657429673, 0.010345587657429673, 0.010345587657429673, 0.010345587657429673, 0.010345587657429673, 0.010345587657429673, 0.010345587657429673, 0.010345587657429673, 0.010345587657429673, 0.010345587657429673, 0.010345587657429673, 0.010345587657429673, 0.010345587657429673, 0.010345587657429673, 0.010345587657429673, 0.010345587657429673, 0.010345587657429673, 0.010345587657429673, 0.010345587657429673, 0.010345587657429673, 0.010345587657429673, 0.010345587657429673, 0.010345587657429673, 0.010345587657429673, 0.010345587657429673, 0.010345587657429673, 0.010345587657429673, 0.010345587657429673, 0.010345587657429673, 0.010345587657429673, 0.010345587657429673, 0.010345587657429673, 0.010345587657429673, 0.010345587657429673, 0.010345587657429673, 0.010345587657429673, 0.010345587657429673, 0.010345587657429673, 0.010345587657429673, 0.010345587657429673, 0.010345587657429673],