{"draw_idx": 100, "draws": null, "_stats": [{"depth": [8, 7, 8, 4, 7, 9, 7, 7, 8, 4, 8, 8, 8, 6, 8, 5, 8, 8, 7, 8, 7, 7, 7, 4, 7, 8, 7, 3, 7, 7, 5, 7, 8, 5, 7, 8, 7, 7, 5, 8, 8, 7, 7, 7, 7, 7, 7, 7, 7, 4, 8, 5, 6, 8, 8, 7, 7, 7, 8, 7, 8, 7, 8, 6, 7, 8, 7, 6, 5, 7, 7, 7, 7, 7, 7, 5, 6, 8, 7, 7, 7, 8, 6, 5, 7, 8, 8, 5, 8, 4, 6, 7, 7, 9, 8, 7, 8, 7, 8, 7], "step_size": [0.0119135097968035, 0.0119135097968035, 0.0119135097968035, 0.0119135097968035, 0.0119135097968035, 0.0119135097968035, 0.0119135097968035, 0.0119135097968035, 0.0119135097968035, 0.0119135097968035, 0.0119135097968035, 0.0119135097968035, 0.0119135097968035, 0.0119135097968035, 0.0119135097968035, 0.0119135097968035, 0.0119135097968035, 0.0119135097968035, 0.0119135097968035, 0.0119135097968035, 0.0119135097968035, 0.0119135097968035, 0.0119135097968035, 0.0119135097968035, 0.0119135097968035, 0.0119135097968035, 0.0119135097968035, 0.0119135097968035, 0.0119135097968035, 0.0119135097968035, 0.0119135097968035, 0.0119135097968035, 0.0119135097968035, 0.0119135097968035, 0.0119135097968035, 0.0119135097968035, 0.0119135097968035, 0.0119135097968035, 0.0119135097968035, 0.0119135097968035, 0.0119135097968035, 0.0119135097968035, 0.0119135097968035, 0.0119135097968035, 0.0119135097968035, 0.0119135097968035, 0.0119135097968035, 0.0119135097968035, 0.0119135097968035, 0.0119135097968035, 0.0119135097968035, 0.0119135097968035, 0.0119135097968035, 0.0119135097968035, 0.0119135097968035, 0.0119135097968035, 0.0119135097968035, 0.0119135097968035, 0.0119135097968035, 0.0119135097968035, 0.0119135097968035, 0.0119135097968035, 0.0119135097968035, 0.0119135097968035, 0.0119135097968035, 0.0119135097968035, 0.0119135097968035, 0.0119135097968035, 0.0119135097968035, 0.0119135097968035, 0.0119135097968035, 0.0119135097968035, 0.0119135097968035, 0.0119135097968035, 0.0119135097968035, 0.0119135097968035, 0.0119135097968035, 0.0119135097968035, 0.0119135097968035, 0.0119135097968035, 0.0119135097968035, 0.0119135097968035, 0.0119135097968035, 0.0119135097968035, 0.0119135097968035, 0.0119135097968035, 0.0119135097968035, 0.0119135097968035, 0.0119135097968035, 0.0119135097968035, 0.0119135097968035, 0.0119135097968035, 0.0119135097968035, 0.0119135097968035, 0.0119135097968035, 0.0119135097968035, 0.0119135097968035, 0.0119135097968035, 0.0119135097968035, 0.0119135097968035], "tune": [true, false, false, false, false, false, false, false, false, false, false, false, false, false, false, false, false, false, false, false, false, false, false, false, false, false, false, false, false, false, false, false, false, false, false, false, false, false, false, false, false, false, false, false, false, false, false, false, false, false, false, false, false, false, false, false, false, false, false, false, false, false, false, false, false, false, false, false, false, false, false, false, false, false, false, false, false, false, false, false, false, false, false, false, false, false, false, false, false, false, false, false, false, false, false, false, false, false, false, false], "mean_tree_accept": [0.9965244181235501, 0.9926825903105166, 0.763267720538665, 0.7629269337075713, 0.944755402869222, 0.9166095794906292, 0.9988973230159409, 0.9965907935830841, 0.9637773812503446, 0.9954207752720893, 0.9420591134519918, 0.9908701953780019, 0.8220703882882496, 0.9970563290217808, 0.9923832991161148, 0.9995956393068915, 0.9929943047614068, 0.7043262301308685, 0.9992005494266658, 0.9978834798026216, 0.9995956982093859, 0.982570325365629, 0.9922560761434738, 0.9515374904587214, 0.9992718793502783, 0.9808566802007515, 0.9664958298808115, 0.9995036866176196, 0.9991483217544308, 0.9995890466130802, 0.727979240568734, 0.9953840123364204, 0.9797860533811179, 0.9991796165074192, 0.9597285958751199, 0.9652014378220625, 0.9990959223616166, 0.9946410206668617, 0.9965998416294086, 0.9874535954007143, 0.9870272345286513, 0.9904582008968664, 0.9995675790032668, 0.9984454895773933, 0.9996103026225995, 0.9458885902915561, 0.9922153211368608, 0.9992835568546359, 0.9906361457435695, 0.8996978001074895, 0.9563958812568355, 0.9997985471017917, 0.9987414103917176, 0.978504553058605, 0.9927581627678715, 0.9822901869404322, 0.9965364168552403, 0.991123856409266, 0.9954576639230309, 0.8031609768106555, 0.8106303595970974, 0.9935150769976502, 0.8764860446867578, 0.9993055856551742, 0.9997491705399129, 0.9954583547422152, 0.9380072649007621, 0.9950985501889203, 0.9943871603509102, 0.9984143202253043, 0.9992809414532219, 0.9976283124483326, 0.997393931210725, 0.9898440499717447, 0.9997587475938015, 0.9994722430782104, 0.959498084918535, 0.9947255182501091, 0.9981750399648924, 0.9995554505211802, 0.9617834617880147, 0.9860326049768022, 0.9915308975067884, 0.995386279001924, 0.9991742140239103, 0.9801498469160974, 0.9794122848002689, 0.9863772473350322, 0.9999417676934967, 0.9964592886538036, 0.9537286357195371, 0.9995008134551956, 0.9845733389629295, 0.9980568612812861, 0.262577110039284, 0.4745328621143506, 0.9752646553201199, 0.9564406204370764, 0.8080387993891887, 0.9298719693261156], "step_size_bar": [0.012248152617579593, 0.012248152617579593, 0.012248152617579593, 0.012248152617579593, 0.012248152617579593, 0.012248152617579593, 0.012248152617579593, 0.012248152617579593, 0.012248152617579593, 0.012248152617579593, 0.012248152617579593, 0.012248152617579593, 0.012248152617579593, 0.012248152617579593, 0.012248152617579593, 0.012248152617579593, 0.012248152617579593, 0.012248152617579593, 0.012248152617579593, 0.012248152617579593, 0.012248152617579593, 0.012248152617579593, 0.012248152617579593, 0.012248152617579593, 0.012248152617579593, 0.012248152617579593, 0.012248152617579593, 0.012248152617579593, 0.012248152617579593, 0.012248152617579593, 0.012248152617579593, 0.012248152617579593, 0.012248152617579593, 0.012248152617579593, 0.012248152617579593, 0.012248152617579593, 0.012248152617579593, 0.012248152617579593, 0.012248152617579593, 0.012248152617579593, 0.012248152617579593, 0.012248152617579593, 0.012248152617579593, 0.012248152617579593, 0.012248152617579593, 0.012248152617579593, 0.012248152617579593, 0.012248152617579593, 0.012248152617579593, 0.012248152617579593, 0.012248152617579593, 0.012248152617579593, 0.012248152617579593, 0.012248152617579593, 0.012248152617579593, 0.012248152617579593, 0.012248152617579593, 0.012248152617579593, 0.012248152617579593, 0.012248152617579593, 0.012248152617579593, 0.012248152617579593, 0.012248152617579593, 0.012248152617579593, 0.012248152617579593, 0.012248152617579593, 0.012248152617579593, 0.012248152617579593, 0.012248152617579593, 0.012248152617579593, 0.012248152617579593, 0.012248152617579593, 0.012248152617579593, 0.012248152617579593, 0.012248152617579593, 0.012248152617579593, 0.012248152617579593, 0.012248152617579593, 0.012248152617579593, 0.012248152617579593, 0.012248152617579593, 0.012248152617579593, 0.012248152617579593, 0.012248152617579593, 0.012248152617579593, 0.012248152617579593, 0.012248152617579593, 0.012248152617579593, 0.012248152617579593, 0.012248152617579593, 0.012248152617579593, 0.012248152617579593, 0.012248152617579593, 0.012248152617579593, 0.012248152617579593, 0.012248152617579593, 0.012248152617579593, 0.012248152617579593, 0.012248152617579593, 0.012248152617579593], "tree_size": [255.0, 127.0, 255.0, 15.0, 127.0, 383.0, 127.0, 127.0, 255.0, 15.0, 255.0, 191.0, 251.0, 63.0, 191.0, 31.0, 151.0, 255.0, 127.0, 191.0, 127.0, 87.0, 119.0, 15.0, 127.0, 255.0, 127.0, 7.0, 127.0, 127.0, 23.0, 127.0, 255.0, 31.0, 127.0, 255.0, 127.0, 127.0, 31.0, 255.0, 255.0, 127.0, 127.0, 127.0, 127.0, 127.0, 127.0, 127.0, 127.0, 11.0, 255.0, 31.0, 63.0, 191.0, 255.0, 127.0, 95.0, 127.0, 255.0, 127.0, 255.0, 127.0, 255.0, 47.0, 127.0, 255.0, 95.0, 63.0, 31.0, 127.0, 127.0, 127.0, 127.0, 127.0, 127.0, 31.0, 63.0, 255.0, 95.0, 127.0, 127.0, 255.0, 63.0, 31.0, 127.0, 191.0, 255.0, 31.0, 255.0, 15.0, 63.0, 127.0, 127.0, 383.0, 191.0, 79.0, 255.0, 127.0, 255.0, 127.0],