{"draw_idx": 100, "draws": null, "_stats": [{"depth": [5, 7, 8, 7, 6, 7, 7, 7, 7, 8, 7, 7, 6, 6, 7, 7, 6, 7, 6, 5, 7, 7, 7, 6, 6, 6, 7, 7, 7, 3, 7, 6, 7, 7, 7, 7, 7, 7, 7, 5, 7, 7, 7, 7, 6, 7, 6, 7, 7, 7, 8, 8, 6, 7, 5, 7, 7, 4, 7, 8, 6, 7, 5, 7, 5, 5, 6, 7, 7, 8, 6, 7, 7, 7, 7, 6, 6, 8, 8, 6, 8, 7, 6, 4, 6, 7, 7, 7, 6, 5, 7, 4, 6, 7, 7, 5, 4, 4, 5, 5], "step_size": [0.03656145993722684, 0.03656145993722684, 0.03656145993722684, 0.03656145993722684, 0.03656145993722684, 0.03656145993722684, 0.03656145993722684, 0.03656145993722684, 0.03656145993722684, 0.03656145993722684, 0.03656145993722684, 0.03656145993722684, 0.03656145993722684, 0.03656145993722684, 0.03656145993722684, 0.03656145993722684, 0.03656145993722684, 0.03656145993722684, 0.03656145993722684, 0.03656145993722684, 0.03656145993722684, 0.03656145993722684, 0.03656145993722684, 0.03656145993722684, 0.03656145993722684, 0.03656145993722684, 0.03656145993722684, 0.03656145993722684, 0.03656145993722684, 0.03656145993722684, 0.03656145993722684, 0.03656145993722684, 0.03656145993722684, 0.03656145993722684, 0.03656145993722684, 0.03656145993722684, 0.03656145993722684, 0.03656145993722684, 0.03656145993722684, 0.03656145993722684, 0.03656145993722684, 0.03656145993722684, 0.03656145993722684, 0.03656145993722684, 0.03656145993722684, 0.03656145993722684, 0.03656145993722684, 0.03656145993722684, 0.03656145993722684, 0.03656145993722684, 0.03656145993722684, 0.03656145993722684, 0.03656145993722684, 0.03656145993722684, 0.03656145993722684, 0.03656145993722684, 0.03656145993722684, 0.03656145993722684, 0.03656145993722684, 0.03656145993722684, 0.03656145993722684, 0.03656145993722684, 0.03656145993722684, 0.03656145993722684, 0.03656145993722684, 0.03656145993722684, 0.03656145993722684, 0.03656145993722684, 0.03656145993722684, 0.03656145993722684, 0.03656145993722684, 0.03656145993722684, 0.03656145993722684, 0.03656145993722684, 0.03656145993722684, 0.03656145993722684, 0.03656145993722684, 0.03656145993722684, 0.03656145993722684, 0.03656145993722684, 0.03656145993722684, 0.03656145993722684, 0.03656145993722684, 0.03656145993722684, 0.03656145993722684, 0.03656145993722684, 0.03656145993722684, 0.03656145993722684, 0.03656145993722684, 0.03656145993722684, 0.03656145993722684, 0.03656145993722684, 0.03656145993722684, 0.03656145993722684, 0.03656145993722684, 0.03656145993722684, 0.03656145993722684, 0.03656145993722684, 0.03656145993722684, 0.03656145993722684], "tune": [true, false, false, false, false, false, false, false, false, false, false, false, false, false, false, false, false, false, false, false, false, false, false, false, false, false, false, false, false, false, false, false, false, false, false, false, false, false, false, false, false, false, false, false, false, false, false, false, false, false, false, false, false, false, false, false, false, false, false, false, false, false, false, false, false, false, false, false, false, false, false, false, false, false, false, false, false, false, false, false, false, false, false, false, false, false, false, false, false, false, false, false, false, false, false, false, false, false, false, false], "mean_tree_accept": [0.8604552626665947, 0.9977721463149474, 0.9265540922301108, 0.9986038365889902, 0.9967578134484739, 0.9788739151778147, 0.9851650995645372, 0.9971327286125077, 0.9404342156946497, 0.8458812067300511, 0.9910071013926484, 0.997970541101508, 0.9995163002556458, 0.9837194334548401, 0.9997851137930075, 0.9908294828466984, 0.9849402037546191, 0.988477113199854, 0.9925833988639028, 0.9749514094704266, 0.8215476041770956, 0.9811941499154233, 0.9979162621438521, 0.9957488988109674, 0.9863312310344572, 0.9249743668616619, 0.9697577674060573, 0.9908049180537595, 0.9969425770115561, 0.9540062208555763, 0.9954587991090168, 0.9997377655284144, 0.9969452464896413, 0.9694582355650947, 0.9985810447977481, 0.9936866747566303, 0.9982867288801289, 0.9971406854453778, 0.691168554329963, 0.6637438473583793, 0.1584998342242698, 0.6978694431813554, 0.9981317295603388, 0.7878641396025736, 0.996197314692967, 0.9936962895994755, 0.9681525511681807, 0.9814231077550598, 0.999648448264538, 0.6648152850971158, 0.9991193132086706, 0.9686523364296874, 0.39278776856680214, 0.9965924685936739, 0.9997492523416989, 0.9774003684908523, 0.9956226839610691, 0.831654043465439, 0.9987694985027368, 0.9616559631526898, 0.9958733423443165, 0.999655743118463, 0.9999535042630086, 0.9800842195773158, 0.9702292760416205, 0.997297137056834, 0.9579114243665349, 0.9972024246570868, 0.995629518883868, 0.9263823532734288, 0.9911860220911535, 0.9417561997243121, 0.9965927638677251, 0.8981453048835659, 0.8728051081563671, 0.19244445528622928, 0.2845690466027656, 0.13421590651026313, 0.18914212951453954, 0.4227243580290229, 0.05631429385786501, 0.028655635469962196, 0.24528996827600927, 0.3298380623414767, 0.03492702861596402, 0.08921636432083949, 0.005522361074888727, 0.007396049158024314, 0.06438204375341447, 0.10484542616581807, 0.07422685115550567, 0.10902943231713995, 0.04145886409578207, 0.003262419421789715, 0.012528704366012344, 0.12401152963326201, 0.20985835414357681, 0.004102908176868724, 0.04500915865074479, 0.005955362741390067], "step_size_bar": [0.016405299310516427, 0.016405299310516427, 0.016405299310516427, 0.016405299310516427, 0.016405299310516427, 0.016405299310516427, 0.016405299310516427, 0.016405299310516427, 0.016405299310516427, 0.016405299310516427, 0.016405299310516427, 0.016405299310516427, 0.016405299310516427, 0.016405299310516427, 0.016405299310516427, 0.016405299310516427, 0.016405299310516427, 0.016405299310516427, 0.016405299310516427, 0.016405299310516427, 0.016405299310516427, 0.016405299310516427, 0.016405299310516427, 0.016405299310516427, 0.016405299310516427, 0.016405299310516427, 0.016405299310516427, 0.016405299310516427, 0.016405299310516427, 0.016405299310516427, 0.016405299310516427, 0.016405299310516427, 0.016405299310516427, 0.016405299310516427, 0.016405299310516427, 0.016405299310516427, 0.016405299310516427, 0.016405299310516427, 0.016405299310516427, 0.016405299310516427, 0.016405299310516427, 0.016405299310516427, 0.016405299310516427, 0.016405299310516427, 0.016405299310516427, 0.016405299310516427, 0.016405299310516427, 0.016405299310516427, 0.016405299310516427, 0.016405299310516427, 0.016405299310516427, 0.016405299310516427, 0.016405299310516427, 0.016405299310516427, 0.016405299310516427, 0.016405299310516427, 0.016405299310516427, 0.016405299310516427, 0.016405299310516427, 0.016405299310516427, 0.016405299310516427, 0.016405299310516427, 0.016405299310516427, 0.016405299310516427, 0.016405299310516427, 0.016405299310516427, 0.016405299310516427, 0.016405299310516427, 0.016405299310516427, 0.016405299310516427, 0.016405299310516427, 0.016405299310516427, 0.016405299310516427, 0.016405299310516427, 0.016405299310516427, 0.016405299310516427, 0.016405299310516427, 0.016405299310516427, 0.016405299310516427, 0.016405299310516427, 0.016405299310516427, 0.016405299310516427, 0.016405299310516427, 0.016405299310516427, 0.016405299310516427, 0.016405299310516427, 0.016405299310516427, 0.016405299310516427, 0.016405299310516427, 0.016405299310516427, 0.016405299310516427, 0.016405299310516427, 0.016405299310516427, 0.016405299310516427, 0.016405299310516427, 0.016405299310516427, 0.016405299310516427, 0.016405299310516427, 0.016405299310516427, 0.016405299310516427],