{"draw_idx": 100, "draws": null, "_stats": [{"depth": [7, 6, 7, 7, 6, 6, 6, 6, 6, 5, 6, 5, 6, 7, 7, 4, 7, 5, 6, 5, 5, 5, 7, 6, 6, 6, 6, 5, 7, 6, 5, 6, 6, 7, 6, 6, 6, 4, 3, 6, 6, 6, 5, 6, 6, 6, 5, 6, 7, 7, 6, 6, 6, 6, 6, 6, 7, 7, 6, 6, 6, 6, 5, 6, 5, 6, 5, 7, 6, 6, 7, 7, 6, 7, 5, 6, 6, 5, 6, 5, 7, 6, 6, 4, 6, 6, 5, 5, 7, 3, 6, 7, 6, 6, 5, 6, 7, 4, 7, 6], "step_size": [0.03316779986449831, 0.03316779986449831, 0.03316779986449831, 0.03316779986449831, 0.03316779986449831, 0.03316779986449831, 0.03316779986449831, 0.03316779986449831, 0.03316779986449831, 0.03316779986449831, 0.03316779986449831, 0.03316779986449831, 0.03316779986449831, 0.03316779986449831, 0.03316779986449831, 0.03316779986449831, 0.03316779986449831, 0.03316779986449831, 0.03316779986449831, 0.03316779986449831, 0.03316779986449831, 0.03316779986449831, 0.03316779986449831, 0.03316779986449831, 0.03316779986449831, 0.03316779986449831, 0.03316779986449831, 0.03316779986449831, 0.03316779986449831, 0.03316779986449831, 0.03316779986449831, 0.03316779986449831, 0.03316779986449831, 0.03316779986449831, 0.03316779986449831, 0.03316779986449831, 0.03316779986449831, 0.03316779986449831, 0.03316779986449831, 0.03316779986449831, 0.03316779986449831, 0.03316779986449831, 0.03316779986449831, 0.03316779986449831, 0.03316779986449831, 0.03316779986449831, 0.03316779986449831, 0.03316779986449831, 0.03316779986449831, 0.03316779986449831, 0.03316779986449831, 0.03316779986449831, 0.03316779986449831, 0.03316779986449831, 0.03316779986449831, 0.03316779986449831, 0.03316779986449831, 0.03316779986449831, 0.03316779986449831, 0.03316779986449831, 0.03316779986449831, 0.03316779986449831, 0.03316779986449831, 0.03316779986449831, 0.03316779986449831, 0.03316779986449831, 0.03316779986449831, 0.03316779986449831, 0.03316779986449831, 0.03316779986449831, 0.03316779986449831, 0.03316779986449831, 0.03316779986449831, 0.03316779986449831, 0.03316779986449831, 0.03316779986449831, 0.03316779986449831, 0.03316779986449831, 0.03316779986449831, 0.03316779986449831, 0.03316779986449831, 0.03316779986449831, 0.03316779986449831, 0.03316779986449831, 0.03316779986449831, 0.03316779986449831, 0.03316779986449831, 0.03316779986449831, 0.03316779986449831, 0.03316779986449831, 0.03316779986449831, 0.03316779986449831, 0.03316779986449831, 0.03316779986449831, 0.03316779986449831, 0.03316779986449831, 0.03316779986449831, 0.03316779986449831, 0.03316779986449831, 0.03316779986449831], "tune": [true, false, false, false, false, false, false, false, false, false, false, false, false, false, false, false, false, false, false, false, false, false, false, false, false, false, false, false, false, false, false, false, false, false, false, false, false, false, false, false, false, false, false, false, false, false, false, false, false, false, false, false, false, false, false, false, false, false, false, false, false, false, false, false, false, false, false, false, false, false, false, false, false, false, false, false, false, false, false, false, false, false, false, false, false, false, false, false, false, false, false, false, false, false, false, false, false, false, false, false], "mean_tree_accept": [0.9952416755280509, 0.9455204200969182, 0.9962420758338326, 0.9907529485340022, 0.9921075687960978, 0.9861821627227936, 0.9875269479543471, 0.9416814268928814, 0.9974674436399911, 0.9960735404079867, 0.9936220540887866, 0.997683588564201, 0.9921424030453505, 0.9865236693467382, 0.9875232258931504, 0.9346454939700716, 0.998452579547047, 0.955669171203233, 0.9792780455847792, 0.998984981953246, 0.9977932504414107, 0.9683789774675475, 0.9926269715991323, 0.9980840973851816, 0.9922161901156915, 0.9981425484176584, 0.9827000213745988, 0.9824942630562008, 0.979915270391769, 0.9997323233082254, 0.9964471968052145, 0.9987352897410716, 0.9811003369495931, 0.8451026776782893, 0.9668887066192526, 0.956002178349213, 0.9985738078232845, 0.9550700650387199, 0.9953613694824461, 0.9999616030910945, 0.9891474283458791, 0.986932042268026, 0.9237854525082279, 0.9115584406727285, 0.8906191228268037, 0.9525067840759086, 0.8265845610509077, 0.6762407958526924, 0.764371421658111, 0.7578006662098896, 0.9787489700922357, 0.999139540832524, 0.9758372200212019, 0.9865977083448666, 0.9856188517935054, 0.9741763734813046, 0.9870731207458938, 0.9702068403142975, 0.993988494204398, 0.9821464191433922, 0.9940259448773774, 0.9556747742137977, 0.9883582291330767, 0.9854659328887927, 0.9814075215733006, 0.9868901049108232, 0.9980232859593923, 0.8401906360489635, 0.9759624694831377, 0.9963438889484225, 0.992365813421099, 0.9941553303004917, 0.9852944410991231, 0.9938037597023746, 0.9987143055956876, 0.9946333027505587, 0.9675879933845261, 0.9990941069686095, 0.971404818242786, 0.9969968316879906, 0.9883808060113387, 0.9888956897565336, 0.9782198340834218, 0.9937227112005568, 0.9926303664029619, 0.9519184378574144, 0.9695245612847736, 0.9999459953028188, 0.9953000050607785, 0.913856193917205, 0.9996706215315663, 0.9988266317339712, 0.9507241743850594, 0.966439662190526, 0.9922607269452376, 0.9625752755068037, 0.6343189042670758, 0.9796469839640191, 0.9993468385668429, 0.9495844459322527], "step_size_bar": [0.03450457595373046, 0.03450457595373046, 0.03450457595373046, 0.03450457595373046, 0.03450457595373046, 0.03450457595373046, 0.03450457595373046, 0.03450457595373046, 0.03450457595373046, 0.03450457595373046, 0.03450457595373046, 0.03450457595373046, 0.03450457595373046, 0.03450457595373046, 0.03450457595373046, 0.03450457595373046, 0.03450457595373046, 0.03450457595373046, 0.03450457595373046, 0.03450457595373046, 0.03450457595373046, 0.03450457595373046, 0.03450457595373046, 0.03450457595373046, 0.03450457595373046, 0.03450457595373046, 0.03450457595373046, 0.03450457595373046, 0.03450457595373046, 0.03450457595373046, 0.03450457595373046, 0.03450457595373046, 0.03450457595373046, 0.03450457595373046, 0.03450457595373046, 0.03450457595373046, 0.03450457595373046, 0.03450457595373046, 0.03450457595373046, 0.03450457595373046, 0.03450457595373046, 0.03450457595373046, 0.03450457595373046, 0.03450457595373046, 0.03450457595373046, 0.03450457595373046, 0.03450457595373046, 0.03450457595373046, 0.03450457595373046, 0.03450457595373046, 0.03450457595373046, 0.03450457595373046, 0.03450457595373046, 0.03450457595373046, 0.03450457595373046, 0.03450457595373046, 0.03450457595373046, 0.03450457595373046, 0.03450457595373046, 0.03450457595373046, 0.03450457595373046, 0.03450457595373046, 0.03450457595373046, 0.03450457595373046, 0.03450457595373046, 0.03450457595373046, 0.03450457595373046, 0.03450457595373046, 0.03450457595373046, 0.03450457595373046, 0.03450457595373046, 0.03450457595373046, 0.03450457595373046, 0.03450457595373046, 0.03450457595373046, 0.03450457595373046, 0.03450457595373046, 0.03450457595373046, 0.03450457595373046, 0.03450457595373046, 0.03450457595373046, 0.03450457595373046, 0.03450457595373046, 0.03450457595373046, 0.03450457595373046, 0.03450457595373046, 0.03450457595373046, 0.03450457595373046, 0.03450457595373046, 0.03450457595373046, 0.03450457595373046, 0.03450457595373046, 0.03450457595373046, 0.03450457595373046, 0.03450457595373046, 0.03450457595373046, 0.03450457595373046, 0.03450457595373046, 0.03450457595373046, 0.03450457595373046], "tree_size": [127.0, 63.0, 95.0, 95.0, 63.0, 63.0, 63.0, 63.0, 63.0, 31.0, 63.0, 31.0, 63.0, 127.0, 127.0, 15.0, 127.0, 31.0, 63.0, 31.0, 31.0, 23.0, 127.0, 63.0, 63.0, 63.0, 63.0, 23.0, 127.0, 63.0, 31.0, 63.0, 63.0, 127.0, 55.0, 63.0, 63.0, 15.0, 7.0, 63.0, 63.0, 63.0, 23.0, 63.0, 63.0, 63.0, 27.0, 63.0, 127.0, 95.0, 63.0, 63.0, 63.0, 55.0, 47.0, 63.0, 79.0, 95.0, 55.0, 47.0, 63.0, 47.0, 31.0, 63.0, 31.0, 47.0, 31.0, 127.0, 63.0, 63.0, 127.0, 127.0, 63.0, 127.0, 31.0, 63.0, 63.0, 31.0, 63.0, 31.0, 127.0, 63.0, 63.0, 15.0, 63.0, 63.0, 31.0, 31.0, 127.0, 7.0, 63.0, 127.0, 63.0, 63.0, 23.0, 63.0, 127.0, 15.0, 127.0, 63.0],