{"draw_idx": 100, "draws": null, "_stats": [{"depth": [6, 7, 7, 8, 7, 7, 7, 7, 7, 7, 7, 8, 6, 8, 7, 7, 5, 7, 8, 7, 7, 7, 7, 7, 7, 5, 6, 7, 7, 7, 7, 6, 8, 7, 7, 5, 7, 7, 7, 4, 7, 3, 6, 8, 7, 7, 7, 7, 8, 7, 7, 7, 6, 7, 4, 7, 4, 8, 8, 7, 7, 6, 8, 7, 6, 7, 7, 7, 5, 7, 7, 8, 7, 6, 6, 7, 7, 7, 6, 7, 8, 8, 7, 7, 6, 8, 8, 7, 7, 7, 7, 6, 8, 7, 7, 7, 5, 7, 7, 7], "step_size": [0.0077193407713720555, 0.0077193407713720555, 0.0077193407713720555, 0.0077193407713720555, 0.0077193407713720555, 0.0077193407713720555, 0.0077193407713720555, 0.0077193407713720555, 0.0077193407713720555, 0.0077193407713720555, 0.0077193407713720555, 0.0077193407713720555, 0.0077193407713720555, 0.0077193407713720555, 0.0077193407713720555, 0.0077193407713720555, 0.0077193407713720555, 0.0077193407713720555, 0.0077193407713720555, 0.0077193407713720555, 0.0077193407713720555, 0.0077193407713720555, 0.0077193407713720555, 0.0077193407713720555, 0.0077193407713720555, 0.0077193407713720555, 0.0077193407713720555, 0.0077193407713720555, 0.0077193407713720555, 0.0077193407713720555, 0.0077193407713720555, 0.0077193407713720555, 0.0077193407713720555, 0.0077193407713720555, 0.0077193407713720555, 0.0077193407713720555, 0.0077193407713720555, 0.0077193407713720555, 0.0077193407713720555, 0.0077193407713720555, 0.0077193407713720555, 0.0077193407713720555, 0.0077193407713720555, 0.0077193407713720555, 0.0077193407713720555, 0.0077193407713720555, 0.0077193407713720555, 0.0077193407713720555, 0.0077193407713720555, 0.0077193407713720555, 0.0077193407713720555, 0.0077193407713720555, 0.0077193407713720555, 0.0077193407713720555, 0.0077193407713720555, 0.0077193407713720555, 0.0077193407713720555, 0.0077193407713720555, 0.0077193407713720555, 0.0077193407713720555, 0.0077193407713720555, 0.0077193407713720555, 0.0077193407713720555, 0.0077193407713720555, 0.0077193407713720555, 0.0077193407713720555, 0.0077193407713720555, 0.0077193407713720555, 0.0077193407713720555, 0.0077193407713720555, 0.0077193407713720555, 0.0077193407713720555, 0.0077193407713720555, 0.0077193407713720555, 0.0077193407713720555, 0.0077193407713720555, 0.0077193407713720555, 0.0077193407713720555, 0.0077193407713720555, 0.0077193407713720555, 0.0077193407713720555, 0.0077193407713720555, 0.0077193407713720555, 0.0077193407713720555, 0.0077193407713720555, 0.0077193407713720555, 0.0077193407713720555, 0.0077193407713720555, 0.0077193407713720555, 0.0077193407713720555, 0.0077193407713720555, 0.0077193407713720555, 0.0077193407713720555, 0.0077193407713720555, 0.0077193407713720555, 0.0077193407713720555, 0.0077193407713720555, 0.0077193407713720555, 0.0077193407713720555, 0.0077193407713720555], "tune": [true, false, false, false, false, false, false, false, false, false, false, false, false, false, false, false, false, false, false, false, false, false, false, false, false, false, false, false, false, false, false, false, false, false, false, false, false, false, false, false, false, false, false, false, false, false, false, false, false, false, false, false, false, false, false, false, false, false, false, false, false, false, false, false, false, false, false, false, false, false, false, false, false, false, false, false, false, false, false, false, false, false, false, false, false, false, false, false, false, false, false, false, false, false, false, false, false, false, false, false], "mean_tree_accept": [0.10414466211310329, 0.99077123508259, 0.9937785591196951, 0.902981028699716, 0.9939675766931682, 0.9714032275030535, 0.9483150958479691, 0.9987184393561024, 0.9217529120658362, 0.9985015312327025, 0.999728202133532, 0.9987744589294383, 0.9979746308596493, 0.9832983186816698, 0.9984220712914329, 0.9995412874223966, 0.9995237509420996, 0.9727610789505942, 0.99049272577838, 0.9995848968141688, 0.58606412570597, 0.9154928406163295, 0.9871684812169782, 0.9904568392182488, 0.9373605985116513, 0.9976862475266551, 0.9996235148217393, 0.9936406373685563, 0.9988073237998204, 0.9791057349319264, 0.802930365474658, 0.9357144247581266, 0.9885797354695242, 0.9422709592050585, 0.8915075599058775, 0.9074097511559456, 0.9977714683076893, 0.9444274229946586, 0.8667329982499811, 0.9995859104110588, 0.6422783973685704, 0.9939236673265477, 0.9913022415329459, 0.9669346633575024, 0.9551446771164513, 0.8350410211297546, 0.821279652844823, 0.9915087465834598, 0.9924221271222874, 0.9380964510172911, 0.3224328662111904, 0.7620080307148633, 0.9561415210260796, 0.9422446681440901, 0.765443130111013, 0.9409714000621797, 0.9972364478384516, 0.9960767169869094, 0.9961407323153584, 0.7979525164648847, 0.9993027066635232, 0.9981639436767827, 0.8709475250271959, 0.9849326810296202, 0.9937458604778315, 0.9924960954398866, 0.9748827261154146, 0.9987059890824016, 0.9820283555691041, 0.9876120486258962, 0.9717433051267587, 0.9918084490035557, 0.9876555267136344, 0.9243591561330672, 0.9944562478883544, 0.9923822925654976, 0.896306666837382, 0.9778116373574437, 0.8032773529080112, 0.9994847915028701, 0.8867329012254953, 0.998571902439261, 0.9780908196925021, 0.9052208968208356, 0.5911248797588208, 0.752277264692955, 0.9682211202045079, 0.7249768956726586, 0.9849142053125736, 0.9993364275336785, 0.9969792989733767, 0.9913182677937754, 0.9934534499785835, 0.9999992108170944, 0.9929237061604153, 0.8845386798823722, 0.5239277165914568, 0.9428268319972449, 0.012495601338659507, 0.9812055623504382], "step_size_bar": [0.017362560050101974, 0.017362560050101974, 0.017362560050101974, 0.017362560050101974, 0.017362560050101974, 0.017362560050101974, 0.017362560050101974, 0.017362560050101974, 0.017362560050101974, 0.017362560050101974, 0.017362560050101974, 0.017362560050101974, 0.017362560050101974, 0.017362560050101974, 0.017362560050101974, 0.017362560050101974, 0.017362560050101974, 0.017362560050101974, 0.017362560050101974, 0.017362560050101974, 0.017362560050101974, 0.017362560050101974, 0.017362560050101974, 0.017362560050101974, 0.017362560050101974, 0.017362560050101974, 0.017362560050101974, 0.017362560050101974, 0.017362560050101974, 0.017362560050101974, 0.017362560050101974, 0.017362560050101974, 0.017362560050101974, 0.017362560050101974, 0.017362560050101974, 0.017362560050101974, 0.017362560050101974, 0.017362560050101974, 0.017362560050101974, 0.017362560050101974, 0.017362560050101974, 0.017362560050101974, 0.017362560050101974, 0.017362560050101974, 0.017362560050101974, 0.017362560050101974, 0.017362560050101974, 0.017362560050101974, 0.017362560050101974, 0.017362560050101974, 0.017362560050101974, 0.017362560050101974, 0.017362560050101974, 0.017362560050101974, 0.017362560050101974, 0.017362560050101974, 0.017362560050101974, 0.017362560050101974, 0.017362560050101974, 0.017362560050101974, 0.017362560050101974, 0.017362560050101974, 0.017362560050101974, 0.017362560050101974, 0.017362560050101974, 0.017362560050101974, 0.017362560050101974, 0.017362560050101974, 0.017362560050101974, 0.017362560050101974, 0.017362560050101974, 0.017362560050101974, 0.017362560050101974, 0.017362560050101974, 0.017362560050101974, 0.017362560050101974, 0.017362560050101974, 0.017362560050101974, 0.017362560050101974, 0.017362560050101974, 0.017362560050101974, 0.017362560050101974, 0.017362560050101974, 0.017362560050101974, 0.017362560050101974, 0.017362560050101974, 0.017362560050101974, 0.017362560050101974, 0.017362560050101974, 0.017362560050101974, 0.017362560050101974, 0.017362560050101974, 0.017362560050101974, 0.017362560050101974, 0.017362560050101974, 0.017362560050101974, 0.017362560050101974, 0.017362560050101974, 0.017362560050101974, 0.017362560050101974],