{"draw_idx": 100, "draws": null, "_stats": [{"depth": [6, 6, 3, 5, 8, 7, 8, 6, 7, 6, 9, 7, 8, 8, 8, 8, 4, 8, 8, 8, 6, 7, 7, 8, 4, 8, 6, 8, 8, 8, 8, 8, 8, 8, 8, 8, 9, 8, 8, 8, 7, 8, 7, 8, 7, 7, 8, 8, 8, 7, 7, 9, 7, 8, 4, 7, 6, 7, 8, 8, 8, 8, 7, 8, 6, 6, 8, 6, 6, 8, 7, 8, 7, 7, 7, 5, 8, 7, 7, 6, 8, 5, 7, 8, 8, 8, 2, 7, 8, 7, 8, 8, 8, 7, 8, 8, 7, 7, 8, 8], "step_size": [0.03170672023209752, 0.03170672023209752, 0.03170672023209752, 0.03170672023209752, 0.03170672023209752, 0.03170672023209752, 0.03170672023209752, 0.03170672023209752, 0.03170672023209752, 0.03170672023209752, 0.03170672023209752, 0.03170672023209752, 0.03170672023209752, 0.03170672023209752, 0.03170672023209752, 0.03170672023209752, 0.03170672023209752, 0.03170672023209752, 0.03170672023209752, 0.03170672023209752, 0.03170672023209752, 0.03170672023209752, 0.03170672023209752, 0.03170672023209752, 0.03170672023209752, 0.03170672023209752, 0.03170672023209752, 0.03170672023209752, 0.03170672023209752, 0.03170672023209752, 0.03170672023209752, 0.03170672023209752, 0.03170672023209752, 0.03170672023209752, 0.03170672023209752, 0.03170672023209752, 0.03170672023209752, 0.03170672023209752, 0.03170672023209752, 0.03170672023209752, 0.03170672023209752, 0.03170672023209752, 0.03170672023209752, 0.03170672023209752, 0.03170672023209752, 0.03170672023209752, 0.03170672023209752, 0.03170672023209752, 0.03170672023209752, 0.03170672023209752, 0.03170672023209752, 0.03170672023209752, 0.03170672023209752, 0.03170672023209752, 0.03170672023209752, 0.03170672023209752, 0.03170672023209752, 0.03170672023209752, 0.03170672023209752, 0.03170672023209752, 0.03170672023209752, 0.03170672023209752, 0.03170672023209752, 0.03170672023209752, 0.03170672023209752, 0.03170672023209752, 0.03170672023209752, 0.03170672023209752, 0.03170672023209752, 0.03170672023209752, 0.03170672023209752, 0.03170672023209752, 0.03170672023209752, 0.03170672023209752, 0.03170672023209752, 0.03170672023209752, 0.03170672023209752, 0.03170672023209752, 0.03170672023209752, 0.03170672023209752, 0.03170672023209752, 0.03170672023209752, 0.03170672023209752, 0.03170672023209752, 0.03170672023209752, 0.03170672023209752, 0.03170672023209752, 0.03170672023209752, 0.03170672023209752, 0.03170672023209752, 0.03170672023209752, 0.03170672023209752, 0.03170672023209752, 0.03170672023209752, 0.03170672023209752, 0.03170672023209752, 0.03170672023209752, 0.03170672023209752, 0.03170672023209752, 0.03170672023209752], "tune": [true, false, false, false, false, false, false, false, false, false, false, false, false, false, false, false, false, false, false, false, false, false, false, false, false, false, false, false, false, false, false, false, false, false, false, false, false, false, false, false, false, false, false, false, false, false, false, false, false, false, false, false, false, false, false, false, false, false, false, false, false, false, false, false, false, false, false, false, false, false, false, false, false, false, false, false, false, false, false, false, false, false, false, false, false, false, false, false, false, false, false, false, false, false, false, false, false, false, false, false], "mean_tree_accept": [0.9713234995147039, 0.9970362731596958, 0.7861194179647751, 0.9986590076133667, 0.9942578007214374, 0.9984385169513321, 0.9346235939767714, 0.9995339921330635, 0.985065090734994, 0.9868959707892596, 0.9517628836387432, 0.9965019755772462, 0.9972909153002968, 0.9991293051888052, 0.9982131148610375, 0.9985232307723504, 0.9578874877097103, 0.7556299606666579, 0.9841715706163812, 0.9831769510856458, 0.9998973425713181, 0.9939885420257711, 0.9825600249856818, 0.9998729246042406, 0.9868179737529863, 0.9992940629915817, 0.9988035025253885, 0.9722492374101532, 0.9757068989352694, 0.9824595478140097, 0.9898296314151604, 0.998199832653721, 0.9965936441654463, 0.9864614733377993, 0.8449115107812945, 0.9875114068710523, 0.9799113517582777, 0.9084478530616489, 0.9962681696105058, 0.9967808379900583, 0.9975741026337229, 0.9542260233204903, 0.7221660712478609, 0.685700347096161, 0.983618837858828, 0.9965327486294128, 0.9958352520109846, 0.9558309304412351, 0.9733969118391145, 0.9667687820873566, 0.9987315281072284, 0.9979775111723452, 0.9565502767443073, 0.998853015684302, 0.9705668814506995, 0.9508887212782435, 0.9517687710147409, 0.9409988695872686, 0.7162231359422867, 0.9965120716455507, 0.9977894419766322, 0.9912738907474279, 0.9944896524969304, 0.9934584833602482, 0.9984718898682842, 0.9960367642158793, 0.997976660658393, 0.9960590323446448, 0.973469172444797, 0.9999566438569978, 0.9953287250438484, 0.9988081792348197, 0.9976351167005558, 0.9991487843401933, 0.9638892287149381, 0.9966607026999093, 0.9994598021741349, 0.9997980040935409, 0.9980217525385746, 0.9970327391825557, 0.9987263903662447, 0.9512059953847894, 0.999933843287136, 0.9996663496593511, 0.9940348272325494, 0.9952799456389535, 0.8668502327302224, 0.99714477068656, 0.9855272724941385, 0.9743354708473597, 0.9898482937553481, 0.8658890446483516, 0.9891041040062856, 0.9992146244216432, 0.9939927185048626, 0.9093425227580378, 0.8905189483579705, 0.7512904768052123, 0.9968252244331955, 0.9981861211417693], "step_size_bar": [0.01225725723199276, 0.01225725723199276, 0.01225725723199276, 0.01225725723199276, 0.01225725723199276, 0.01225725723199276, 0.01225725723199276, 0.01225725723199276, 0.01225725723199276, 0.01225725723199276, 0.01225725723199276, 0.01225725723199276, 0.01225725723199276, 0.01225725723199276, 0.01225725723199276, 0.01225725723199276, 0.01225725723199276, 0.01225725723199276, 0.01225725723199276, 0.01225725723199276, 0.01225725723199276, 0.01225725723199276, 0.01225725723199276, 0.01225725723199276, 0.01225725723199276, 0.01225725723199276, 0.01225725723199276, 0.01225725723199276, 0.01225725723199276, 0.01225725723199276, 0.01225725723199276, 0.01225725723199276, 0.01225725723199276, 0.01225725723199276, 0.01225725723199276, 0.01225725723199276, 0.01225725723199276, 0.01225725723199276, 0.01225725723199276, 0.01225725723199276, 0.01225725723199276, 0.01225725723199276, 0.01225725723199276, 0.01225725723199276, 0.01225725723199276, 0.01225725723199276, 0.01225725723199276, 0.01225725723199276, 0.01225725723199276, 0.01225725723199276, 0.01225725723199276, 0.01225725723199276, 0.01225725723199276, 0.01225725723199276, 0.01225725723199276, 0.01225725723199276, 0.01225725723199276, 0.01225725723199276, 0.01225725723199276, 0.01225725723199276, 0.01225725723199276, 0.01225725723199276, 0.01225725723199276, 0.01225725723199276, 0.01225725723199276, 0.01225725723199276, 0.01225725723199276, 0.01225725723199276, 0.01225725723199276, 0.01225725723199276, 0.01225725723199276, 0.01225725723199276, 0.01225725723199276, 0.01225725723199276, 0.01225725723199276, 0.01225725723199276, 0.01225725723199276, 0.01225725723199276, 0.01225725723199276, 0.01225725723199276, 0.01225725723199276, 0.01225725723199276, 0.01225725723199276, 0.01225725723199276, 0.01225725723199276, 0.01225725723199276, 0.01225725723199276, 0.01225725723199276, 0.01225725723199276, 0.01225725723199276, 0.01225725723199276, 0.01225725723199276, 0.01225725723199276, 0.01225725723199276, 0.01225725723199276, 0.01225725723199276, 0.01225725723199276, 0.01225725723199276, 0.01225725723199276, 0.01225725723199276],