{"draw_idx": 100, "draws": null, "_stats": [{"depth": [6, 7, 8, 5, 6, 6, 7, 6, 6, 7, 7, 7, 6, 7, 5, 5, 7, 6, 7, 3, 8, 7, 5, 6, 6, 5, 4, 6, 7, 7, 7, 7, 7, 7, 7, 7, 7, 7, 7, 7, 7, 7, 8, 7, 7, 7, 6, 7, 6, 8, 7, 7, 8, 7, 7, 7, 2, 7, 7, 7, 7, 7, 7, 7, 6, 7, 8, 7, 7, 8, 7, 7, 7, 4, 7, 7, 6, 7, 7, 7, 7, 7, 6, 7, 7, 6, 6, 7, 7, 7, 7, 6, 6, 4, 6, 7, 5, 6, 5, 5], "step_size": [0.021337923164487342, 0.021337923164487342, 0.021337923164487342, 0.021337923164487342, 0.021337923164487342, 0.021337923164487342, 0.021337923164487342, 0.021337923164487342, 0.021337923164487342, 0.021337923164487342, 0.021337923164487342, 0.021337923164487342, 0.021337923164487342, 0.021337923164487342, 0.021337923164487342, 0.021337923164487342, 0.021337923164487342, 0.021337923164487342, 0.021337923164487342, 0.021337923164487342, 0.021337923164487342, 0.021337923164487342, 0.021337923164487342, 0.021337923164487342, 0.021337923164487342, 0.021337923164487342, 0.021337923164487342, 0.021337923164487342, 0.021337923164487342, 0.021337923164487342, 0.021337923164487342, 0.021337923164487342, 0.021337923164487342, 0.021337923164487342, 0.021337923164487342, 0.021337923164487342, 0.021337923164487342, 0.021337923164487342, 0.021337923164487342, 0.021337923164487342, 0.021337923164487342, 0.021337923164487342, 0.021337923164487342, 0.021337923164487342, 0.021337923164487342, 0.021337923164487342, 0.021337923164487342, 0.021337923164487342, 0.021337923164487342, 0.021337923164487342, 0.021337923164487342, 0.021337923164487342, 0.021337923164487342, 0.021337923164487342, 0.021337923164487342, 0.021337923164487342, 0.021337923164487342, 0.021337923164487342, 0.021337923164487342, 0.021337923164487342, 0.021337923164487342, 0.021337923164487342, 0.021337923164487342, 0.021337923164487342, 0.021337923164487342, 0.021337923164487342, 0.021337923164487342, 0.021337923164487342, 0.021337923164487342, 0.021337923164487342, 0.021337923164487342, 0.021337923164487342, 0.021337923164487342, 0.021337923164487342, 0.021337923164487342, 0.021337923164487342, 0.021337923164487342, 0.021337923164487342, 0.021337923164487342, 0.021337923164487342, 0.021337923164487342, 0.021337923164487342, 0.021337923164487342, 0.021337923164487342, 0.021337923164487342, 0.021337923164487342, 0.021337923164487342, 0.021337923164487342, 0.021337923164487342, 0.021337923164487342, 0.021337923164487342, 0.021337923164487342, 0.021337923164487342, 0.021337923164487342, 0.021337923164487342, 0.021337923164487342, 0.021337923164487342, 0.021337923164487342, 0.021337923164487342, 0.021337923164487342], "tune": [true, false, false, false, false, false, false, false, false, false, false, false, false, false, false, false, false, false, false, false, false, false, false, false, false, false, false, false, false, false, false, false, false, false, false, false, false, false, false, false, false, false, false, false, false, false, false, false, false, false, false, false, false, false, false, false, false, false, false, false, false, false, false, false, false, false, false, false, false, false, false, false, false, false, false, false, false, false, false, false, false, false, false, false, false, false, false, false, false, false, false, false, false, false, false, false, false, false, false, false], "mean_tree_accept": [0.9934568270936418, 0.9659004950744221, 0.990907875813311, 0.6240970673696279, 0.6775949910235041, 0.9567854488061431, 0.7781754458905863, 0.9611859125702478, 0.9767122745504858, 0.21440849068400347, 0.6441071509195244, 0.8944801749367081, 0.9302304326978915, 0.7749624624865671, 0.4416317705194945, 0.766640273855766, 0.9820822936349641, 0.3789853927814165, 0.9343871550119078, 0.7391860721396701, 0.1289537943255366, 0.11122482300789076, 0.059191450508034246, 0.19575773858489123, 0.2250621495405942, 0.35927803468820196, 0.49645043655546484, 0.5175275987785465, 0.5917837825006017, 0.9570773690262191, 0.03658725946664709, 0.8347158255048611, 0.937169076907417, 0.8748409481429852, 0.9943387281443545, 0.9346870383231075, 0.7121413314925638, 0.997461642281266, 0.9631382613559845, 0.6446998113294419, 0.6379550398193917, 0.996410551009006, 0.9886912623305827, 0.9964087044180342, 0.9914921721977492, 0.9861981782626434, 0.6342194849735688, 0.597030898248534, 0.9994515735320337, 0.933474244188679, 0.99486184880745, 0.9716031831658108, 0.9597160915569365, 0.9994095904633875, 0.9333443191804217, 0.8581113062114256, 1.0, 0.9801500881359172, 0.944471478011885, 0.9694169915538677, 0.9965187072007289, 0.9766778985125826, 0.9536351505050262, 0.9823981323685074, 0.962481924996655, 0.9991087840508187, 0.6396852205137185, 0.9962650110888969, 0.9281345389369207, 0.785203058574979, 0.992138689303279, 0.6516393654698426, 0.9389645171380041, 0.8078472878447859, 0.46716983174343774, 0.6854511091605652, 0.9991066323112451, 0.9985416376484108, 0.9051727715173037, 0.985407230189872, 0.9934915958935079, 0.9383321905971641, 0.9999747350378877, 0.9923453552739817, 0.928544280683088, 0.9883025965797149, 0.9628203867985557, 0.9786748340260994, 0.9953320427052069, 0.9826569247503095, 0.8440786086313556, 0.5311523273495791, 0.21490873657135606, 0.4938260176333787, 0.8303768423003024, 0.06546887995717503, 0.35758578171488203, 0.005871176224707539, 0.010780474512420772, 0.6452196538328142], "step_size_bar": [0.01634032609516097, 0.01634032609516097, 0.01634032609516097, 0.01634032609516097, 0.01634032609516097, 0.01634032609516097, 0.01634032609516097, 0.01634032609516097, 0.01634032609516097, 0.01634032609516097, 0.01634032609516097, 0.01634032609516097, 0.01634032609516097, 0.01634032609516097, 0.01634032609516097, 0.01634032609516097, 0.01634032609516097, 0.01634032609516097, 0.01634032609516097, 0.01634032609516097, 0.01634032609516097, 0.01634032609516097, 0.01634032609516097, 0.01634032609516097, 0.01634032609516097, 0.01634032609516097, 0.01634032609516097, 0.01634032609516097, 0.01634032609516097, 0.01634032609516097, 0.01634032609516097, 0.01634032609516097, 0.01634032609516097, 0.01634032609516097, 0.01634032609516097, 0.01634032609516097, 0.01634032609516097, 0.01634032609516097, 0.01634032609516097, 0.01634032609516097, 0.01634032609516097, 0.01634032609516097, 0.01634032609516097, 0.01634032609516097, 0.01634032609516097, 0.01634032609516097, 0.01634032609516097, 0.01634032609516097, 0.01634032609516097, 0.01634032609516097, 0.01634032609516097, 0.01634032609516097, 0.01634032609516097, 0.01634032609516097, 0.01634032609516097, 0.01634032609516097, 0.01634032609516097, 0.01634032609516097, 0.01634032609516097, 0.01634032609516097, 0.01634032609516097, 0.01634032609516097, 0.01634032609516097, 0.01634032609516097, 0.01634032609516097, 0.01634032609516097, 0.01634032609516097, 0.01634032609516097, 0.01634032609516097, 0.01634032609516097, 0.01634032609516097, 0.01634032609516097, 0.01634032609516097, 0.01634032609516097, 0.01634032609516097, 0.01634032609516097, 0.01634032609516097, 0.01634032609516097, 0.01634032609516097, 0.01634032609516097, 0.01634032609516097, 0.01634032609516097, 0.01634032609516097, 0.01634032609516097, 0.01634032609516097, 0.01634032609516097, 0.01634032609516097, 0.01634032609516097, 0.01634032609516097, 0.01634032609516097, 0.01634032609516097, 0.01634032609516097, 0.01634032609516097, 0.01634032609516097, 0.01634032609516097, 0.01634032609516097, 0.01634032609516097, 0.01634032609516097, 0.01634032609516097, 0.01634032609516097],