{"draw_idx": 100, "draws": null, "_stats": [{"depth": [7, 8, 8, 7, 8, 8, 8, 8, 7, 6, 7, 7, 8, 8, 7, 7, 5, 7, 6, 7, 7, 7, 8, 6, 6, 7, 7, 7, 8, 7, 7, 7, 8, 7, 7, 8, 7, 8, 7, 7, 7, 8, 8, 7, 7, 7, 6, 7, 7, 6, 7, 8, 8, 6, 5, 7, 6, 7, 7, 8, 7, 7, 6, 7, 8, 8, 6, 7, 7, 8, 8, 6, 7, 6, 7, 8, 7, 8, 7, 8, 7, 7, 7, 7, 7, 7, 7, 7, 8, 7, 7, 7, 8, 7, 7, 7, 8, 8, 8, 8], "step_size": [0.014131852853067294, 0.014131852853067294, 0.014131852853067294, 0.014131852853067294, 0.014131852853067294, 0.014131852853067294, 0.014131852853067294, 0.014131852853067294, 0.014131852853067294, 0.014131852853067294, 0.014131852853067294, 0.014131852853067294, 0.014131852853067294, 0.014131852853067294, 0.014131852853067294, 0.014131852853067294, 0.014131852853067294, 0.014131852853067294, 0.014131852853067294, 0.014131852853067294, 0.014131852853067294, 0.014131852853067294, 0.014131852853067294, 0.014131852853067294, 0.014131852853067294, 0.014131852853067294, 0.014131852853067294, 0.014131852853067294, 0.014131852853067294, 0.014131852853067294, 0.014131852853067294, 0.014131852853067294, 0.014131852853067294, 0.014131852853067294, 0.014131852853067294, 0.014131852853067294, 0.014131852853067294, 0.014131852853067294, 0.014131852853067294, 0.014131852853067294, 0.014131852853067294, 0.014131852853067294, 0.014131852853067294, 0.014131852853067294, 0.014131852853067294, 0.014131852853067294, 0.014131852853067294, 0.014131852853067294, 0.014131852853067294, 0.014131852853067294, 0.014131852853067294, 0.014131852853067294, 0.014131852853067294, 0.014131852853067294, 0.014131852853067294, 0.014131852853067294, 0.014131852853067294, 0.014131852853067294, 0.014131852853067294, 0.014131852853067294, 0.014131852853067294, 0.014131852853067294, 0.014131852853067294, 0.014131852853067294, 0.014131852853067294, 0.014131852853067294, 0.014131852853067294, 0.014131852853067294, 0.014131852853067294, 0.014131852853067294, 0.014131852853067294, 0.014131852853067294, 0.014131852853067294, 0.014131852853067294, 0.014131852853067294, 0.014131852853067294, 0.014131852853067294, 0.014131852853067294, 0.014131852853067294, 0.014131852853067294, 0.014131852853067294, 0.014131852853067294, 0.014131852853067294, 0.014131852853067294, 0.014131852853067294, 0.014131852853067294, 0.014131852853067294, 0.014131852853067294, 0.014131852853067294, 0.014131852853067294, 0.014131852853067294, 0.014131852853067294, 0.014131852853067294, 0.014131852853067294, 0.014131852853067294, 0.014131852853067294, 0.014131852853067294, 0.014131852853067294, 0.014131852853067294, 0.014131852853067294], "tune": [true, false, false, false, false, false, false, false, false, false, false, false, false, false, false, false, false, false, false, false, false, false, false, false, false, false, false, false, false, false, false, false, false, false, false, false, false, false, false, false, false, false, false, false, false, false, false, false, false, false, false, false, false, false, false, false, false, false, false, false, false, false, false, false, false, false, false, false, false, false, false, false, false, false, false, false, false, false, false, false, false, false, false, false, false, false, false, false, false, false, false, false, false, false, false, false, false, false, false, false], "mean_tree_accept": [0.9876526238163698, 0.9930651080125711, 0.9889557221746778, 0.9994199499850792, 0.9966910513580619, 0.9377090482189926, 0.9843376552481361, 0.9725081801876794, 0.9964511691024861, 0.999457730016815, 0.9990266287600733, 0.999962822590411, 0.9923249421444258, 0.9851085470650733, 0.982281330234381, 0.9968330952861115, 0.9985213261437557, 0.9968912158036907, 0.9972596312359648, 0.998423174972277, 0.9997434222400683, 0.9917665282297617, 0.6814769935901466, 0.9645331273633959, 0.9396213376920435, 0.9880779421864171, 0.9944917543488396, 0.994717721384802, 0.9737307827244777, 0.9807760968086102, 0.9995706363442795, 0.999841496940578, 0.621295070307256, 0.9912007786328519, 0.8953318914194398, 0.9958792437206109, 0.9999798740153714, 0.97895289279647, 0.9974828916436033, 0.9729347659277202, 0.9990717964907538, 0.994531470705092, 0.9352587759060008, 0.9959040560329765, 0.9679994120706663, 0.9557596703989186, 0.9916071007270278, 0.9903863989543642, 0.9999638699127609, 0.9882952157076308, 0.9807798186529365, 0.9940385671532054, 0.9909015031033529, 0.9615326959250432, 0.9889308929754855, 0.9987908611530825, 0.9989571410234069, 0.998888951489751, 0.9984115721196157, 0.9912298488561989, 0.9988803478278749, 0.998124353169211, 0.9100851123208129, 0.9876858019500362, 0.9930516687921467, 0.9935535519246002, 0.9931805369913014, 0.9838225503489023, 0.9691996542528799, 0.9247437956340188, 0.9860257322062735, 0.9675047825179182, 0.9980892142982328, 0.9995815479839656, 0.9924987246250653, 0.9318272988421447, 0.9831615587234365, 0.99289978594256, 0.952769054186382, 0.9992451826679801, 0.9999044920256336, 0.9904413025045741, 0.9595459989964368, 0.999702709694317, 0.9841741689671523, 0.997884367967687, 0.9990110372697422, 0.9186928908863725, 0.9345269267360813, 0.6056278884424885, 0.7381671641642897, 0.8729417196883228, 0.9978663136128278, 0.9807919455337284, 0.9996837320230708, 0.9838907013519838, 0.9452444581653906, 0.9993855420816139, 0.997242537282749, 0.9937967811745495], "step_size_bar": [0.012186613065195242, 0.012186613065195242, 0.012186613065195242, 0.012186613065195242, 0.012186613065195242, 0.012186613065195242, 0.012186613065195242, 0.012186613065195242, 0.012186613065195242, 0.012186613065195242, 0.012186613065195242, 0.012186613065195242, 0.012186613065195242, 0.012186613065195242, 0.012186613065195242, 0.012186613065195242, 0.012186613065195242, 0.012186613065195242, 0.012186613065195242, 0.012186613065195242, 0.012186613065195242, 0.012186613065195242, 0.012186613065195242, 0.012186613065195242, 0.012186613065195242, 0.012186613065195242, 0.012186613065195242, 0.012186613065195242, 0.012186613065195242, 0.012186613065195242, 0.012186613065195242, 0.012186613065195242, 0.012186613065195242, 0.012186613065195242, 0.012186613065195242, 0.012186613065195242, 0.012186613065195242, 0.012186613065195242, 0.012186613065195242, 0.012186613065195242, 0.012186613065195242, 0.012186613065195242, 0.012186613065195242, 0.012186613065195242, 0.012186613065195242, 0.012186613065195242, 0.012186613065195242, 0.012186613065195242, 0.012186613065195242, 0.012186613065195242, 0.012186613065195242, 0.012186613065195242, 0.012186613065195242, 0.012186613065195242, 0.012186613065195242, 0.012186613065195242, 0.012186613065195242, 0.012186613065195242, 0.012186613065195242, 0.012186613065195242, 0.012186613065195242, 0.012186613065195242, 0.012186613065195242, 0.012186613065195242, 0.012186613065195242, 0.012186613065195242, 0.012186613065195242, 0.012186613065195242, 0.012186613065195242, 0.012186613065195242, 0.012186613065195242, 0.012186613065195242, 0.012186613065195242, 0.012186613065195242, 0.012186613065195242, 0.012186613065195242, 0.012186613065195242, 0.012186613065195242, 0.012186613065195242, 0.012186613065195242, 0.012186613065195242, 0.012186613065195242, 0.012186613065195242, 0.012186613065195242, 0.012186613065195242, 0.012186613065195242, 0.012186613065195242, 0.012186613065195242, 0.012186613065195242, 0.012186613065195242, 0.012186613065195242, 0.012186613065195242, 0.012186613065195242, 0.012186613065195242, 0.012186613065195242, 0.012186613065195242, 0.012186613065195242, 0.012186613065195242, 0.012186613065195242, 0.012186613065195242],