{"draw_idx": 100, "draws": null, "_stats": [{"depth": [7, 6, 6, 7, 8, 7, 6, 7, 8, 7, 8, 5, 7, 7, 8, 8, 8, 7, 6, 7, 5, 8, 6, 7, 8, 6, 6, 6, 7, 8, 6, 7, 7, 7, 4, 8, 8, 8, 7, 5, 8, 7, 7, 8, 6, 7, 8, 7, 8, 8, 7, 6, 6, 8, 6, 8, 7, 6, 7, 6, 6, 7, 6, 7, 7, 7, 7, 6, 7, 8, 6, 8, 7, 5, 7, 5, 7, 5, 6, 7, 7, 6, 7, 8, 6, 8, 8, 7, 6, 7, 6, 7, 7, 7, 6, 7, 5, 7, 8, 7], "step_size": [0.0114799133442935, 0.0114799133442935, 0.0114799133442935, 0.0114799133442935, 0.0114799133442935, 0.0114799133442935, 0.0114799133442935, 0.0114799133442935, 0.0114799133442935, 0.0114799133442935, 0.0114799133442935, 0.0114799133442935, 0.0114799133442935, 0.0114799133442935, 0.0114799133442935, 0.0114799133442935, 0.0114799133442935, 0.0114799133442935, 0.0114799133442935, 0.0114799133442935, 0.0114799133442935, 0.0114799133442935, 0.0114799133442935, 0.0114799133442935, 0.0114799133442935, 0.0114799133442935, 0.0114799133442935, 0.0114799133442935, 0.0114799133442935, 0.0114799133442935, 0.0114799133442935, 0.0114799133442935, 0.0114799133442935, 0.0114799133442935, 0.0114799133442935, 0.0114799133442935, 0.0114799133442935, 0.0114799133442935, 0.0114799133442935, 0.0114799133442935, 0.0114799133442935, 0.0114799133442935, 0.0114799133442935, 0.0114799133442935, 0.0114799133442935, 0.0114799133442935, 0.0114799133442935, 0.0114799133442935, 0.0114799133442935, 0.0114799133442935, 0.0114799133442935, 0.0114799133442935, 0.0114799133442935, 0.0114799133442935, 0.0114799133442935, 0.0114799133442935, 0.0114799133442935, 0.0114799133442935, 0.0114799133442935, 0.0114799133442935, 0.0114799133442935, 0.0114799133442935, 0.0114799133442935, 0.0114799133442935, 0.0114799133442935, 0.0114799133442935, 0.0114799133442935, 0.0114799133442935, 0.0114799133442935, 0.0114799133442935, 0.0114799133442935, 0.0114799133442935, 0.0114799133442935, 0.0114799133442935, 0.0114799133442935, 0.0114799133442935, 0.0114799133442935, 0.0114799133442935, 0.0114799133442935, 0.0114799133442935, 0.0114799133442935, 0.0114799133442935, 0.0114799133442935, 0.0114799133442935, 0.0114799133442935, 0.0114799133442935, 0.0114799133442935, 0.0114799133442935, 0.0114799133442935, 0.0114799133442935, 0.0114799133442935, 0.0114799133442935, 0.0114799133442935, 0.0114799133442935, 0.0114799133442935, 0.0114799133442935, 0.0114799133442935, 0.0114799133442935, 0.0114799133442935, 0.0114799133442935], "tune": [true, false, false, false, false, false, false, false, false, false, false, false, false, false, false, false, false, false, false, false, false, false, false, false, false, false, false, false, false, false, false, false, false, false, false, false, false, false, false, false, false, false, false, false, false, false, false, false, false, false, false, false, false, false, false, false, false, false, false, false, false, false, false, false, false, false, false, false, false, false, false, false, false, false, false, false, false, false, false, false, false, false, false, false, false, false, false, false, false, false, false, false, false, false, false, false, false, false, false, false], "mean_tree_accept": [0.9996215856251554, 0.9999498909069218, 0.9698190945247994, 0.9987907908440933, 0.99748947293917, 0.9732389950252344, 0.9685906155693731, 0.9818880595048555, 0.9882292583102089, 0.7300841633806875, 0.5879306902227646, 0.9745638375056493, 0.976633900388717, 0.9938002105890162, 0.9973207157804518, 0.35954256248210864, 0.9973109792641855, 0.9987937290196692, 0.9931301232405495, 0.9358628059704003, 0.9758503741849576, 0.9990172734622957, 0.9967063999958292, 0.9949996545463126, 0.9871807441717838, 0.999597594743209, 0.9939770153767039, 0.9837811919743371, 0.9991272382363854, 0.992351197695447, 0.9999355191784323, 0.9991474826203616, 0.9944280381191974, 0.8946471784560668, 0.981290044755165, 0.9001732364506592, 0.80399585150132, 0.9767988866562985, 0.9831155043035328, 0.999901485118273, 0.956400558978781, 0.9869472370835286, 0.9886063967667457, 0.9947949850197173, 0.9906687621414352, 0.9816750476668762, 0.7872514043835942, 0.9999926277482758, 0.9358826456054107, 0.9922277823106225, 0.9986568999977536, 0.989718500366601, 0.9816844228216602, 0.7974263105512605, 0.23191651792107734, 0.6154444351359535, 0.9734083356286365, 0.9847851539138394, 0.9878157685927264, 0.9999210584695131, 0.9466093628215071, 0.9859213179882149, 0.9992353659745455, 0.9784763048390982, 0.9967823375544422, 1.0, 0.9995092433858821, 0.9468262239856203, 0.9968542937595745, 0.9941636974717883, 0.31959000214159045, 0.8217740022145873, 0.999036646004495, 0.9852202733062676, 0.976264297197908, 0.9980046508937837, 0.9992932854082918, 0.997732727066329, 0.9611527914959044, 0.9958575582875334, 0.9927568708771589, 1.0, 0.9719885258725268, 0.783299610962542, 0.9983739950285376, 0.7811148965812673, 0.9696502746596026, 0.9862086241446842, 0.9840240521476951, 0.9545876895656841, 0.9945284048012428, 0.9778775870077501, 0.8312424884335645, 0.9778544401727018, 0.9982180363971072, 0.9989954860991884, 0.9922432561421147, 0.9548274882441214, 0.999370922929008, 0.9991948149427566], "step_size_bar": [0.015890812825925173, 0.015890812825925173, 0.015890812825925173, 0.015890812825925173, 0.015890812825925173, 0.015890812825925173, 0.015890812825925173, 0.015890812825925173, 0.015890812825925173, 0.015890812825925173, 0.015890812825925173, 0.015890812825925173, 0.015890812825925173, 0.015890812825925173, 0.015890812825925173, 0.015890812825925173, 0.015890812825925173, 0.015890812825925173, 0.015890812825925173, 0.015890812825925173, 0.015890812825925173, 0.015890812825925173, 0.015890812825925173, 0.015890812825925173, 0.015890812825925173, 0.015890812825925173, 0.015890812825925173, 0.015890812825925173, 0.015890812825925173, 0.015890812825925173, 0.015890812825925173, 0.015890812825925173, 0.015890812825925173, 0.015890812825925173, 0.015890812825925173, 0.015890812825925173, 0.015890812825925173, 0.015890812825925173, 0.015890812825925173, 0.015890812825925173, 0.015890812825925173, 0.015890812825925173, 0.015890812825925173, 0.015890812825925173, 0.015890812825925173, 0.015890812825925173, 0.015890812825925173, 0.015890812825925173, 0.015890812825925173, 0.015890812825925173, 0.015890812825925173, 0.015890812825925173, 0.015890812825925173, 0.015890812825925173, 0.015890812825925173, 0.015890812825925173, 0.015890812825925173, 0.015890812825925173, 0.015890812825925173, 0.015890812825925173, 0.015890812825925173, 0.015890812825925173, 0.015890812825925173, 0.015890812825925173, 0.015890812825925173, 0.015890812825925173, 0.015890812825925173, 0.015890812825925173, 0.015890812825925173, 0.015890812825925173, 0.015890812825925173, 0.015890812825925173, 0.015890812825925173, 0.015890812825925173, 0.015890812825925173, 0.015890812825925173, 0.015890812825925173, 0.015890812825925173, 0.015890812825925173, 0.015890812825925173, 0.015890812825925173, 0.015890812825925173, 0.015890812825925173, 0.015890812825925173, 0.015890812825925173, 0.015890812825925173, 0.015890812825925173, 0.015890812825925173, 0.015890812825925173, 0.015890812825925173, 0.015890812825925173, 0.015890812825925173, 0.015890812825925173, 0.015890812825925173, 0.015890812825925173, 0.015890812825925173, 0.015890812825925173, 0.015890812825925173, 0.015890812825925173, 0.015890812825925173], "tree_size": [127.0, 63.0, 63.0, 127.0, 191.0, 127.0, 63.0, 127.0, 255.0, 127.0, 255.0, 31.0, 127.0, 127.0, 255.0, 255.0, 255.0, 127.0, 63.0, 127.0, 31.0, 255.0, 63.0, 95.0, 255.0, 63.0, 63.0, 63.0, 127.0, 191.0, 63.0, 127.0, 127.0, 127.0, 15.0, 191.0, 255.0, 191.0, 127.0, 31.0, 255.0, 127.0, 127.0, 191.0, 63.0, 127.0, 191.0, 127.0, 255.0, 255.0, 95.0, 63.0, 63.0, 255.0, 39.0, 255.0, 95.0, 63.0, 95.0, 63.0, 39.0, 127.0, 63.0, 127.0, 127.0, 127.0, 95.0, 63.0, 127.0, 255.0, 63.0, 255.0, 127.0, 31.0, 127.0, 31.0, 127.0, 31.0, 63.0, 127.0, 127.0, 63.0, 127.0, 255.0, 63.0, 159.0, 163.0, 127.0, 63.0, 127.0, 63.0, 127.0, 127.0, 127.0, 63.0, 127.0, 31.0, 127.0, 255.0, 127.0],