{"draw_idx": 100, "draws": null, "_stats": [{"depth": [8, 7, 7, 7, 7, 7, 7, 7, 7, 8, 7, 7, 7, 6, 5, 7, 7, 6, 6, 6, 7, 5, 5, 7, 7, 7, 5, 7, 7, 7, 7, 7, 7, 5, 7, 7, 6, 7, 6, 6, 6, 7, 7, 6, 5, 6, 6, 7, 7, 5, 7, 5, 7, 7, 7, 5, 7, 6, 6, 7, 7, 6, 7, 6, 7, 8, 7, 7, 5, 6, 7, 8, 7, 7, 7, 7, 7, 7, 6, 6, 5, 7, 5, 7, 6, 7, 7, 6, 7, 7, 7, 7, 7, 6, 6, 7, 7, 7, 7, 7], "step_size": [0.012862819936778272, 0.012862819936778272, 0.012862819936778272, 0.012862819936778272, 0.012862819936778272, 0.012862819936778272, 0.012862819936778272, 0.012862819936778272, 0.012862819936778272, 0.012862819936778272, 0.012862819936778272, 0.012862819936778272, 0.012862819936778272, 0.012862819936778272, 0.012862819936778272, 0.012862819936778272, 0.012862819936778272, 0.012862819936778272, 0.012862819936778272, 0.012862819936778272, 0.012862819936778272, 0.012862819936778272, 0.012862819936778272, 0.012862819936778272, 0.012862819936778272, 0.012862819936778272, 0.012862819936778272, 0.012862819936778272, 0.012862819936778272, 0.012862819936778272, 0.012862819936778272, 0.012862819936778272, 0.012862819936778272, 0.012862819936778272, 0.012862819936778272, 0.012862819936778272, 0.012862819936778272, 0.012862819936778272, 0.012862819936778272, 0.012862819936778272, 0.012862819936778272, 0.012862819936778272, 0.012862819936778272, 0.012862819936778272, 0.012862819936778272, 0.012862819936778272, 0.012862819936778272, 0.012862819936778272, 0.012862819936778272, 0.012862819936778272, 0.012862819936778272, 0.012862819936778272, 0.012862819936778272, 0.012862819936778272, 0.012862819936778272, 0.012862819936778272, 0.012862819936778272, 0.012862819936778272, 0.012862819936778272, 0.012862819936778272, 0.012862819936778272, 0.012862819936778272, 0.012862819936778272, 0.012862819936778272, 0.012862819936778272, 0.012862819936778272, 0.012862819936778272, 0.012862819936778272, 0.012862819936778272, 0.012862819936778272, 0.012862819936778272, 0.012862819936778272, 0.012862819936778272, 0.012862819936778272, 0.012862819936778272, 0.012862819936778272, 0.012862819936778272, 0.012862819936778272, 0.012862819936778272, 0.012862819936778272, 0.012862819936778272, 0.012862819936778272, 0.012862819936778272, 0.012862819936778272, 0.012862819936778272, 0.012862819936778272, 0.012862819936778272, 0.012862819936778272, 0.012862819936778272, 0.012862819936778272, 0.012862819936778272, 0.012862819936778272, 0.012862819936778272, 0.012862819936778272, 0.012862819936778272, 0.012862819936778272, 0.012862819936778272, 0.012862819936778272, 0.012862819936778272, 0.012862819936778272], "tune": [true, false, false, false, false, false, false, false, false, false, false, false, false, false, false, false, false, false, false, false, false, false, false, false, false, false, false, false, false, false, false, false, false, false, false, false, false, false, false, false, false, false, false, false, false, false, false, false, false, false, false, false, false, false, false, false, false, false, false, false, false, false, false, false, false, false, false, false, false, false, false, false, false, false, false, false, false, false, false, false, false, false, false, false, false, false, false, false, false, false, false, false, false, false, false, false, false, false, false, false], "mean_tree_accept": [0.9953881164573145, 0.9722748159127268, 0.9537848224119393, 0.6924645711294672, 0.9958911663236396, 0.9346101840953579, 0.9119947084263059, 0.9779737311472255, 0.9911141721132425, 0.9904673288730214, 0.9865419758424859, 0.9681063738204833, 0.9917569621929698, 0.994685524949868, 0.9948453570259599, 0.9970736828561363, 0.9961665585773531, 0.9946848086401711, 0.9907215963315017, 0.999295081604347, 0.8897873023305668, 0.9979094018429219, 0.993573002372095, 0.9755080476016001, 0.920879792708402, 0.8850136540293643, 0.9891383589854671, 0.8172065428056194, 0.8869096337679571, 0.9663586294031681, 0.9849381882584125, 0.9947614936662449, 0.9990780574709021, 0.9965930600634039, 0.9927636952235277, 0.957715295749097, 0.9732263825184199, 0.9851723587225305, 0.9498033632731029, 0.9840232357418731, 0.999231374125525, 0.5097315802887004, 0.7282657104033804, 0.9985428425817701, 0.805418824389795, 0.9406456837437817, 0.9992150396144875, 0.9537319071404674, 0.9166132075561323, 0.9983355200269505, 0.9952048647232615, 0.9998781722769807, 0.9871894256880342, 0.40972667336490387, 0.9635382999975867, 0.9794895173317161, 0.9972605292360684, 0.9732188230104077, 0.970904451756613, 0.9790086746984892, 0.9246148995242355, 0.19409812834025308, 0.5627177198441269, 0.6257460447610723, 0.6632623368941938, 0.876622749401653, 0.9920300377967168, 0.9804660442196109, 0.9705306163367354, 0.9966961750209332, 0.7788667215212344, 0.9428438475030462, 0.9997658017689693, 0.9780200000896114, 0.9104109976835888, 0.9911560918415607, 0.9364142410446251, 0.9827442516524745, 0.9997068752218571, 0.916642608054192, 0.9977672525177378, 0.9889242131647299, 0.9803023696220429, 0.9103100766339095, 0.6394903859844907, 0.929373689308007, 0.9585579189526549, 0.6481444647811151, 0.421708376731317, 0.9404502070034567, 0.5169811637535522, 0.9863945364369069, 0.7042938369349784, 0.9962786835814997, 0.9987151956628287, 0.969832184686203, 0.9963185774087436, 0.9999557087161329, 0.9999523184069862, 0.9989486134834304], "step_size_bar": [0.01946231369222452, 0.01946231369222452, 0.01946231369222452, 0.01946231369222452, 0.01946231369222452, 0.01946231369222452, 0.01946231369222452, 0.01946231369222452, 0.01946231369222452, 0.01946231369222452, 0.01946231369222452, 0.01946231369222452, 0.01946231369222452, 0.01946231369222452, 0.01946231369222452, 0.01946231369222452, 0.01946231369222452, 0.01946231369222452, 0.01946231369222452, 0.01946231369222452, 0.01946231369222452, 0.01946231369222452, 0.01946231369222452, 0.01946231369222452, 0.01946231369222452, 0.01946231369222452, 0.01946231369222452, 0.01946231369222452, 0.01946231369222452, 0.01946231369222452, 0.01946231369222452, 0.01946231369222452, 0.01946231369222452, 0.01946231369222452, 0.01946231369222452, 0.01946231369222452, 0.01946231369222452, 0.01946231369222452, 0.01946231369222452, 0.01946231369222452, 0.01946231369222452, 0.01946231369222452, 0.01946231369222452, 0.01946231369222452, 0.01946231369222452, 0.01946231369222452, 0.01946231369222452, 0.01946231369222452, 0.01946231369222452, 0.01946231369222452, 0.01946231369222452, 0.01946231369222452, 0.01946231369222452, 0.01946231369222452, 0.01946231369222452, 0.01946231369222452, 0.01946231369222452, 0.01946231369222452, 0.01946231369222452, 0.01946231369222452, 0.01946231369222452, 0.01946231369222452, 0.01946231369222452, 0.01946231369222452, 0.01946231369222452, 0.01946231369222452, 0.01946231369222452, 0.01946231369222452, 0.01946231369222452, 0.01946231369222452, 0.01946231369222452, 0.01946231369222452, 0.01946231369222452, 0.01946231369222452, 0.01946231369222452, 0.01946231369222452, 0.01946231369222452, 0.01946231369222452, 0.01946231369222452, 0.01946231369222452, 0.01946231369222452, 0.01946231369222452, 0.01946231369222452, 0.01946231369222452, 0.01946231369222452, 0.01946231369222452, 0.01946231369222452, 0.01946231369222452, 0.01946231369222452, 0.01946231369222452, 0.01946231369222452, 0.01946231369222452, 0.01946231369222452, 0.01946231369222452, 0.01946231369222452, 0.01946231369222452, 0.01946231369222452, 0.01946231369222452, 0.01946231369222452, 0.01946231369222452],