{"draw_idx": 100, "draws": null, "_stats": [{"depth": [8, 7, 8, 6, 7, 7, 7, 7, 7, 7, 6, 7, 6, 6, 6, 3, 7, 8, 7, 7, 7, 7, 8, 3, 6, 7, 6, 7, 4, 7, 5, 7, 7, 7, 7, 7, 7, 8, 7, 7, 6, 4, 6, 8, 7, 7, 7, 8, 7, 8, 7, 7, 7, 6, 6, 6, 7, 7, 6, 7, 7, 6, 6, 8, 6, 7, 7, 5, 6, 7, 7, 7, 5, 7, 7, 7, 4, 7, 7, 7, 5, 5, 7, 8, 6, 7, 6, 7, 4, 7, 5, 6, 6, 4, 7, 7, 6, 8, 6, 7], "step_size": [0.007150945017126186, 0.007150945017126186, 0.007150945017126186, 0.007150945017126186, 0.007150945017126186, 0.007150945017126186, 0.007150945017126186, 0.007150945017126186, 0.007150945017126186, 0.007150945017126186, 0.007150945017126186, 0.007150945017126186, 0.007150945017126186, 0.007150945017126186, 0.007150945017126186, 0.007150945017126186, 0.007150945017126186, 0.007150945017126186, 0.007150945017126186, 0.007150945017126186, 0.007150945017126186, 0.007150945017126186, 0.007150945017126186, 0.007150945017126186, 0.007150945017126186, 0.007150945017126186, 0.007150945017126186, 0.007150945017126186, 0.007150945017126186, 0.007150945017126186, 0.007150945017126186, 0.007150945017126186, 0.007150945017126186, 0.007150945017126186, 0.007150945017126186, 0.007150945017126186, 0.007150945017126186, 0.007150945017126186, 0.007150945017126186, 0.007150945017126186, 0.007150945017126186, 0.007150945017126186, 0.007150945017126186, 0.007150945017126186, 0.007150945017126186, 0.007150945017126186, 0.007150945017126186, 0.007150945017126186, 0.007150945017126186, 0.007150945017126186, 0.007150945017126186, 0.007150945017126186, 0.007150945017126186, 0.007150945017126186, 0.007150945017126186, 0.007150945017126186, 0.007150945017126186, 0.007150945017126186, 0.007150945017126186, 0.007150945017126186, 0.007150945017126186, 0.007150945017126186, 0.007150945017126186, 0.007150945017126186, 0.007150945017126186, 0.007150945017126186, 0.007150945017126186, 0.007150945017126186, 0.007150945017126186, 0.007150945017126186, 0.007150945017126186, 0.007150945017126186, 0.007150945017126186, 0.007150945017126186, 0.007150945017126186, 0.007150945017126186, 0.007150945017126186, 0.007150945017126186, 0.007150945017126186, 0.007150945017126186, 0.007150945017126186, 0.007150945017126186, 0.007150945017126186, 0.007150945017126186, 0.007150945017126186, 0.007150945017126186, 0.007150945017126186, 0.007150945017126186, 0.007150945017126186, 0.007150945017126186, 0.007150945017126186, 0.007150945017126186, 0.007150945017126186, 0.007150945017126186, 0.007150945017126186, 0.007150945017126186, 0.007150945017126186, 0.007150945017126186, 0.007150945017126186, 0.007150945017126186], "tune": [true, false, false, false, false, false, false, false, false, false, false, false, false, false, false, false, false, false, false, false, false, false, false, false, false, false, false, false, false, false, false, false, false, false, false, false, false, false, false, false, false, false, false, false, false, false, false, false, false, false, false, false, false, false, false, false, false, false, false, false, false, false, false, false, false, false, false, false, false, false, false, false, false, false, false, false, false, false, false, false, false, false, false, false, false, false, false, false, false, false, false, false, false, false, false, false, false, false, false, false], "mean_tree_accept": [0.5533154080767676, 0.8381892834015544, 0.9323515804524299, 0.9920909032268839, 0.843687485467487, 0.9739921268945222, 0.531847871934829, 0.9988854568461686, 0.9982709678040007, 0.9979206022923274, 0.9984990184234066, 0.9996899436397823, 0.9961380146478027, 0.9993977448705056, 0.9708488974465109, 0.8097522165804276, 0.9972618837027223, 0.9833305183162125, 0.9959129656365814, 0.999128230325315, 0.9993357194532241, 0.9746340931450616, 0.3579254728119428, 0.9624747769651185, 0.9996298496709018, 0.9946420594237148, 0.9983767253161242, 0.905657464368722, 0.874301729126739, 0.9991597438275667, 0.9502851924084994, 0.7708036743471314, 0.9294823077654517, 0.9855288225611756, 0.9948125086760249, 0.9965223667996992, 0.9693769282903378, 0.972630166201832, 0.9536960113923506, 0.9532059148662313, 0.9402685059328373, 0.8636776968566137, 0.9756470666435486, 0.9761622713160205, 0.9542389573136121, 0.9908395776564825, 0.995992606356621, 0.9943481278061876, 0.9989032687405114, 0.9641204820991081, 0.9968846096677999, 0.9990413214879139, 0.953611631114567, 0.9481192847076602, 0.9986807965330953, 0.9930904162478414, 0.9773967097920859, 0.9985352944294106, 0.9237365882431691, 0.6917010657897986, 0.970231142497202, 0.9987247875971166, 0.9999088666210454, 0.9636799299518474, 0.985647369881567, 0.9995250289077316, 0.9553596010033514, 0.9968623550518543, 0.9996698085590564, 0.9886592606759607, 0.996076090865272, 0.9949964992647601, 0.9959813036493814, 0.9980799522371767, 0.9910124694868592, 0.98860691111501, 0.7404564147134248, 0.9998669347690984, 0.9941094800880033, 0.9803612353325445, 0.9978619673953041, 0.9519928735113284, 0.990449968363291, 0.9705777763801023, 0.9968703667047485, 0.9843465277117454, 0.783741346234164, 0.9597101087308026, 0.9980084764541524, 0.9418789718373612, 0.9998629101553151, 0.998149725592828, 0.9990117099648654, 0.9943632925646148, 0.8788764663207413, 0.9900793592471278, 0.9961713279651492, 0.994122568182461, 0.9983696470706976, 0.6075724028654267], "step_size_bar": [0.016973460257277587, 0.016973460257277587, 0.016973460257277587, 0.016973460257277587, 0.016973460257277587, 0.016973460257277587, 0.016973460257277587, 0.016973460257277587, 0.016973460257277587, 0.016973460257277587, 0.016973460257277587, 0.016973460257277587, 0.016973460257277587, 0.016973460257277587, 0.016973460257277587, 0.016973460257277587, 0.016973460257277587, 0.016973460257277587, 0.016973460257277587, 0.016973460257277587, 0.016973460257277587, 0.016973460257277587, 0.016973460257277587, 0.016973460257277587, 0.016973460257277587, 0.016973460257277587, 0.016973460257277587, 0.016973460257277587, 0.016973460257277587, 0.016973460257277587, 0.016973460257277587, 0.016973460257277587, 0.016973460257277587, 0.016973460257277587, 0.016973460257277587, 0.016973460257277587, 0.016973460257277587, 0.016973460257277587, 0.016973460257277587, 0.016973460257277587, 0.016973460257277587, 0.016973460257277587, 0.016973460257277587, 0.016973460257277587, 0.016973460257277587, 0.016973460257277587, 0.016973460257277587, 0.016973460257277587, 0.016973460257277587, 0.016973460257277587, 0.016973460257277587, 0.016973460257277587, 0.016973460257277587, 0.016973460257277587, 0.016973460257277587, 0.016973460257277587, 0.016973460257277587, 0.016973460257277587, 0.016973460257277587, 0.016973460257277587, 0.016973460257277587, 0.016973460257277587, 0.016973460257277587, 0.016973460257277587, 0.016973460257277587, 0.016973460257277587, 0.016973460257277587, 0.016973460257277587, 0.016973460257277587, 0.016973460257277587, 0.016973460257277587, 0.016973460257277587, 0.016973460257277587, 0.016973460257277587, 0.016973460257277587, 0.016973460257277587, 0.016973460257277587, 0.016973460257277587, 0.016973460257277587, 0.016973460257277587, 0.016973460257277587, 0.016973460257277587, 0.016973460257277587, 0.016973460257277587, 0.016973460257277587, 0.016973460257277587, 0.016973460257277587, 0.016973460257277587, 0.016973460257277587, 0.016973460257277587, 0.016973460257277587, 0.016973460257277587, 0.016973460257277587, 0.016973460257277587, 0.016973460257277587, 0.016973460257277587, 0.016973460257277587, 0.016973460257277587, 0.016973460257277587, 0.016973460257277587],