{"draw_idx": 100, "draws": null, "_stats": [{"depth": [8, 9, 8, 6, 3, 4, 8, 8, 8, 7, 9, 8, 8, 8, 5, 8, 8, 9, 8, 8, 3, 8, 7, 8, 8, 9, 7, 6, 8, 8, 8, 7, 7, 9, 6, 5, 8, 8, 4, 6, 9, 8, 8, 8, 8, 8, 8, 8, 8, 8, 8, 8, 8, 4, 7, 8, 8, 7, 7, 7, 8, 7, 8, 8, 7, 8, 8, 7, 7, 6, 8, 8, 5, 9, 8, 8, 7, 8, 8, 8, 8, 8, 8, 8, 5, 3, 8, 8, 7, 8, 5, 8, 8, 3, 7, 7, 8, 8, 7, 7], "step_size": [0.019474785490352156, 0.019474785490352156, 0.019474785490352156, 0.019474785490352156, 0.019474785490352156, 0.019474785490352156, 0.019474785490352156, 0.019474785490352156, 0.019474785490352156, 0.019474785490352156, 0.019474785490352156, 0.019474785490352156, 0.019474785490352156, 0.019474785490352156, 0.019474785490352156, 0.019474785490352156, 0.019474785490352156, 0.019474785490352156, 0.019474785490352156, 0.019474785490352156, 0.019474785490352156, 0.019474785490352156, 0.019474785490352156, 0.019474785490352156, 0.019474785490352156, 0.019474785490352156, 0.019474785490352156, 0.019474785490352156, 0.019474785490352156, 0.019474785490352156, 0.019474785490352156, 0.019474785490352156, 0.019474785490352156, 0.019474785490352156, 0.019474785490352156, 0.019474785490352156, 0.019474785490352156, 0.019474785490352156, 0.019474785490352156, 0.019474785490352156, 0.019474785490352156, 0.019474785490352156, 0.019474785490352156, 0.019474785490352156, 0.019474785490352156, 0.019474785490352156, 0.019474785490352156, 0.019474785490352156, 0.019474785490352156, 0.019474785490352156, 0.019474785490352156, 0.019474785490352156, 0.019474785490352156, 0.019474785490352156, 0.019474785490352156, 0.019474785490352156, 0.019474785490352156, 0.019474785490352156, 0.019474785490352156, 0.019474785490352156, 0.019474785490352156, 0.019474785490352156, 0.019474785490352156, 0.019474785490352156, 0.019474785490352156, 0.019474785490352156, 0.019474785490352156, 0.019474785490352156, 0.019474785490352156, 0.019474785490352156, 0.019474785490352156, 0.019474785490352156, 0.019474785490352156, 0.019474785490352156, 0.019474785490352156, 0.019474785490352156, 0.019474785490352156, 0.019474785490352156, 0.019474785490352156, 0.019474785490352156, 0.019474785490352156, 0.019474785490352156, 0.019474785490352156, 0.019474785490352156, 0.019474785490352156, 0.019474785490352156, 0.019474785490352156, 0.019474785490352156, 0.019474785490352156, 0.019474785490352156, 0.019474785490352156, 0.019474785490352156, 0.019474785490352156, 0.019474785490352156, 0.019474785490352156, 0.019474785490352156, 0.019474785490352156, 0.019474785490352156, 0.019474785490352156, 0.019474785490352156], "tune": [true, false, false, false, false, false, false, false, false, false, false, false, false, false, false, false, false, false, false, false, false, false, false, false, false, false, false, false, false, false, false, false, false, false, false, false, false, false, false, false, false, false, false, false, false, false, false, false, false, false, false, false, false, false, false, false, false, false, false, false, false, false, false, false, false, false, false, false, false, false, false, false, false, false, false, false, false, false, false, false, false, false, false, false, false, false, false, false, false, false, false, false, false, false, false, false, false, false, false, false], "mean_tree_accept": [0.9824922766799555, 0.9507990879041855, 0.6912812627766269, 0.3934403075398395, 0.5269774836222891, 0.8098768329705093, 0.9285495246066509, 0.9998630617570886, 0.9981210217147068, 0.9942535242217202, 0.99695458997741, 0.9806335920249478, 0.9974528132402466, 0.9989020686306113, 0.9284808332131701, 0.9962239279427982, 0.9997638194318333, 0.8669979744695595, 0.9999456847798626, 0.9971818396272241, 0.981835580358447, 0.999991891002314, 0.9954985997125045, 0.9996963934625045, 0.9988399419216077, 0.9967858471963958, 0.9829373502616902, 0.9994530636172354, 0.9816717112955229, 0.8616051397747942, 0.9949747877606349, 0.9857346306229495, 0.8143594194800639, 0.9975471786632617, 0.8036352967519095, 0.9190518673850837, 0.9789168490241686, 0.998180261804013, 0.9350569487210116, 0.9655905827980945, 0.9799961608214272, 0.9982343170065713, 0.992322362157853, 0.7090900159208159, 0.7163335087422252, 0.9984922084722431, 0.04309221355453339, 0.988304906897535, 0.997276249677396, 0.9808643966590375, 0.9414442732099854, 0.8079576029967105, 0.9172106816413175, 0.946567353077577, 0.9984192886191298, 0.9951743753925515, 0.9928624698901533, 0.9870305727145114, 0.9954680154078677, 0.9993747647597616, 0.9942637636575384, 0.9978473481048425, 0.9942851002850219, 0.8984246758401513, 0.9984168969606286, 0.9822035089030959, 0.9958397442583653, 0.9959555373016893, 0.9876112502301616, 0.9605011856817529, 0.996992708058765, 0.6130772521926384, 0.9909509631040763, 0.9886812411631908, 0.8782134793169574, 0.03287122119760469, 0.7392224629650108, 0.8063776444262464, 0.9943929681241733, 0.9997801515196708, 0.992898131926932, 0.776120556729136, 0.9420759845717854, 0.9611370519760218, 0.9986083963931505, 0.9991377639232025, 0.9915823931352667, 0.9953517805384439, 0.9969246881262147, 0.9961592851484738, 0.9880390084580849, 0.9992860379315784, 0.9933314102781702, 0.9681760302107101, 0.9999174704178735, 0.9992561718465945, 0.7536698378102197, 0.9960432751283204, 0.6125937288732308, 0.9967024563314509], "step_size_bar": [0.012611737622765577, 0.012611737622765577, 0.012611737622765577, 0.012611737622765577, 0.012611737622765577, 0.012611737622765577, 0.012611737622765577, 0.012611737622765577, 0.012611737622765577, 0.012611737622765577, 0.012611737622765577, 0.012611737622765577, 0.012611737622765577, 0.012611737622765577, 0.012611737622765577, 0.012611737622765577, 0.012611737622765577, 0.012611737622765577, 0.012611737622765577, 0.012611737622765577, 0.012611737622765577, 0.012611737622765577, 0.012611737622765577, 0.012611737622765577, 0.012611737622765577, 0.012611737622765577, 0.012611737622765577, 0.012611737622765577, 0.012611737622765577, 0.012611737622765577, 0.012611737622765577, 0.012611737622765577, 0.012611737622765577, 0.012611737622765577, 0.012611737622765577, 0.012611737622765577, 0.012611737622765577, 0.012611737622765577, 0.012611737622765577, 0.012611737622765577, 0.012611737622765577, 0.012611737622765577, 0.012611737622765577, 0.012611737622765577, 0.012611737622765577, 0.012611737622765577, 0.012611737622765577, 0.012611737622765577, 0.012611737622765577, 0.012611737622765577, 0.012611737622765577, 0.012611737622765577, 0.012611737622765577, 0.012611737622765577, 0.012611737622765577, 0.012611737622765577, 0.012611737622765577, 0.012611737622765577, 0.012611737622765577, 0.012611737622765577, 0.012611737622765577, 0.012611737622765577, 0.012611737622765577, 0.012611737622765577, 0.012611737622765577, 0.012611737622765577, 0.012611737622765577, 0.012611737622765577, 0.012611737622765577, 0.012611737622765577, 0.012611737622765577, 0.012611737622765577, 0.012611737622765577, 0.012611737622765577, 0.012611737622765577, 0.012611737622765577, 0.012611737622765577, 0.012611737622765577, 0.012611737622765577, 0.012611737622765577, 0.012611737622765577, 0.012611737622765577, 0.012611737622765577, 0.012611737622765577, 0.012611737622765577, 0.012611737622765577, 0.012611737622765577, 0.012611737622765577, 0.012611737622765577, 0.012611737622765577, 0.012611737622765577, 0.012611737622765577, 0.012611737622765577, 0.012611737622765577, 0.012611737622765577, 0.012611737622765577, 0.012611737622765577, 0.012611737622765577, 0.012611737622765577, 0.012611737622765577],