{"draw_idx": 100, "draws": null, "_stats": [{"depth": [8, 8, 8, 8, 3, 8, 8, 8, 8, 9, 8, 7, 8, 9, 4, 8, 5, 8, 7, 8, 8, 8, 7, 8, 4, 8, 8, 9, 9, 6, 8, 7, 8, 7, 7, 8, 9, 9, 7, 8, 8, 8, 6, 8, 7, 7, 8, 7, 8, 8, 8, 8, 8, 8, 7, 6, 8, 9, 8, 8, 8, 8, 8, 8, 6, 8, 7, 8, 5, 7, 5, 8, 8, 8, 8, 5, 8, 8, 6, 7, 8, 8, 8, 7, 7, 8, 9, 8, 8, 8, 7, 8, 7, 9, 8, 8, 8, 8, 8, 8], "step_size": [0.01856769080312894, 0.01856769080312894, 0.01856769080312894, 0.01856769080312894, 0.01856769080312894, 0.01856769080312894, 0.01856769080312894, 0.01856769080312894, 0.01856769080312894, 0.01856769080312894, 0.01856769080312894, 0.01856769080312894, 0.01856769080312894, 0.01856769080312894, 0.01856769080312894, 0.01856769080312894, 0.01856769080312894, 0.01856769080312894, 0.01856769080312894, 0.01856769080312894, 0.01856769080312894, 0.01856769080312894, 0.01856769080312894, 0.01856769080312894, 0.01856769080312894, 0.01856769080312894, 0.01856769080312894, 0.01856769080312894, 0.01856769080312894, 0.01856769080312894, 0.01856769080312894, 0.01856769080312894, 0.01856769080312894, 0.01856769080312894, 0.01856769080312894, 0.01856769080312894, 0.01856769080312894, 0.01856769080312894, 0.01856769080312894, 0.01856769080312894, 0.01856769080312894, 0.01856769080312894, 0.01856769080312894, 0.01856769080312894, 0.01856769080312894, 0.01856769080312894, 0.01856769080312894, 0.01856769080312894, 0.01856769080312894, 0.01856769080312894, 0.01856769080312894, 0.01856769080312894, 0.01856769080312894, 0.01856769080312894, 0.01856769080312894, 0.01856769080312894, 0.01856769080312894, 0.01856769080312894, 0.01856769080312894, 0.01856769080312894, 0.01856769080312894, 0.01856769080312894, 0.01856769080312894, 0.01856769080312894, 0.01856769080312894, 0.01856769080312894, 0.01856769080312894, 0.01856769080312894, 0.01856769080312894, 0.01856769080312894, 0.01856769080312894, 0.01856769080312894, 0.01856769080312894, 0.01856769080312894, 0.01856769080312894, 0.01856769080312894, 0.01856769080312894, 0.01856769080312894, 0.01856769080312894, 0.01856769080312894, 0.01856769080312894, 0.01856769080312894, 0.01856769080312894, 0.01856769080312894, 0.01856769080312894, 0.01856769080312894, 0.01856769080312894, 0.01856769080312894, 0.01856769080312894, 0.01856769080312894, 0.01856769080312894, 0.01856769080312894, 0.01856769080312894, 0.01856769080312894, 0.01856769080312894, 0.01856769080312894, 0.01856769080312894, 0.01856769080312894, 0.01856769080312894, 0.01856769080312894], "tune": [true, false, false, false, false, false, false, false, false, false, false, false, false, false, false, false, false, false, false, false, false, false, false, false, false, false, false, false, false, false, false, false, false, false, false, false, false, false, false, false, false, false, false, false, false, false, false, false, false, false, false, false, false, false, false, false, false, false, false, false, false, false, false, false, false, false, false, false, false, false, false, false, false, false, false, false, false, false, false, false, false, false, false, false, false, false, false, false, false, false, false, false, false, false, false, false, false, false, false, false], "mean_tree_accept": [0.9950479617476813, 0.9996097385698757, 0.8016113866974833, 0.6668956831859727, 1.0, 0.9237889301798601, 0.9593842189528812, 0.9508419567498722, 0.9975958472434769, 0.952293830927321, 0.9433711363585311, 0.9913271485219007, 0.9997502087080945, 0.9507327952669103, 0.9550397505573112, 0.9992118972372931, 0.981965227334387, 0.9998618483241869, 0.9995852369113857, 0.9974159467237138, 0.9821599540882656, 0.6295159911924341, 0.5683098433815713, 0.9850427908382109, 0.9967864503270233, 0.8875217138974636, 0.999741910668617, 0.9996770468937856, 0.997685796633927, 0.999781844857376, 0.9891099995157042, 0.9986099673528162, 0.975926315122445, 0.9997820495998057, 0.9989362519005293, 0.9512761326088275, 0.9214004339115246, 0.9978083587119569, 0.9983271352201613, 0.9916093898941762, 0.9945884824632081, 0.985751968076609, 0.9337937986630614, 0.9890890522503363, 0.8724027756976357, 0.9991012545512133, 0.9825148870060224, 0.9971342134734023, 0.998997098412594, 0.9835709138908459, 0.9871559381124099, 0.9925517489619557, 0.9830795875385614, 0.9985716694197163, 0.9998215798414184, 0.9998175179442026, 0.987690877834956, 0.9908743627311085, 0.9852758419694951, 0.9906247976607688, 0.981528206161104, 0.9535824810491346, 0.9038458528273874, 0.9499546296190722, 0.721465173148414, 0.9960185386480722, 0.9611233903169923, 0.9997523101469357, 0.9766605979197338, 0.9990927975818008, 0.9870160115091363, 0.9572172857591964, 0.9976031659500921, 0.9952556949449388, 0.9099468514374645, 0.9859529535112015, 0.9145518209130503, 0.9663644887314693, 0.9881317988306618, 0.9965890576304661, 0.9906203037604524, 0.9968860946676266, 0.9731209059684027, 0.9942582551760415, 0.993972823617122, 0.9997108933623609, 0.9998989594319294, 0.9214275723629255, 0.7046424828190212, 0.9944969344053002, 0.9961110396512861, 0.9879111195385061, 0.9988123880036379, 0.9927504079340232, 0.9967798020516225, 0.9999913467937759, 0.9993143093282252, 0.9954554415667142, 0.9840583036128105, 0.9983003685743247], "step_size_bar": [0.013543401092003738, 0.013543401092003738, 0.013543401092003738, 0.013543401092003738, 0.013543401092003738, 0.013543401092003738, 0.013543401092003738, 0.013543401092003738, 0.013543401092003738, 0.013543401092003738, 0.013543401092003738, 0.013543401092003738, 0.013543401092003738, 0.013543401092003738, 0.013543401092003738, 0.013543401092003738, 0.013543401092003738, 0.013543401092003738, 0.013543401092003738, 0.013543401092003738, 0.013543401092003738, 0.013543401092003738, 0.013543401092003738, 0.013543401092003738, 0.013543401092003738, 0.013543401092003738, 0.013543401092003738, 0.013543401092003738, 0.013543401092003738, 0.013543401092003738, 0.013543401092003738, 0.013543401092003738, 0.013543401092003738, 0.013543401092003738, 0.013543401092003738, 0.013543401092003738, 0.013543401092003738, 0.013543401092003738, 0.013543401092003738, 0.013543401092003738, 0.013543401092003738, 0.013543401092003738, 0.013543401092003738, 0.013543401092003738, 0.013543401092003738, 0.013543401092003738, 0.013543401092003738, 0.013543401092003738, 0.013543401092003738, 0.013543401092003738, 0.013543401092003738, 0.013543401092003738, 0.013543401092003738, 0.013543401092003738, 0.013543401092003738, 0.013543401092003738, 0.013543401092003738, 0.013543401092003738, 0.013543401092003738, 0.013543401092003738, 0.013543401092003738, 0.013543401092003738, 0.013543401092003738, 0.013543401092003738, 0.013543401092003738, 0.013543401092003738, 0.013543401092003738, 0.013543401092003738, 0.013543401092003738, 0.013543401092003738, 0.013543401092003738, 0.013543401092003738, 0.013543401092003738, 0.013543401092003738, 0.013543401092003738, 0.013543401092003738, 0.013543401092003738, 0.013543401092003738, 0.013543401092003738, 0.013543401092003738, 0.013543401092003738, 0.013543401092003738, 0.013543401092003738, 0.013543401092003738, 0.013543401092003738, 0.013543401092003738, 0.013543401092003738, 0.013543401092003738, 0.013543401092003738, 0.013543401092003738, 0.013543401092003738, 0.013543401092003738, 0.013543401092003738, 0.013543401092003738, 0.013543401092003738, 0.013543401092003738, 0.013543401092003738, 0.013543401092003738, 0.013543401092003738, 0.013543401092003738],