{"draw_idx": 100, "draws": null, "_stats": [{"depth": [8, 5, 6, 8, 7, 8, 7, 8, 8, 8, 8, 8, 8, 7, 8, 7, 7, 7, 8, 7, 8, 8, 7, 8, 8, 7, 7, 6, 8, 7, 7, 6, 7, 8, 7, 8, 7, 6, 6, 7, 7, 4, 7, 5, 7, 8, 7, 6, 7, 5, 6, 7, 7, 4, 6, 8, 8, 7, 8, 8, 4, 5, 8, 8, 8, 8, 6, 5, 7, 7, 7, 7, 8, 7, 8, 7, 3, 7, 7, 7, 7, 8, 7, 8, 7, 8, 5, 7, 8, 7, 7, 8, 8, 8, 8, 6, 8, 8, 3, 8], "step_size": [0.016622083727183486, 0.016622083727183486, 0.016622083727183486, 0.016622083727183486, 0.016622083727183486, 0.016622083727183486, 0.016622083727183486, 0.016622083727183486, 0.016622083727183486, 0.016622083727183486, 0.016622083727183486, 0.016622083727183486, 0.016622083727183486, 0.016622083727183486, 0.016622083727183486, 0.016622083727183486, 0.016622083727183486, 0.016622083727183486, 0.016622083727183486, 0.016622083727183486, 0.016622083727183486, 0.016622083727183486, 0.016622083727183486, 0.016622083727183486, 0.016622083727183486, 0.016622083727183486, 0.016622083727183486, 0.016622083727183486, 0.016622083727183486, 0.016622083727183486, 0.016622083727183486, 0.016622083727183486, 0.016622083727183486, 0.016622083727183486, 0.016622083727183486, 0.016622083727183486, 0.016622083727183486, 0.016622083727183486, 0.016622083727183486, 0.016622083727183486, 0.016622083727183486, 0.016622083727183486, 0.016622083727183486, 0.016622083727183486, 0.016622083727183486, 0.016622083727183486, 0.016622083727183486, 0.016622083727183486, 0.016622083727183486, 0.016622083727183486, 0.016622083727183486, 0.016622083727183486, 0.016622083727183486, 0.016622083727183486, 0.016622083727183486, 0.016622083727183486, 0.016622083727183486, 0.016622083727183486, 0.016622083727183486, 0.016622083727183486, 0.016622083727183486, 0.016622083727183486, 0.016622083727183486, 0.016622083727183486, 0.016622083727183486, 0.016622083727183486, 0.016622083727183486, 0.016622083727183486, 0.016622083727183486, 0.016622083727183486, 0.016622083727183486, 0.016622083727183486, 0.016622083727183486, 0.016622083727183486, 0.016622083727183486, 0.016622083727183486, 0.016622083727183486, 0.016622083727183486, 0.016622083727183486, 0.016622083727183486, 0.016622083727183486, 0.016622083727183486, 0.016622083727183486, 0.016622083727183486, 0.016622083727183486, 0.016622083727183486, 0.016622083727183486, 0.016622083727183486, 0.016622083727183486, 0.016622083727183486, 0.016622083727183486, 0.016622083727183486, 0.016622083727183486, 0.016622083727183486, 0.016622083727183486, 0.016622083727183486, 0.016622083727183486, 0.016622083727183486, 0.016622083727183486, 0.016622083727183486], "tune": [true, false, false, false, false, false, false, false, false, false, false, false, false, false, false, false, false, false, false, false, false, false, false, false, false, false, false, false, false, false, false, false, false, false, false, false, false, false, false, false, false, false, false, false, false, false, false, false, false, false, false, false, false, false, false, false, false, false, false, false, false, false, false, false, false, false, false, false, false, false, false, false, false, false, false, false, false, false, false, false, false, false, false, false, false, false, false, false, false, false, false, false, false, false, false, false, false, false, false, false], "mean_tree_accept": [0.9983531328769562, 0.6376791603221877, 0.9385448178399846, 0.9938176449179218, 0.9982065764429516, 0.97353983759323, 0.8968222042015846, 0.9975813902483791, 0.9545302392981995, 0.9989277470384483, 0.9133163326493046, 0.8239369979166716, 0.9935740704486353, 0.9891869743123012, 0.989524118515185, 0.9730450381333776, 0.9607287200273668, 0.9988534889875494, 0.9985378163770562, 0.9995539208465897, 0.9885906293145688, 0.9951517224483047, 0.9992844018031027, 0.9952146136904546, 0.9752650706667866, 0.9865107315851095, 0.9487559493313601, 0.8739986297901798, 0.5191250278731917, 0.9432950851567335, 0.9135815559650255, 0.9558126154972252, 0.9996673708886077, 0.999362824189261, 0.9974475537108912, 0.9991023979679186, 0.9949420583427293, 0.9795746679829027, 0.8985422189792531, 0.9781269724800135, 0.9700444666433432, 0.7905514507462885, 0.9197571166173614, 0.9927282347298115, 0.9291223394947314, 0.9914498474662974, 0.9837193078884698, 0.9861093095547958, 0.9908678305212455, 0.9930675486348643, 0.9743969486915784, 0.9544400434814677, 0.970879212953744, 0.9480446420420289, 0.9911588374186172, 0.4783454960064726, 0.9994573146737423, 0.8768530571325981, 0.8947831839726899, 0.9483354060965662, 0.6931304905952171, 0.9056890533550126, 0.9987293590944502, 0.748840373952451, 0.9967150991897765, 0.9578852151257421, 0.9996792437421527, 0.9671653153409189, 0.9961578441363858, 0.9918447255751351, 0.9893118289886751, 0.9915448453867615, 0.9305806868846208, 0.13272622582371846, 0.38915159790408804, 0.6613457329683062, 0.6379960520574212, 0.3367514737952204, 0.33592826133841497, 0.6919530782480378, 0.9663566818314524, 0.9759555493327298, 0.9981149073790999, 0.9937954883046606, 0.9976280043270809, 0.880430405629627, 0.9677675599462823, 0.9985432758721906, 0.9699194785521343, 0.9888384769774435, 0.9082145732229945, 0.9874681021656065, 0.9999016404464082, 0.9983154391593517, 0.9875976097032371, 0.9989840575576249, 0.995817478523862, 0.7271613480004869, 0.9193132557548456, 0.9978340921705426], "step_size_bar": [0.016128182794371792, 0.016128182794371792, 0.016128182794371792, 0.016128182794371792, 0.016128182794371792, 0.016128182794371792, 0.016128182794371792, 0.016128182794371792, 0.016128182794371792, 0.016128182794371792, 0.016128182794371792, 0.016128182794371792, 0.016128182794371792, 0.016128182794371792, 0.016128182794371792, 0.016128182794371792, 0.016128182794371792, 0.016128182794371792, 0.016128182794371792, 0.016128182794371792, 0.016128182794371792, 0.016128182794371792, 0.016128182794371792, 0.016128182794371792, 0.016128182794371792, 0.016128182794371792, 0.016128182794371792, 0.016128182794371792, 0.016128182794371792, 0.016128182794371792, 0.016128182794371792, 0.016128182794371792, 0.016128182794371792, 0.016128182794371792, 0.016128182794371792, 0.016128182794371792, 0.016128182794371792, 0.016128182794371792, 0.016128182794371792, 0.016128182794371792, 0.016128182794371792, 0.016128182794371792, 0.016128182794371792, 0.016128182794371792, 0.016128182794371792, 0.016128182794371792, 0.016128182794371792, 0.016128182794371792, 0.016128182794371792, 0.016128182794371792, 0.016128182794371792, 0.016128182794371792, 0.016128182794371792, 0.016128182794371792, 0.016128182794371792, 0.016128182794371792, 0.016128182794371792, 0.016128182794371792, 0.016128182794371792, 0.016128182794371792, 0.016128182794371792, 0.016128182794371792, 0.016128182794371792, 0.016128182794371792, 0.016128182794371792, 0.016128182794371792, 0.016128182794371792, 0.016128182794371792, 0.016128182794371792, 0.016128182794371792, 0.016128182794371792, 0.016128182794371792, 0.016128182794371792, 0.016128182794371792, 0.016128182794371792, 0.016128182794371792, 0.016128182794371792, 0.016128182794371792, 0.016128182794371792, 0.016128182794371792, 0.016128182794371792, 0.016128182794371792, 0.016128182794371792, 0.016128182794371792, 0.016128182794371792, 0.016128182794371792, 0.016128182794371792, 0.016128182794371792, 0.016128182794371792, 0.016128182794371792, 0.016128182794371792, 0.016128182794371792, 0.016128182794371792, 0.016128182794371792, 0.016128182794371792, 0.016128182794371792, 0.016128182794371792, 0.016128182794371792, 0.016128182794371792, 0.016128182794371792],