{"draw_idx": 100, "draws": null, "_stats": [{"depth": [5, 8, 8, 8, 8, 5, 8, 8, 7, 7, 7, 8, 5, 7, 8, 7, 7, 6, 8, 5, 7, 3, 7, 6, 7, 7, 6, 8, 9, 7, 8, 7, 7, 8, 8, 7, 6, 5, 7, 8, 7, 7, 7, 8, 8, 7, 6, 8, 7, 7, 6, 7, 7, 8, 6, 8, 8, 9, 6, 8, 5, 6, 7, 6, 7, 6, 6, 8, 6, 8, 7, 9, 7, 7, 7, 6, 7, 6, 7, 8, 6, 7, 5, 7, 5, 6, 6, 7, 7, 7, 8, 7, 6, 8, 9, 8, 7, 8, 8, 7], "step_size": [0.020148945383826514, 0.020148945383826514, 0.020148945383826514, 0.020148945383826514, 0.020148945383826514, 0.020148945383826514, 0.020148945383826514, 0.020148945383826514, 0.020148945383826514, 0.020148945383826514, 0.020148945383826514, 0.020148945383826514, 0.020148945383826514, 0.020148945383826514, 0.020148945383826514, 0.020148945383826514, 0.020148945383826514, 0.020148945383826514, 0.020148945383826514, 0.020148945383826514, 0.020148945383826514, 0.020148945383826514, 0.020148945383826514, 0.020148945383826514, 0.020148945383826514, 0.020148945383826514, 0.020148945383826514, 0.020148945383826514, 0.020148945383826514, 0.020148945383826514, 0.020148945383826514, 0.020148945383826514, 0.020148945383826514, 0.020148945383826514, 0.020148945383826514, 0.020148945383826514, 0.020148945383826514, 0.020148945383826514, 0.020148945383826514, 0.020148945383826514, 0.020148945383826514, 0.020148945383826514, 0.020148945383826514, 0.020148945383826514, 0.020148945383826514, 0.020148945383826514, 0.020148945383826514, 0.020148945383826514, 0.020148945383826514, 0.020148945383826514, 0.020148945383826514, 0.020148945383826514, 0.020148945383826514, 0.020148945383826514, 0.020148945383826514, 0.020148945383826514, 0.020148945383826514, 0.020148945383826514, 0.020148945383826514, 0.020148945383826514, 0.020148945383826514, 0.020148945383826514, 0.020148945383826514, 0.020148945383826514, 0.020148945383826514, 0.020148945383826514, 0.020148945383826514, 0.020148945383826514, 0.020148945383826514, 0.020148945383826514, 0.020148945383826514, 0.020148945383826514, 0.020148945383826514, 0.020148945383826514, 0.020148945383826514, 0.020148945383826514, 0.020148945383826514, 0.020148945383826514, 0.020148945383826514, 0.020148945383826514, 0.020148945383826514, 0.020148945383826514, 0.020148945383826514, 0.020148945383826514, 0.020148945383826514, 0.020148945383826514, 0.020148945383826514, 0.020148945383826514, 0.020148945383826514, 0.020148945383826514, 0.020148945383826514, 0.020148945383826514, 0.020148945383826514, 0.020148945383826514, 0.020148945383826514, 0.020148945383826514, 0.020148945383826514, 0.020148945383826514, 0.020148945383826514, 0.020148945383826514], "tune": [true, false, false, false, false, false, false, false, false, false, false, false, false, false, false, false, false, false, false, false, false, false, false, false, false, false, false, false, false, false, false, false, false, false, false, false, false, false, false, false, false, false, false, false, false, false, false, false, false, false, false, false, false, false, false, false, false, false, false, false, false, false, false, false, false, false, false, false, false, false, false, false, false, false, false, false, false, false, false, false, false, false, false, false, false, false, false, false, false, false, false, false, false, false, false, false, false, false, false, false], "mean_tree_accept": [0.9766744972104627, 0.9995132627134945, 0.9885862130536129, 0.98467392806694, 0.9996940970898168, 0.9949045314673277, 0.9671414941791335, 0.9933633937464286, 0.9050141705829472, 0.9646207536488686, 0.9682836534193782, 0.9908497309811419, 0.9928618792351064, 0.9998971211588056, 0.9680834188560068, 0.9997956173215776, 0.9880609709181384, 0.9997864881447821, 0.9784622466511375, 0.9657723823328226, 0.9424732705872544, 0.9964164670446982, 0.9916637305351671, 0.9999797829673484, 0.9930454315435123, 0.9982527567875098, 0.9846921521358446, 0.9996173252765338, 0.9964708952257887, 0.9990523912175417, 0.5222406645487003, 0.9988577471387954, 0.8337536521029162, 0.9089435795623052, 0.9956443498262555, 0.9981792441861442, 0.9824939056224165, 0.9964230443160682, 0.9961033897032193, 0.9513454630117685, 0.9995365844225212, 0.9988603809894354, 0.9892497385366958, 0.9996498578135742, 0.9886020171723806, 0.9666667651967233, 0.9608405937726048, 0.9956067441723364, 0.996115223687613, 0.9666348151410576, 0.9944456785566058, 0.9962964913630082, 0.9999552998410075, 0.9882114701717696, 0.9996928665972133, 0.9945137218163617, 0.9984639398652867, 0.9933096506040787, 0.9992397771635855, 0.9782568822423837, 0.9926252350723885, 0.9359242141934492, 0.9192969838082153, 0.9996877505253775, 0.9996188193945136, 0.9965396862257143, 0.9868353391602752, 0.9851127530996342, 0.9954374668966502, 0.9905080942241706, 0.883737689062588, 0.9984669237847759, 0.991909739279821, 0.9431163023381766, 0.9991184066990341, 0.9951160395611257, 0.9978305856658006, 0.9970404995175691, 0.9932681728709678, 0.9905135684253007, 0.9988454896022309, 0.9886997648927093, 0.9835778698064236, 0.9955893851722962, 0.9985749967317404, 0.9990643107800611, 0.9791571767492186, 1.0, 0.9694557555846997, 0.9707949282419157, 0.973326216970668, 0.9990258683277603, 0.9997002206371403, 0.9996467909954557, 0.9924918276800403, 0.9977049273073679, 0.9997753641241611, 0.971077495140855, 0.995949577515674, 0.9971729810532471], "step_size_bar": [0.013280702471611843, 0.013280702471611843, 0.013280702471611843, 0.013280702471611843, 0.013280702471611843, 0.013280702471611843, 0.013280702471611843, 0.013280702471611843, 0.013280702471611843, 0.013280702471611843, 0.013280702471611843, 0.013280702471611843, 0.013280702471611843, 0.013280702471611843, 0.013280702471611843, 0.013280702471611843, 0.013280702471611843, 0.013280702471611843, 0.013280702471611843, 0.013280702471611843, 0.013280702471611843, 0.013280702471611843, 0.013280702471611843, 0.013280702471611843, 0.013280702471611843, 0.013280702471611843, 0.013280702471611843, 0.013280702471611843, 0.013280702471611843, 0.013280702471611843, 0.013280702471611843, 0.013280702471611843, 0.013280702471611843, 0.013280702471611843, 0.013280702471611843, 0.013280702471611843, 0.013280702471611843, 0.013280702471611843, 0.013280702471611843, 0.013280702471611843, 0.013280702471611843, 0.013280702471611843, 0.013280702471611843, 0.013280702471611843, 0.013280702471611843, 0.013280702471611843, 0.013280702471611843, 0.013280702471611843, 0.013280702471611843, 0.013280702471611843, 0.013280702471611843, 0.013280702471611843, 0.013280702471611843, 0.013280702471611843, 0.013280702471611843, 0.013280702471611843, 0.013280702471611843, 0.013280702471611843, 0.013280702471611843, 0.013280702471611843, 0.013280702471611843, 0.013280702471611843, 0.013280702471611843, 0.013280702471611843, 0.013280702471611843, 0.013280702471611843, 0.013280702471611843, 0.013280702471611843, 0.013280702471611843, 0.013280702471611843, 0.013280702471611843, 0.013280702471611843, 0.013280702471611843, 0.013280702471611843, 0.013280702471611843, 0.013280702471611843, 0.013280702471611843, 0.013280702471611843, 0.013280702471611843, 0.013280702471611843, 0.013280702471611843, 0.013280702471611843, 0.013280702471611843, 0.013280702471611843, 0.013280702471611843, 0.013280702471611843, 0.013280702471611843, 0.013280702471611843, 0.013280702471611843, 0.013280702471611843, 0.013280702471611843, 0.013280702471611843, 0.013280702471611843, 0.013280702471611843, 0.013280702471611843, 0.013280702471611843, 0.013280702471611843, 0.013280702471611843, 0.013280702471611843, 0.013280702471611843],