{"draw_idx": 100, "draws": null, "_stats": [{"depth": [6, 7, 7, 7, 7, 7, 7, 6, 3, 5, 3, 7, 6, 7, 7, 7, 7, 7, 5, 7, 7, 6, 7, 7, 6, 7, 6, 7, 7, 7, 6, 6, 4, 7, 7, 6, 7, 3, 7, 7, 6, 6, 7, 7, 6, 7, 7, 5, 7, 4, 7, 7, 6, 2, 7, 7, 6, 7, 7, 7, 7, 7, 6, 7, 6, 7, 7, 6, 4, 7, 7, 7, 7, 7, 7, 7, 7, 7, 7, 7, 7, 7, 6, 7, 7, 7, 7, 6, 6, 7, 7, 6, 5, 7, 7, 7, 7, 6, 6, 5], "step_size": [0.030558948700780377, 0.030558948700780377, 0.030558948700780377, 0.030558948700780377, 0.030558948700780377, 0.030558948700780377, 0.030558948700780377, 0.030558948700780377, 0.030558948700780377, 0.030558948700780377, 0.030558948700780377, 0.030558948700780377, 0.030558948700780377, 0.030558948700780377, 0.030558948700780377, 0.030558948700780377, 0.030558948700780377, 0.030558948700780377, 0.030558948700780377, 0.030558948700780377, 0.030558948700780377, 0.030558948700780377, 0.030558948700780377, 0.030558948700780377, 0.030558948700780377, 0.030558948700780377, 0.030558948700780377, 0.030558948700780377, 0.030558948700780377, 0.030558948700780377, 0.030558948700780377, 0.030558948700780377, 0.030558948700780377, 0.030558948700780377, 0.030558948700780377, 0.030558948700780377, 0.030558948700780377, 0.030558948700780377, 0.030558948700780377, 0.030558948700780377, 0.030558948700780377, 0.030558948700780377, 0.030558948700780377, 0.030558948700780377, 0.030558948700780377, 0.030558948700780377, 0.030558948700780377, 0.030558948700780377, 0.030558948700780377, 0.030558948700780377, 0.030558948700780377, 0.030558948700780377, 0.030558948700780377, 0.030558948700780377, 0.030558948700780377, 0.030558948700780377, 0.030558948700780377, 0.030558948700780377, 0.030558948700780377, 0.030558948700780377, 0.030558948700780377, 0.030558948700780377, 0.030558948700780377, 0.030558948700780377, 0.030558948700780377, 0.030558948700780377, 0.030558948700780377, 0.030558948700780377, 0.030558948700780377, 0.030558948700780377, 0.030558948700780377, 0.030558948700780377, 0.030558948700780377, 0.030558948700780377, 0.030558948700780377, 0.030558948700780377, 0.030558948700780377, 0.030558948700780377, 0.030558948700780377, 0.030558948700780377, 0.030558948700780377, 0.030558948700780377, 0.030558948700780377, 0.030558948700780377, 0.030558948700780377, 0.030558948700780377, 0.030558948700780377, 0.030558948700780377, 0.030558948700780377, 0.030558948700780377, 0.030558948700780377, 0.030558948700780377, 0.030558948700780377, 0.030558948700780377, 0.030558948700780377, 0.030558948700780377, 0.030558948700780377, 0.030558948700780377, 0.030558948700780377, 0.030558948700780377], "tune": [true, false, false, false, false, false, false, false, false, false, false, false, false, false, false, false, false, false, false, false, false, false, false, false, false, false, false, false, false, false, false, false, false, false, false, false, false, false, false, false, false, false, false, false, false, false, false, false, false, false, false, false, false, false, false, false, false, false, false, false, false, false, false, false, false, false, false, false, false, false, false, false, false, false, false, false, false, false, false, false, false, false, false, false, false, false, false, false, false, false, false, false, false, false, false, false, false, false, false, false], "mean_tree_accept": [0.9972950065583114, 0.36999391000109627, 0.8877183055571246, 0.7723723326876377, 0.30988981275604816, 0.9845097448527073, 0.9795591351105054, 0.9381708662856431, 1.0, 0.996251032657381, 0.9837171642204255, 0.8865209968047693, 0.9967187761209777, 0.7914590549199904, 0.9947270576326448, 0.29756790180012876, 0.8252182964180874, 0.9984770969513211, 0.8904235832176257, 0.8386948547240062, 0.9361991015985449, 0.9749524658412674, 0.988438032509586, 0.9919004911324013, 0.9923707653786692, 0.9941204647309543, 0.9783045950447878, 0.955807316465853, 0.9980620213800467, 0.823531977790951, 0.9983443414393697, 0.991667465244475, 0.6297750308618141, 0.9724185833554567, 0.9828170087459106, 0.9898997650008297, 0.991418619886822, 0.9656729393805508, 0.9866953636339956, 0.9779509725292457, 1.0, 0.9808557379899078, 0.6455953232766669, 0.9986505395193458, 0.9960121877144531, 0.9987701402303687, 0.9659845862665976, 0.9933176712767837, 0.9976297936091704, 0.9979885988266847, 0.9671331113638275, 0.9363797787029132, 0.9850002083904092, 1.0, 0.9958012138830041, 0.870218088167124, 0.7731154629362831, 0.9418714296579755, 0.9892800011457558, 0.9801822218857957, 0.9993118147552199, 0.9716880675395697, 0.9667497982849916, 0.9554139617351124, 0.9672512371401284, 0.9997700137387872, 0.913794508146861, 0.9978919322835216, 0.9900612862211903, 0.9304632756634825, 0.9895626858133022, 0.9388575849479494, 0.9999449024320848, 0.9752961460070123, 0.9942872841581546, 0.9850799006418978, 0.9183015659109279, 0.9967417918745924, 0.9700958966242091, 0.999344750652085, 0.999215604001165, 0.9775873294808163, 0.9989148248463575, 0.5362875275246501, 0.9982152089004819, 0.9969954728874094, 0.9949366369515447, 0.9927752658547773, 0.9999265811023952, 0.9848702628856064, 0.999335438760043, 0.9911772125680968, 0.988888781795388, 0.9939114782547906, 0.9941227085322929, 0.998994549362607, 0.9757733807847154, 0.9948240968015126, 0.9951505965617459, 0.95679196371217], "step_size_bar": [0.02610751323631267, 0.02610751323631267, 0.02610751323631267, 0.02610751323631267, 0.02610751323631267, 0.02610751323631267, 0.02610751323631267, 0.02610751323631267, 0.02610751323631267, 0.02610751323631267, 0.02610751323631267, 0.02610751323631267, 0.02610751323631267, 0.02610751323631267, 0.02610751323631267, 0.02610751323631267, 0.02610751323631267, 0.02610751323631267, 0.02610751323631267, 0.02610751323631267, 0.02610751323631267, 0.02610751323631267, 0.02610751323631267, 0.02610751323631267, 0.02610751323631267, 0.02610751323631267, 0.02610751323631267, 0.02610751323631267, 0.02610751323631267, 0.02610751323631267, 0.02610751323631267, 0.02610751323631267, 0.02610751323631267, 0.02610751323631267, 0.02610751323631267, 0.02610751323631267, 0.02610751323631267, 0.02610751323631267, 0.02610751323631267, 0.02610751323631267, 0.02610751323631267, 0.02610751323631267, 0.02610751323631267, 0.02610751323631267, 0.02610751323631267, 0.02610751323631267, 0.02610751323631267, 0.02610751323631267, 0.02610751323631267, 0.02610751323631267, 0.02610751323631267, 0.02610751323631267, 0.02610751323631267, 0.02610751323631267, 0.02610751323631267, 0.02610751323631267, 0.02610751323631267, 0.02610751323631267, 0.02610751323631267, 0.02610751323631267, 0.02610751323631267, 0.02610751323631267, 0.02610751323631267, 0.02610751323631267, 0.02610751323631267, 0.02610751323631267, 0.02610751323631267, 0.02610751323631267, 0.02610751323631267, 0.02610751323631267, 0.02610751323631267, 0.02610751323631267, 0.02610751323631267, 0.02610751323631267, 0.02610751323631267, 0.02610751323631267, 0.02610751323631267, 0.02610751323631267, 0.02610751323631267, 0.02610751323631267, 0.02610751323631267, 0.02610751323631267, 0.02610751323631267, 0.02610751323631267, 0.02610751323631267, 0.02610751323631267, 0.02610751323631267, 0.02610751323631267, 0.02610751323631267, 0.02610751323631267, 0.02610751323631267, 0.02610751323631267, 0.02610751323631267, 0.02610751323631267, 0.02610751323631267, 0.02610751323631267, 0.02610751323631267, 0.02610751323631267, 0.02610751323631267, 0.02610751323631267],