{"draw_idx": 100, "draws": null, "_stats": [{"depth": [6, 5, 5, 8, 5, 8, 9, 6, 7, 8, 8, 7, 7, 6, 6, 7, 8, 7, 5, 7, 8, 6, 7, 8, 8, 8, 8, 8, 5, 6, 5, 6, 6, 8, 7, 8, 8, 8, 7, 7, 6, 7, 7, 7, 7, 7, 6, 5, 5, 7, 7, 6, 6, 7, 8, 8, 7, 7, 7, 6, 6, 8, 8, 7, 5, 8, 3, 4, 5, 4, 7, 7, 6, 6, 6, 7, 6, 6, 6, 5, 8, 7, 7, 7, 8, 7, 7, 8, 7, 8, 6, 5, 6, 6, 7, 6, 6, 4, 7, 6], "step_size": [0.011377814246175358, 0.011377814246175358, 0.011377814246175358, 0.011377814246175358, 0.011377814246175358, 0.011377814246175358, 0.011377814246175358, 0.011377814246175358, 0.011377814246175358, 0.011377814246175358, 0.011377814246175358, 0.011377814246175358, 0.011377814246175358, 0.011377814246175358, 0.011377814246175358, 0.011377814246175358, 0.011377814246175358, 0.011377814246175358, 0.011377814246175358, 0.011377814246175358, 0.011377814246175358, 0.011377814246175358, 0.011377814246175358, 0.011377814246175358, 0.011377814246175358, 0.011377814246175358, 0.011377814246175358, 0.011377814246175358, 0.011377814246175358, 0.011377814246175358, 0.011377814246175358, 0.011377814246175358, 0.011377814246175358, 0.011377814246175358, 0.011377814246175358, 0.011377814246175358, 0.011377814246175358, 0.011377814246175358, 0.011377814246175358, 0.011377814246175358, 0.011377814246175358, 0.011377814246175358, 0.011377814246175358, 0.011377814246175358, 0.011377814246175358, 0.011377814246175358, 0.011377814246175358, 0.011377814246175358, 0.011377814246175358, 0.011377814246175358, 0.011377814246175358, 0.011377814246175358, 0.011377814246175358, 0.011377814246175358, 0.011377814246175358, 0.011377814246175358, 0.011377814246175358, 0.011377814246175358, 0.011377814246175358, 0.011377814246175358, 0.011377814246175358, 0.011377814246175358, 0.011377814246175358, 0.011377814246175358, 0.011377814246175358, 0.011377814246175358, 0.011377814246175358, 0.011377814246175358, 0.011377814246175358, 0.011377814246175358, 0.011377814246175358, 0.011377814246175358, 0.011377814246175358, 0.011377814246175358, 0.011377814246175358, 0.011377814246175358, 0.011377814246175358, 0.011377814246175358, 0.011377814246175358, 0.011377814246175358, 0.011377814246175358, 0.011377814246175358, 0.011377814246175358, 0.011377814246175358, 0.011377814246175358, 0.011377814246175358, 0.011377814246175358, 0.011377814246175358, 0.011377814246175358, 0.011377814246175358, 0.011377814246175358, 0.011377814246175358, 0.011377814246175358, 0.011377814246175358, 0.011377814246175358, 0.011377814246175358, 0.011377814246175358, 0.011377814246175358, 0.011377814246175358, 0.011377814246175358], "tune": [true, false, false, false, false, false, false, false, false, false, false, false, false, false, false, false, false, false, false, false, false, false, false, false, false, false, false, false, false, false, false, false, false, false, false, false, false, false, false, false, false, false, false, false, false, false, false, false, false, false, false, false, false, false, false, false, false, false, false, false, false, false, false, false, false, false, false, false, false, false, false, false, false, false, false, false, false, false, false, false, false, false, false, false, false, false, false, false, false, false, false, false, false, false, false, false, false, false, false, false], "mean_tree_accept": [0.4467165580609382, 0.9971006794057544, 0.9951450594605649, 0.8984589158856365, 0.9922804520538865, 0.6904583815572187, 0.9948678524667606, 0.992941064137732, 0.9750589514869589, 0.9812844827288221, 0.8131957362958634, 0.9946710843233242, 0.9913500376076915, 0.998732185844916, 0.9964590730270853, 0.9391874089372794, 0.988711003035592, 0.4813903259436721, 0.9965237178673018, 0.8509446215150539, 0.8729166379533683, 0.9995120254989271, 0.9989232688719702, 0.8339619917413578, 0.9846771124039463, 0.8836695241913541, 0.9120731189135652, 0.9977208131538281, 0.9967609808415796, 0.9937798355242801, 0.9987438866551682, 0.9319721494679369, 0.9888775778027123, 0.8501648358946214, 0.9360910790358377, 1.0, 0.9284700924239965, 0.9663991267936672, 0.717801990012157, 0.9492155338753296, 0.9802705024089695, 0.9321212821004242, 0.9570582349270847, 0.9804104533013983, 0.9958728243157876, 0.9891149237097161, 0.9798048185281367, 0.9886596470786214, 0.9970828651239947, 0.9720357169899466, 0.998940301485001, 0.9772341522639124, 0.999774972900519, 0.967006785341551, 0.9913325563511493, 0.9889500816844575, 0.9995645893472066, 0.7942265151106394, 0.9917679434770518, 0.9980846736445695, 0.9998657480931156, 0.9931356196157947, 0.9950578965104018, 0.9735782121507214, 0.9493138132607408, 0.7344916184657281, 0.9505993364147084, 1.0, 0.9911424490751444, 0.9973718233084469, 0.9948207436822288, 0.9682662586519075, 0.9951573958591785, 0.9978708407854201, 0.9809642473685428, 0.9952167090965459, 0.9985986124279103, 0.9901207082123387, 0.9756050796118861, 0.9989838974031907, 0.9882673182139484, 0.9917142741991852, 0.989981838284502, 0.9927069489843032, 0.9796200129966074, 0.9142586117074414, 0.985637841398061, 0.4548907688863521, 0.9586673002112596, 0.9959988647252017, 0.8926134335360422, 0.9981170786382142, 0.9819365843010865, 0.960260880896354, 0.78611100078515, 0.9991017698739766, 0.9826049333895698, 0.8046965334176884, 0.9973200543159516, 0.9801196927034387], "step_size_bar": [0.016497900682298547, 0.016497900682298547, 0.016497900682298547, 0.016497900682298547, 0.016497900682298547, 0.016497900682298547, 0.016497900682298547, 0.016497900682298547, 0.016497900682298547, 0.016497900682298547, 0.016497900682298547, 0.016497900682298547, 0.016497900682298547, 0.016497900682298547, 0.016497900682298547, 0.016497900682298547, 0.016497900682298547, 0.016497900682298547, 0.016497900682298547, 0.016497900682298547, 0.016497900682298547, 0.016497900682298547, 0.016497900682298547, 0.016497900682298547, 0.016497900682298547, 0.016497900682298547, 0.016497900682298547, 0.016497900682298547, 0.016497900682298547, 0.016497900682298547, 0.016497900682298547, 0.016497900682298547, 0.016497900682298547, 0.016497900682298547, 0.016497900682298547, 0.016497900682298547, 0.016497900682298547, 0.016497900682298547, 0.016497900682298547, 0.016497900682298547, 0.016497900682298547, 0.016497900682298547, 0.016497900682298547, 0.016497900682298547, 0.016497900682298547, 0.016497900682298547, 0.016497900682298547, 0.016497900682298547, 0.016497900682298547, 0.016497900682298547, 0.016497900682298547, 0.016497900682298547, 0.016497900682298547, 0.016497900682298547, 0.016497900682298547, 0.016497900682298547, 0.016497900682298547, 0.016497900682298547, 0.016497900682298547, 0.016497900682298547, 0.016497900682298547, 0.016497900682298547, 0.016497900682298547, 0.016497900682298547, 0.016497900682298547, 0.016497900682298547, 0.016497900682298547, 0.016497900682298547, 0.016497900682298547, 0.016497900682298547, 0.016497900682298547, 0.016497900682298547, 0.016497900682298547, 0.016497900682298547, 0.016497900682298547, 0.016497900682298547, 0.016497900682298547, 0.016497900682298547, 0.016497900682298547, 0.016497900682298547, 0.016497900682298547, 0.016497900682298547, 0.016497900682298547, 0.016497900682298547, 0.016497900682298547, 0.016497900682298547, 0.016497900682298547, 0.016497900682298547, 0.016497900682298547, 0.016497900682298547, 0.016497900682298547, 0.016497900682298547, 0.016497900682298547, 0.016497900682298547, 0.016497900682298547, 0.016497900682298547, 0.016497900682298547, 0.016497900682298547, 0.016497900682298547, 0.016497900682298547],