{"draw_idx": 100, "draws": null, "_stats": [{"depth": [6, 3, 7, 3, 5, 7, 7, 7, 7, 6, 3, 6, 6, 6, 7, 7, 6, 6, 6, 6, 6, 6, 7, 7, 6, 7, 6, 4, 4, 6, 7, 7, 3, 4, 5, 6, 7, 6, 6, 7, 5, 7, 5, 6, 7, 7, 7, 7, 6, 5, 6, 7, 6, 6, 6, 5, 6, 6, 6, 4, 6, 6, 7, 6, 7, 7, 6, 7, 7, 6, 6, 7, 7, 6, 7, 7, 6, 6, 7, 6, 5, 7, 6, 5, 6, 7, 6, 5, 7, 6, 6, 6, 7, 7, 2, 7, 6, 7, 6, 7], "step_size": [0.04120645929181653, 0.04120645929181653, 0.04120645929181653, 0.04120645929181653, 0.04120645929181653, 0.04120645929181653, 0.04120645929181653, 0.04120645929181653, 0.04120645929181653, 0.04120645929181653, 0.04120645929181653, 0.04120645929181653, 0.04120645929181653, 0.04120645929181653, 0.04120645929181653, 0.04120645929181653, 0.04120645929181653, 0.04120645929181653, 0.04120645929181653, 0.04120645929181653, 0.04120645929181653, 0.04120645929181653, 0.04120645929181653, 0.04120645929181653, 0.04120645929181653, 0.04120645929181653, 0.04120645929181653, 0.04120645929181653, 0.04120645929181653, 0.04120645929181653, 0.04120645929181653, 0.04120645929181653, 0.04120645929181653, 0.04120645929181653, 0.04120645929181653, 0.04120645929181653, 0.04120645929181653, 0.04120645929181653, 0.04120645929181653, 0.04120645929181653, 0.04120645929181653, 0.04120645929181653, 0.04120645929181653, 0.04120645929181653, 0.04120645929181653, 0.04120645929181653, 0.04120645929181653, 0.04120645929181653, 0.04120645929181653, 0.04120645929181653, 0.04120645929181653, 0.04120645929181653, 0.04120645929181653, 0.04120645929181653, 0.04120645929181653, 0.04120645929181653, 0.04120645929181653, 0.04120645929181653, 0.04120645929181653, 0.04120645929181653, 0.04120645929181653, 0.04120645929181653, 0.04120645929181653, 0.04120645929181653, 0.04120645929181653, 0.04120645929181653, 0.04120645929181653, 0.04120645929181653, 0.04120645929181653, 0.04120645929181653, 0.04120645929181653, 0.04120645929181653, 0.04120645929181653, 0.04120645929181653, 0.04120645929181653, 0.04120645929181653, 0.04120645929181653, 0.04120645929181653, 0.04120645929181653, 0.04120645929181653, 0.04120645929181653, 0.04120645929181653, 0.04120645929181653, 0.04120645929181653, 0.04120645929181653, 0.04120645929181653, 0.04120645929181653, 0.04120645929181653, 0.04120645929181653, 0.04120645929181653, 0.04120645929181653, 0.04120645929181653, 0.04120645929181653, 0.04120645929181653, 0.04120645929181653, 0.04120645929181653, 0.04120645929181653, 0.04120645929181653, 0.04120645929181653, 0.04120645929181653], "tune": [true, false, false, false, false, false, false, false, false, false, false, false, false, false, false, false, false, false, false, false, false, false, false, false, false, false, false, false, false, false, false, false, false, false, false, false, false, false, false, false, false, false, false, false, false, false, false, false, false, false, false, false, false, false, false, false, false, false, false, false, false, false, false, false, false, false, false, false, false, false, false, false, false, false, false, false, false, false, false, false, false, false, false, false, false, false, false, false, false, false, false, false, false, false, false, false, false, false, false, false], "mean_tree_accept": [0.929540861493622, 0.846314586426325, 0.9946420257164557, 1.0, 0.9976579157148975, 0.9486671895755812, 0.8073925351127249, 0.9837796120520796, 0.6006153801785596, 0.9782492457699278, 0.954367575274094, 1.0, 0.9958397132005009, 0.9855212038687006, 0.9777723334352536, 0.6322556784958552, 0.9740333265086256, 0.9007066565244431, 0.9803930878584458, 0.9996408895101109, 0.9294253872399456, 0.9734402890487726, 0.997044654869403, 0.9919397233485729, 0.9460905289149626, 0.9840961154008883, 0.9512871546514988, 0.9997851683312315, 0.9959338931909524, 0.9998269037330146, 0.8925803297569579, 0.997822448993012, 0.9543649305397638, 0.9982947592452028, 0.9998085903762297, 0.9886488204196814, 0.9881152810481504, 0.9124528818734745, 0.6343298780925717, 0.736875298056132, 0.9803792501942641, 0.9572004424222387, 0.9749664297886877, 0.9923787103869802, 0.75246658664525, 0.9997153801028729, 0.7715164377455704, 0.5861221703645466, 0.9435451463484333, 0.7065668833269131, 0.9723970725558116, 0.9999463516977442, 0.9819325233442583, 0.9213444129066866, 0.9846280568873553, 0.9720626736748923, 0.9109280503011146, 0.9937192023536977, 0.9951940386827616, 0.987965618279621, 0.9636274623899846, 0.9853846826384329, 0.9474674647876207, 0.9995480076774621, 0.9950144255605445, 0.9778280295659483, 0.9304525400912581, 0.8120524602047124, 0.9129518201275953, 0.7605223843160035, 0.9980491482511256, 0.9899159775606731, 0.9517809895388695, 0.9858168142486469, 0.9873804016217284, 0.9839136543182566, 0.9835456356008717, 0.9470952475459984, 0.9877997551797154, 0.9271561169298816, 0.9830495032212484, 0.9870687885464863, 0.9990455820533544, 0.9888053892798572, 0.9209817040756533, 0.986671016234533, 0.4063954224746078, 0.8492190388476353, 0.37062720671664506, 0.48728141150765436, 0.7129405215912892, 0.19019054394969118, 0.3539107390484058, 0.045448316183056676, 0.5098827155921765, 0.8790731238529054, 0.9166738835385467, 0.9768913416963695, 0.9985958480350058, 0.9915641597176824], "step_size_bar": [0.04148754055914537, 0.04148754055914537, 0.04148754055914537, 0.04148754055914537, 0.04148754055914537, 0.04148754055914537, 0.04148754055914537, 0.04148754055914537, 0.04148754055914537, 0.04148754055914537, 0.04148754055914537, 0.04148754055914537, 0.04148754055914537, 0.04148754055914537, 0.04148754055914537, 0.04148754055914537, 0.04148754055914537, 0.04148754055914537, 0.04148754055914537, 0.04148754055914537, 0.04148754055914537, 0.04148754055914537, 0.04148754055914537, 0.04148754055914537, 0.04148754055914537, 0.04148754055914537, 0.04148754055914537, 0.04148754055914537, 0.04148754055914537, 0.04148754055914537, 0.04148754055914537, 0.04148754055914537, 0.04148754055914537, 0.04148754055914537, 0.04148754055914537, 0.04148754055914537, 0.04148754055914537, 0.04148754055914537, 0.04148754055914537, 0.04148754055914537, 0.04148754055914537, 0.04148754055914537, 0.04148754055914537, 0.04148754055914537, 0.04148754055914537, 0.04148754055914537, 0.04148754055914537, 0.04148754055914537, 0.04148754055914537, 0.04148754055914537, 0.04148754055914537, 0.04148754055914537, 0.04148754055914537, 0.04148754055914537, 0.04148754055914537, 0.04148754055914537, 0.04148754055914537, 0.04148754055914537, 0.04148754055914537, 0.04148754055914537, 0.04148754055914537, 0.04148754055914537, 0.04148754055914537, 0.04148754055914537, 0.04148754055914537, 0.04148754055914537, 0.04148754055914537, 0.04148754055914537, 0.04148754055914537, 0.04148754055914537, 0.04148754055914537, 0.04148754055914537, 0.04148754055914537, 0.04148754055914537, 0.04148754055914537, 0.04148754055914537, 0.04148754055914537, 0.04148754055914537, 0.04148754055914537, 0.04148754055914537, 0.04148754055914537, 0.04148754055914537, 0.04148754055914537, 0.04148754055914537, 0.04148754055914537, 0.04148754055914537, 0.04148754055914537, 0.04148754055914537, 0.04148754055914537, 0.04148754055914537, 0.04148754055914537, 0.04148754055914537, 0.04148754055914537, 0.04148754055914537, 0.04148754055914537, 0.04148754055914537, 0.04148754055914537, 0.04148754055914537, 0.04148754055914537, 0.04148754055914537], "tree_size": [63.0, 7.0, 127.0, 7.0, 31.0, 95.0, 127.0, 127.0, 127.0, 39.0, 7.0, 55.0, 63.0, 63.0, 127.0, 127.0, 63.0, 39.0, 47.0, 55.0, 63.0, 63.0, 127.0, 127.0, 63.0, 127.0, 63.0, 15.0, 15.0, 63.0, 127.0, 79.0, 7.0, 15.0, 31.0, 55.0, 79.0, 55.0, 47.0, 127.0, 31.0, 127.0, 31.0, 55.0, 127.0, 79.0, 79.0, 127.0, 47.0, 31.0, 47.0, 127.0, 63.0, 63.0, 63.0, 31.0, 63.0, 47.0, 39.0, 15.0, 63.0, 63.0, 127.0, 63.0, 127.0, 127.0, 59.0, 127.0, 127.0, 63.0, 63.0, 111.0, 127.0, 63.0, 127.0, 127.0, 63.0, 63.0, 127.0, 47.0, 31.0, 127.0, 63.0, 31.0, 63.0, 127.0, 63.0, 27.0, 127.0, 47.0, 63.0, 63.0, 127.0, 127.0, 3.0, 127.0, 43.0, 127.0, 47.0, 79.0],