{"draw_idx": 100, "draws": null, "_stats": [{"depth": [8, 8, 7, 8, 5, 7, 7, 7, 7, 7, 7, 7, 7, 7, 8, 7, 7, 8, 5, 8, 7, 7, 6, 3, 7, 7, 7, 7, 7, 8, 7, 7, 7, 4, 7, 6, 7, 7, 8, 8, 8, 4, 8, 8, 7, 5, 6, 8, 8, 7, 7, 4, 7, 8, 7, 7, 7, 6, 7, 7, 7, 7, 7, 7, 8, 5, 8, 7, 6, 7, 6, 7, 7, 7, 7, 7, 7, 8, 7, 5, 6, 7, 4, 7, 7, 6, 8, 7, 7, 8, 7, 7, 7, 5, 8, 7, 7, 7, 8, 7], "step_size": [0.017549669657053416, 0.017549669657053416, 0.017549669657053416, 0.017549669657053416, 0.017549669657053416, 0.017549669657053416, 0.017549669657053416, 0.017549669657053416, 0.017549669657053416, 0.017549669657053416, 0.017549669657053416, 0.017549669657053416, 0.017549669657053416, 0.017549669657053416, 0.017549669657053416, 0.017549669657053416, 0.017549669657053416, 0.017549669657053416, 0.017549669657053416, 0.017549669657053416, 0.017549669657053416, 0.017549669657053416, 0.017549669657053416, 0.017549669657053416, 0.017549669657053416, 0.017549669657053416, 0.017549669657053416, 0.017549669657053416, 0.017549669657053416, 0.017549669657053416, 0.017549669657053416, 0.017549669657053416, 0.017549669657053416, 0.017549669657053416, 0.017549669657053416, 0.017549669657053416, 0.017549669657053416, 0.017549669657053416, 0.017549669657053416, 0.017549669657053416, 0.017549669657053416, 0.017549669657053416, 0.017549669657053416, 0.017549669657053416, 0.017549669657053416, 0.017549669657053416, 0.017549669657053416, 0.017549669657053416, 0.017549669657053416, 0.017549669657053416, 0.017549669657053416, 0.017549669657053416, 0.017549669657053416, 0.017549669657053416, 0.017549669657053416, 0.017549669657053416, 0.017549669657053416, 0.017549669657053416, 0.017549669657053416, 0.017549669657053416, 0.017549669657053416, 0.017549669657053416, 0.017549669657053416, 0.017549669657053416, 0.017549669657053416, 0.017549669657053416, 0.017549669657053416, 0.017549669657053416, 0.017549669657053416, 0.017549669657053416, 0.017549669657053416, 0.017549669657053416, 0.017549669657053416, 0.017549669657053416, 0.017549669657053416, 0.017549669657053416, 0.017549669657053416, 0.017549669657053416, 0.017549669657053416, 0.017549669657053416, 0.017549669657053416, 0.017549669657053416, 0.017549669657053416, 0.017549669657053416, 0.017549669657053416, 0.017549669657053416, 0.017549669657053416, 0.017549669657053416, 0.017549669657053416, 0.017549669657053416, 0.017549669657053416, 0.017549669657053416, 0.017549669657053416, 0.017549669657053416, 0.017549669657053416, 0.017549669657053416, 0.017549669657053416, 0.017549669657053416, 0.017549669657053416, 0.017549669657053416], "tune": [true, false, false, false, false, false, false, false, false, false, false, false, false, false, false, false, false, false, false, false, false, false, false, false, false, false, false, false, false, false, false, false, false, false, false, false, false, false, false, false, false, false, false, false, false, false, false, false, false, false, false, false, false, false, false, false, false, false, false, false, false, false, false, false, false, false, false, false, false, false, false, false, false, false, false, false, false, false, false, false, false, false, false, false, false, false, false, false, false, false, false, false, false, false, false, false, false, false, false, false], "mean_tree_accept": [0.9999935928474926, 0.9984268441970183, 0.9867659966710226, 0.8822081406534, 0.9935214089212623, 0.9868967193812771, 0.995002184913008, 0.8949362813026808, 0.9868719425897065, 0.9839882568711146, 0.9904581549243766, 0.9756669010920251, 0.978663587739877, 0.9998765519081259, 0.9966741003508099, 0.9914369880696956, 0.9958490237463099, 0.20778546191500477, 0.7743903726101367, 0.11956170063388627, 0.9811326749594984, 0.1401850285479735, 0.2894169786424625, 0.3744216862688345, 0.48635750232268643, 0.9958139228627909, 0.9783232374436316, 0.9921101775647759, 0.9763182832260945, 0.9391404927997454, 0.6720084068338732, 0.9972606932714386, 0.9139394267873796, 0.15223906654489305, 0.18565030371036928, 0.8768472543566825, 0.6083179885964695, 0.9999051228731763, 0.7054639266717688, 0.5556211443933889, 0.883250321790836, 0.9896315327386221, 0.9942537119348898, 0.9772639300865033, 0.9516914085314748, 0.9410272630876592, 0.9959460415633393, 0.9869545930619988, 0.9899205481482305, 0.21203666677141225, 0.9555050995199795, 0.998953649375557, 0.9623450949937437, 0.9990123282477096, 0.9660852655130034, 0.9595222358974775, 0.9953986540760182, 0.9996798611978944, 0.9980319263684121, 0.999803599929247, 0.999346286493028, 0.9751453026081873, 0.9957619119448579, 0.9998243142129117, 0.9862319225602645, 0.5619168236601859, 0.9953387389943817, 0.7810113386314415, 0.6945156586183008, 0.9979527901148562, 0.8245708532409008, 0.2955210532333868, 0.9970000086902654, 0.9925261339684975, 0.9922143257917158, 0.996904752846611, 0.9674590791869073, 0.9997680964710604, 0.9944801167435333, 0.8600033683437404, 0.9993819324564408, 0.9991392977544971, 0.958399465335719, 0.9766964497727594, 0.9885012188666968, 0.8583977426161591, 0.9792323056978486, 0.9904163361791001, 0.969319149168001, 0.9962800560565431, 0.9838856563136766, 0.9991959955996379, 0.9953628914162086, 0.9710475432028558, 0.8296113175145866, 0.9844199577325244, 0.9958918462772687, 0.9989838792268425, 0.9753441939330155, 0.9981194283356744], "step_size_bar": [0.016266929867148623, 0.016266929867148623, 0.016266929867148623, 0.016266929867148623, 0.016266929867148623, 0.016266929867148623, 0.016266929867148623, 0.016266929867148623, 0.016266929867148623, 0.016266929867148623, 0.016266929867148623, 0.016266929867148623, 0.016266929867148623, 0.016266929867148623, 0.016266929867148623, 0.016266929867148623, 0.016266929867148623, 0.016266929867148623, 0.016266929867148623, 0.016266929867148623, 0.016266929867148623, 0.016266929867148623, 0.016266929867148623, 0.016266929867148623, 0.016266929867148623, 0.016266929867148623, 0.016266929867148623, 0.016266929867148623, 0.016266929867148623, 0.016266929867148623, 0.016266929867148623, 0.016266929867148623, 0.016266929867148623, 0.016266929867148623, 0.016266929867148623, 0.016266929867148623, 0.016266929867148623, 0.016266929867148623, 0.016266929867148623, 0.016266929867148623, 0.016266929867148623, 0.016266929867148623, 0.016266929867148623, 0.016266929867148623, 0.016266929867148623, 0.016266929867148623, 0.016266929867148623, 0.016266929867148623, 0.016266929867148623, 0.016266929867148623, 0.016266929867148623, 0.016266929867148623, 0.016266929867148623, 0.016266929867148623, 0.016266929867148623, 0.016266929867148623, 0.016266929867148623, 0.016266929867148623, 0.016266929867148623, 0.016266929867148623, 0.016266929867148623, 0.016266929867148623, 0.016266929867148623, 0.016266929867148623, 0.016266929867148623, 0.016266929867148623, 0.016266929867148623, 0.016266929867148623, 0.016266929867148623, 0.016266929867148623, 0.016266929867148623, 0.016266929867148623, 0.016266929867148623, 0.016266929867148623, 0.016266929867148623, 0.016266929867148623, 0.016266929867148623, 0.016266929867148623, 0.016266929867148623, 0.016266929867148623, 0.016266929867148623, 0.016266929867148623, 0.016266929867148623, 0.016266929867148623, 0.016266929867148623, 0.016266929867148623, 0.016266929867148623, 0.016266929867148623, 0.016266929867148623, 0.016266929867148623, 0.016266929867148623, 0.016266929867148623, 0.016266929867148623, 0.016266929867148623, 0.016266929867148623, 0.016266929867148623, 0.016266929867148623, 0.016266929867148623, 0.016266929867148623, 0.016266929867148623],