{"draw_idx": 100, "draws": null, "_stats": [{"depth": [5, 5, 7, 7, 7, 5, 8, 7, 7, 3, 5, 7, 7, 7, 7, 8, 8, 7, 8, 8, 3, 7, 7, 6, 7, 4, 5, 4, 7, 5, 5, 7, 7, 7, 7, 7, 6, 7, 7, 7, 8, 4, 8, 7, 4, 7, 7, 8, 7, 7, 7, 7, 7, 6, 5, 4, 4, 7, 6, 7, 7, 8, 7, 7, 7, 7, 8, 6, 7, 7, 7, 7, 6, 7, 7, 7, 6, 4, 7, 6, 7, 7, 7, 7, 5, 6, 7, 6, 7, 7, 8, 4, 7, 8, 8, 7, 8, 3, 8, 5], "step_size": [0.025824437635475216, 0.025824437635475216, 0.025824437635475216, 0.025824437635475216, 0.025824437635475216, 0.025824437635475216, 0.025824437635475216, 0.025824437635475216, 0.025824437635475216, 0.025824437635475216, 0.025824437635475216, 0.025824437635475216, 0.025824437635475216, 0.025824437635475216, 0.025824437635475216, 0.025824437635475216, 0.025824437635475216, 0.025824437635475216, 0.025824437635475216, 0.025824437635475216, 0.025824437635475216, 0.025824437635475216, 0.025824437635475216, 0.025824437635475216, 0.025824437635475216, 0.025824437635475216, 0.025824437635475216, 0.025824437635475216, 0.025824437635475216, 0.025824437635475216, 0.025824437635475216, 0.025824437635475216, 0.025824437635475216, 0.025824437635475216, 0.025824437635475216, 0.025824437635475216, 0.025824437635475216, 0.025824437635475216, 0.025824437635475216, 0.025824437635475216, 0.025824437635475216, 0.025824437635475216, 0.025824437635475216, 0.025824437635475216, 0.025824437635475216, 0.025824437635475216, 0.025824437635475216, 0.025824437635475216, 0.025824437635475216, 0.025824437635475216, 0.025824437635475216, 0.025824437635475216, 0.025824437635475216, 0.025824437635475216, 0.025824437635475216, 0.025824437635475216, 0.025824437635475216, 0.025824437635475216, 0.025824437635475216, 0.025824437635475216, 0.025824437635475216, 0.025824437635475216, 0.025824437635475216, 0.025824437635475216, 0.025824437635475216, 0.025824437635475216, 0.025824437635475216, 0.025824437635475216, 0.025824437635475216, 0.025824437635475216, 0.025824437635475216, 0.025824437635475216, 0.025824437635475216, 0.025824437635475216, 0.025824437635475216, 0.025824437635475216, 0.025824437635475216, 0.025824437635475216, 0.025824437635475216, 0.025824437635475216, 0.025824437635475216, 0.025824437635475216, 0.025824437635475216, 0.025824437635475216, 0.025824437635475216, 0.025824437635475216, 0.025824437635475216, 0.025824437635475216, 0.025824437635475216, 0.025824437635475216, 0.025824437635475216, 0.025824437635475216, 0.025824437635475216, 0.025824437635475216, 0.025824437635475216, 0.025824437635475216, 0.025824437635475216, 0.025824437635475216, 0.025824437635475216, 0.025824437635475216], "tune": [true, false, false, false, false, false, false, false, false, false, false, false, false, false, false, false, false, false, false, false, false, false, false, false, false, false, false, false, false, false, false, false, false, false, false, false, false, false, false, false, false, false, false, false, false, false, false, false, false, false, false, false, false, false, false, false, false, false, false, false, false, false, false, false, false, false, false, false, false, false, false, false, false, false, false, false, false, false, false, false, false, false, false, false, false, false, false, false, false, false, false, false, false, false, false, false, false, false, false, false], "mean_tree_accept": [0.9958482394191187, 0.9894167955899471, 0.9872781757043095, 0.897852969865506, 0.8353898404192808, 0.9936622994032578, 0.12371840669093527, 0.15738456924724445, 0.2260992648503118, 1.0, 0.297026985930794, 0.03645081923016121, 0.06757706966079448, 0.10484929558045343, 0.5907865723893417, 0.925894524869724, 0.6746458054153934, 0.7882171692458226, 0.9782812645748068, 0.9315862152789255, 0.9902205316662028, 0.9891665564285115, 0.9975904734115504, 0.9132009066904536, 0.9950917163805416, 0.9912364715288946, 0.9817549689074963, 0.9955961035951219, 0.99053518587255, 0.9740388869618893, 0.9620007454346556, 0.9802329543245286, 0.9952267191299584, 0.9891205892548913, 0.6492812881368222, 0.3183056682044048, 0.7619613981666046, 0.35945593428709094, 0.28285420064885225, 0.666518215340696, 0.9953071942113947, 1.0, 0.9995178141229222, 0.9958480789458246, 0.8492842958398105, 0.9722624828960772, 0.9982101544813283, 0.8471909121789868, 0.5338055526803821, 0.5674604604861725, 0.20826426969130446, 0.6519158839450795, 0.7520180258681327, 0.442233956143855, 0.6567025823682885, 0.5765587942960219, 0.8058699311566916, 0.5700959556201667, 0.6451799211898965, 0.5055002108628066, 0.545001670722148, 0.9840109990415197, 0.9789888665896678, 0.9963263234787787, 0.9983059086663272, 0.6331487585534143, 0.9929507314522086, 0.8081552212205015, 0.9828442021886814, 0.8722822140893856, 0.990670369217213, 0.995910130724295, 0.9454415820177883, 0.9767159949091537, 0.9950459460958674, 0.9912488756573351, 0.9809002563694473, 0.9728055850172583, 0.9853001054175372, 0.9938632412949523, 0.7510238939835371, 0.9940862224045466, 0.9988032123099805, 0.968582849104719, 0.9958513538818301, 0.9983081920341774, 0.9715642451797181, 0.9696703236762222, 0.9851313118060024, 0.8565625351497219, 0.8139386392754945, 0.9282860479089142, 0.9780865001167187, 0.998891618846103, 0.9972085737992931, 0.9996182469615438, 0.8295372118446102, 0.7850280796246762, 0.4415480345273459, 0.9057987912574118], "step_size_bar": [0.018732566276200378, 0.018732566276200378, 0.018732566276200378, 0.018732566276200378, 0.018732566276200378, 0.018732566276200378, 0.018732566276200378, 0.018732566276200378, 0.018732566276200378, 0.018732566276200378, 0.018732566276200378, 0.018732566276200378, 0.018732566276200378, 0.018732566276200378, 0.018732566276200378, 0.018732566276200378, 0.018732566276200378, 0.018732566276200378, 0.018732566276200378, 0.018732566276200378, 0.018732566276200378, 0.018732566276200378, 0.018732566276200378, 0.018732566276200378, 0.018732566276200378, 0.018732566276200378, 0.018732566276200378, 0.018732566276200378, 0.018732566276200378, 0.018732566276200378, 0.018732566276200378, 0.018732566276200378, 0.018732566276200378, 0.018732566276200378, 0.018732566276200378, 0.018732566276200378, 0.018732566276200378, 0.018732566276200378, 0.018732566276200378, 0.018732566276200378, 0.018732566276200378, 0.018732566276200378, 0.018732566276200378, 0.018732566276200378, 0.018732566276200378, 0.018732566276200378, 0.018732566276200378, 0.018732566276200378, 0.018732566276200378, 0.018732566276200378, 0.018732566276200378, 0.018732566276200378, 0.018732566276200378, 0.018732566276200378, 0.018732566276200378, 0.018732566276200378, 0.018732566276200378, 0.018732566276200378, 0.018732566276200378, 0.018732566276200378, 0.018732566276200378, 0.018732566276200378, 0.018732566276200378, 0.018732566276200378, 0.018732566276200378, 0.018732566276200378, 0.018732566276200378, 0.018732566276200378, 0.018732566276200378, 0.018732566276200378, 0.018732566276200378, 0.018732566276200378, 0.018732566276200378, 0.018732566276200378, 0.018732566276200378, 0.018732566276200378, 0.018732566276200378, 0.018732566276200378, 0.018732566276200378, 0.018732566276200378, 0.018732566276200378, 0.018732566276200378, 0.018732566276200378, 0.018732566276200378, 0.018732566276200378, 0.018732566276200378, 0.018732566276200378, 0.018732566276200378, 0.018732566276200378, 0.018732566276200378, 0.018732566276200378, 0.018732566276200378, 0.018732566276200378, 0.018732566276200378, 0.018732566276200378, 0.018732566276200378, 0.018732566276200378, 0.018732566276200378, 0.018732566276200378, 0.018732566276200378],