{"draw_idx": 100, "draws": null, "_stats": [{"depth": [8, 8, 8, 7, 4, 8, 8, 9, 8, 8, 9, 9, 9, 4, 6, 9, 8, 8, 8, 3, 9, 8, 8, 7, 6, 9, 8, 8, 9, 8, 5, 8, 8, 9, 8, 9, 8, 8, 7, 8, 7, 8, 9, 9, 3, 9, 9, 8, 9, 8, 8, 8, 9, 9, 8, 8, 7, 8, 8, 9, 8, 8, 8, 8, 9, 8, 9, 9, 5, 8, 8, 7, 8, 8, 9, 9, 9, 8, 6, 8, 5, 9, 7, 6, 5, 8, 7, 9, 7, 7, 8, 8, 8, 8, 9, 9, 9, 8, 8, 8], "step_size": [0.0030227804345371936, 0.0030227804345371936, 0.0030227804345371936, 0.0030227804345371936, 0.0030227804345371936, 0.0030227804345371936, 0.0030227804345371936, 0.0030227804345371936, 0.0030227804345371936, 0.0030227804345371936, 0.0030227804345371936, 0.0030227804345371936, 0.0030227804345371936, 0.0030227804345371936, 0.0030227804345371936, 0.0030227804345371936, 0.0030227804345371936, 0.0030227804345371936, 0.0030227804345371936, 0.0030227804345371936, 0.0030227804345371936, 0.0030227804345371936, 0.0030227804345371936, 0.0030227804345371936, 0.0030227804345371936, 0.0030227804345371936, 0.0030227804345371936, 0.0030227804345371936, 0.0030227804345371936, 0.0030227804345371936, 0.0030227804345371936, 0.0030227804345371936, 0.0030227804345371936, 0.0030227804345371936, 0.0030227804345371936, 0.0030227804345371936, 0.0030227804345371936, 0.0030227804345371936, 0.0030227804345371936, 0.0030227804345371936, 0.0030227804345371936, 0.0030227804345371936, 0.0030227804345371936, 0.0030227804345371936, 0.0030227804345371936, 0.0030227804345371936, 0.0030227804345371936, 0.0030227804345371936, 0.0030227804345371936, 0.0030227804345371936, 0.0030227804345371936, 0.0030227804345371936, 0.0030227804345371936, 0.0030227804345371936, 0.0030227804345371936, 0.0030227804345371936, 0.0030227804345371936, 0.0030227804345371936, 0.0030227804345371936, 0.0030227804345371936, 0.0030227804345371936, 0.0030227804345371936, 0.0030227804345371936, 0.0030227804345371936, 0.0030227804345371936, 0.0030227804345371936, 0.0030227804345371936, 0.0030227804345371936, 0.0030227804345371936, 0.0030227804345371936, 0.0030227804345371936, 0.0030227804345371936, 0.0030227804345371936, 0.0030227804345371936, 0.0030227804345371936, 0.0030227804345371936, 0.0030227804345371936, 0.0030227804345371936, 0.0030227804345371936, 0.0030227804345371936, 0.0030227804345371936, 0.0030227804345371936, 0.0030227804345371936, 0.0030227804345371936, 0.0030227804345371936, 0.0030227804345371936, 0.0030227804345371936, 0.0030227804345371936, 0.0030227804345371936, 0.0030227804345371936, 0.0030227804345371936, 0.0030227804345371936, 0.0030227804345371936, 0.0030227804345371936, 0.0030227804345371936, 0.0030227804345371936, 0.0030227804345371936, 0.0030227804345371936, 0.0030227804345371936, 0.0030227804345371936], "tune": [true, false, false, false, false, false, false, false, false, false, false, false, false, false, false, false, false, false, false, false, false, false, false, false, false, false, false, false, false, false, false, false, false, false, false, false, false, false, false, false, false, false, false, false, false, false, false, false, false, false, false, false, false, false, false, false, false, false, false, false, false, false, false, false, false, false, false, false, false, false, false, false, false, false, false, false, false, false, false, false, false, false, false, false, false, false, false, false, false, false, false, false, false, false, false, false, false, false, false, false], "mean_tree_accept": [0.9984149421348841, 0.32341234367555527, 0.00877015113061744, 0.1357091480907343, 0.2329936931657447, 0.4016679366448704, 0.9888009101279936, 0.5299027618936263, 0.6432535965817577, 0.802291611323386, 0.9996817201697548, 0.9769026361583389, 0.9703254220916452, 0.7974822024949184, 0.7642292318946245, 0.9060727303325153, 0.9930612715972721, 0.9995443955566474, 0.9910150452752694, 0.9811007786075169, 0.9982137976770317, 0.9591139428196593, 0.8871066130753722, 0.9968051013813709, 0.9733620854122705, 0.9548544371672817, 0.9975518510564515, 0.9858212574675437, 0.9989708773261555, 0.9843198868011921, 0.7678548729927581, 0.9782779160921459, 0.990725902346828, 0.9991597837571137, 0.981420941323819, 0.9990169916133415, 0.9981065488792893, 0.9917688061853761, 0.9982766013889238, 0.991387300335269, 0.9983102402352118, 0.9608927161900515, 0.9939127937948734, 0.5603017897110024, 0.9062198699058513, 0.9904416058140005, 0.9329217440903944, 0.9729611565049485, 0.9317706461897519, 0.8934956716365856, 0.8580963846659198, 0.9932606484763413, 0.6046676484736091, 0.9687647103621296, 0.8550473079551034, 0.9068556338350655, 0.99797328295897, 0.9805576746956659, 0.9845151958127891, 0.9900315822000245, 0.9895543757101561, 0.9990599530566334, 0.9269412170760704, 0.9640827000855231, 0.9415055785608835, 0.9934655388309594, 0.9205994462357274, 0.9715072712187122, 0.9982172717230465, 0.9387455291546655, 0.9797778051607972, 0.9975610679525998, 0.9977832684059905, 0.997407904356773, 0.9908408939318577, 0.5211236715755405, 0.11728200816446398, 0.6853660178911656, 0.3479948762317591, 0.03583125397993407, 0.6875198124963782, 0.1714096021421337, 0.6171113701105783, 0.5751466184709253, 0.34715514262663183, 0.034167219339780175, 0.5965973437355132, 0.8716874300879913, 0.7142447987091084, 0.7268547395325515, 0.8031304008074592, 0.9965999611857289, 0.9911274035390726, 0.9634800251318567, 0.9992806778998963, 0.8599008977505262, 0.9049579792389565, 0.9821828762999207, 0.998385401561998, 0.9943334423855796], "step_size_bar": [0.009558634714486699, 0.009558634714486699, 0.009558634714486699, 0.009558634714486699, 0.009558634714486699, 0.009558634714486699, 0.009558634714486699, 0.009558634714486699, 0.009558634714486699, 0.009558634714486699, 0.009558634714486699, 0.009558634714486699, 0.009558634714486699, 0.009558634714486699, 0.009558634714486699, 0.009558634714486699, 0.009558634714486699, 0.009558634714486699, 0.009558634714486699, 0.009558634714486699, 0.009558634714486699, 0.009558634714486699, 0.009558634714486699, 0.009558634714486699, 0.009558634714486699, 0.009558634714486699, 0.009558634714486699, 0.009558634714486699, 0.009558634714486699, 0.009558634714486699, 0.009558634714486699, 0.009558634714486699, 0.009558634714486699, 0.009558634714486699, 0.009558634714486699, 0.009558634714486699, 0.009558634714486699, 0.009558634714486699, 0.009558634714486699, 0.009558634714486699, 0.009558634714486699, 0.009558634714486699, 0.009558634714486699, 0.009558634714486699, 0.009558634714486699, 0.009558634714486699, 0.009558634714486699, 0.009558634714486699, 0.009558634714486699, 0.009558634714486699, 0.009558634714486699, 0.009558634714486699, 0.009558634714486699, 0.009558634714486699, 0.009558634714486699, 0.009558634714486699, 0.009558634714486699, 0.009558634714486699, 0.009558634714486699, 0.009558634714486699, 0.009558634714486699, 0.009558634714486699, 0.009558634714486699, 0.009558634714486699, 0.009558634714486699, 0.009558634714486699, 0.009558634714486699, 0.009558634714486699, 0.009558634714486699, 0.009558634714486699, 0.009558634714486699, 0.009558634714486699, 0.009558634714486699, 0.009558634714486699, 0.009558634714486699, 0.009558634714486699, 0.009558634714486699, 0.009558634714486699, 0.009558634714486699, 0.009558634714486699, 0.009558634714486699, 0.009558634714486699, 0.009558634714486699, 0.009558634714486699, 0.009558634714486699, 0.009558634714486699, 0.009558634714486699, 0.009558634714486699, 0.009558634714486699, 0.009558634714486699, 0.009558634714486699, 0.009558634714486699, 0.009558634714486699, 0.009558634714486699, 0.009558634714486699, 0.009558634714486699, 0.009558634714486699, 0.009558634714486699, 0.009558634714486699, 0.009558634714486699],