{"draw_idx": 100, "draws": null, "_stats": [{"depth": [7, 3, 8, 7, 8, 7, 5, 7, 7, 5, 8, 7, 7, 8, 7, 7, 4, 8, 6, 7, 7, 7, 7, 6, 5, 6, 6, 7, 7, 7, 6, 7, 7, 7, 5, 7, 7, 7, 8, 7, 7, 7, 7, 7, 7, 7, 8, 7, 8, 6, 7, 6, 7, 6, 8, 7, 6, 7, 7, 8, 7, 6, 6, 6, 6, 5, 5, 8, 7, 7, 7, 8, 7, 7, 7, 6, 7, 7, 8, 7, 6, 8, 7, 7, 8, 8, 7, 7, 7, 7, 7, 7, 7, 7, 5, 7, 7, 7, 8, 4], "step_size": [0.017599522895854588, 0.017599522895854588, 0.017599522895854588, 0.017599522895854588, 0.017599522895854588, 0.017599522895854588, 0.017599522895854588, 0.017599522895854588, 0.017599522895854588, 0.017599522895854588, 0.017599522895854588, 0.017599522895854588, 0.017599522895854588, 0.017599522895854588, 0.017599522895854588, 0.017599522895854588, 0.017599522895854588, 0.017599522895854588, 0.017599522895854588, 0.017599522895854588, 0.017599522895854588, 0.017599522895854588, 0.017599522895854588, 0.017599522895854588, 0.017599522895854588, 0.017599522895854588, 0.017599522895854588, 0.017599522895854588, 0.017599522895854588, 0.017599522895854588, 0.017599522895854588, 0.017599522895854588, 0.017599522895854588, 0.017599522895854588, 0.017599522895854588, 0.017599522895854588, 0.017599522895854588, 0.017599522895854588, 0.017599522895854588, 0.017599522895854588, 0.017599522895854588, 0.017599522895854588, 0.017599522895854588, 0.017599522895854588, 0.017599522895854588, 0.017599522895854588, 0.017599522895854588, 0.017599522895854588, 0.017599522895854588, 0.017599522895854588, 0.017599522895854588, 0.017599522895854588, 0.017599522895854588, 0.017599522895854588, 0.017599522895854588, 0.017599522895854588, 0.017599522895854588, 0.017599522895854588, 0.017599522895854588, 0.017599522895854588, 0.017599522895854588, 0.017599522895854588, 0.017599522895854588, 0.017599522895854588, 0.017599522895854588, 0.017599522895854588, 0.017599522895854588, 0.017599522895854588, 0.017599522895854588, 0.017599522895854588, 0.017599522895854588, 0.017599522895854588, 0.017599522895854588, 0.017599522895854588, 0.017599522895854588, 0.017599522895854588, 0.017599522895854588, 0.017599522895854588, 0.017599522895854588, 0.017599522895854588, 0.017599522895854588, 0.017599522895854588, 0.017599522895854588, 0.017599522895854588, 0.017599522895854588, 0.017599522895854588, 0.017599522895854588, 0.017599522895854588, 0.017599522895854588, 0.017599522895854588, 0.017599522895854588, 0.017599522895854588, 0.017599522895854588, 0.017599522895854588, 0.017599522895854588, 0.017599522895854588, 0.017599522895854588, 0.017599522895854588, 0.017599522895854588, 0.017599522895854588], "tune": [true, false, false, false, false, false, false, false, false, false, false, false, false, false, false, false, false, false, false, false, false, false, false, false, false, false, false, false, false, false, false, false, false, false, false, false, false, false, false, false, false, false, false, false, false, false, false, false, false, false, false, false, false, false, false, false, false, false, false, false, false, false, false, false, false, false, false, false, false, false, false, false, false, false, false, false, false, false, false, false, false, false, false, false, false, false, false, false, false, false, false, false, false, false, false, false, false, false, false, false], "mean_tree_accept": [0.9915112939833987, 0.9977175995448052, 0.9954258927677389, 0.9981936246463642, 0.8783560507383469, 0.999359654752721, 0.9765630079445388, 0.999078442098415, 0.974743541188857, 0.5928836013248173, 0.37597517793193597, 0.9929113205743663, 0.9992088150025625, 0.9914795661358423, 0.999900276728259, 0.9986842239707506, 0.9775278402926711, 0.889680014763429, 0.9869480754605873, 0.9915263152096863, 0.9913913759804286, 0.994704544397117, 0.99971072653876, 0.9936165932110317, 0.892870184883839, 0.9890175861208023, 0.9408458602122833, 0.9983113347565737, 0.9972109589997292, 0.9733225004506013, 0.9764717779689615, 0.994584802627957, 0.9910992730672289, 0.9861736161751629, 0.9940921085823418, 0.22123165971671419, 0.9997502986251322, 1.0, 0.8866931199819779, 0.7681183944038753, 0.9704019465539713, 0.8055010571311738, 0.9980249409230143, 0.7165084592196526, 0.999722145019735, 0.9855407546142944, 0.9975489971186272, 0.9866367865487694, 0.9917178927834225, 0.4647075503114675, 0.8091038886692534, 0.9998596253463771, 0.9988051289789311, 0.9930447110481101, 0.9390788593765773, 0.991035590547785, 0.9663491241579248, 0.9969613796072515, 0.9956849774582428, 0.9990057293135421, 0.9882360509820954, 0.9976280729154807, 0.9917059281201747, 0.9920012984259577, 0.9926756192835551, 0.999893408647621, 0.9988914575772424, 0.7486097340377587, 0.9713783084243265, 0.23941001110817622, 0.19928742606550753, 0.07344434048664594, 0.489299351205952, 0.9999410043326769, 0.9956844296149491, 0.38004014797781377, 0.9703910008622514, 0.966947020177257, 0.9312869070759461, 0.9893956552245208, 0.9685437174521201, 0.9970946059231203, 0.9929158025113501, 0.9874072336430544, 0.9994695042389932, 0.9593153771982073, 0.9710858048912929, 0.9930718215264661, 0.9837661258616653, 0.9945868890269648, 0.9942155261753497, 0.9833173615763544, 0.5937106264112291, 0.9836391267463622, 0.9995270700246647, 0.9925746388859252, 0.9940917602512659, 0.9999847520433289, 0.9956168105594145, 0.9175437478940381], "step_size_bar": [0.01621160457464064, 0.01621160457464064, 0.01621160457464064, 0.01621160457464064, 0.01621160457464064, 0.01621160457464064, 0.01621160457464064, 0.01621160457464064, 0.01621160457464064, 0.01621160457464064, 0.01621160457464064, 0.01621160457464064, 0.01621160457464064, 0.01621160457464064, 0.01621160457464064, 0.01621160457464064, 0.01621160457464064, 0.01621160457464064, 0.01621160457464064, 0.01621160457464064, 0.01621160457464064, 0.01621160457464064, 0.01621160457464064, 0.01621160457464064, 0.01621160457464064, 0.01621160457464064, 0.01621160457464064, 0.01621160457464064, 0.01621160457464064, 0.01621160457464064, 0.01621160457464064, 0.01621160457464064, 0.01621160457464064, 0.01621160457464064, 0.01621160457464064, 0.01621160457464064, 0.01621160457464064, 0.01621160457464064, 0.01621160457464064, 0.01621160457464064, 0.01621160457464064, 0.01621160457464064, 0.01621160457464064, 0.01621160457464064, 0.01621160457464064, 0.01621160457464064, 0.01621160457464064, 0.01621160457464064, 0.01621160457464064, 0.01621160457464064, 0.01621160457464064, 0.01621160457464064, 0.01621160457464064, 0.01621160457464064, 0.01621160457464064, 0.01621160457464064, 0.01621160457464064, 0.01621160457464064, 0.01621160457464064, 0.01621160457464064, 0.01621160457464064, 0.01621160457464064, 0.01621160457464064, 0.01621160457464064, 0.01621160457464064, 0.01621160457464064, 0.01621160457464064, 0.01621160457464064, 0.01621160457464064, 0.01621160457464064, 0.01621160457464064, 0.01621160457464064, 0.01621160457464064, 0.01621160457464064, 0.01621160457464064, 0.01621160457464064, 0.01621160457464064, 0.01621160457464064, 0.01621160457464064, 0.01621160457464064, 0.01621160457464064, 0.01621160457464064, 0.01621160457464064, 0.01621160457464064, 0.01621160457464064, 0.01621160457464064, 0.01621160457464064, 0.01621160457464064, 0.01621160457464064, 0.01621160457464064, 0.01621160457464064, 0.01621160457464064, 0.01621160457464064, 0.01621160457464064, 0.01621160457464064, 0.01621160457464064, 0.01621160457464064, 0.01621160457464064, 0.01621160457464064, 0.01621160457464064],