{"draw_idx": 100, "draws": null, "_stats": [{"depth": [5, 6, 7, 6, 6, 6, 6, 6, 8, 7, 8, 5, 5, 8, 6, 5, 6, 8, 8, 6, 8, 6, 7, 5, 6, 7, 7, 8, 6, 7, 8, 8, 7, 6, 7, 7, 7, 8, 7, 7, 8, 5, 7, 6, 7, 5, 6, 6, 7, 7, 7, 7, 7, 8, 4, 5, 5, 8, 7, 4, 7, 6, 7, 8, 8, 7, 6, 6, 7, 5, 4, 8, 7, 5, 4, 6, 7, 7, 7, 7, 6, 7, 7, 8, 7, 7, 8, 7, 8, 6, 8, 6, 7, 8, 6, 7, 7, 5, 7, 5], "step_size": [0.03753162182477705, 0.03753162182477705, 0.03753162182477705, 0.03753162182477705, 0.03753162182477705, 0.03753162182477705, 0.03753162182477705, 0.03753162182477705, 0.03753162182477705, 0.03753162182477705, 0.03753162182477705, 0.03753162182477705, 0.03753162182477705, 0.03753162182477705, 0.03753162182477705, 0.03753162182477705, 0.03753162182477705, 0.03753162182477705, 0.03753162182477705, 0.03753162182477705, 0.03753162182477705, 0.03753162182477705, 0.03753162182477705, 0.03753162182477705, 0.03753162182477705, 0.03753162182477705, 0.03753162182477705, 0.03753162182477705, 0.03753162182477705, 0.03753162182477705, 0.03753162182477705, 0.03753162182477705, 0.03753162182477705, 0.03753162182477705, 0.03753162182477705, 0.03753162182477705, 0.03753162182477705, 0.03753162182477705, 0.03753162182477705, 0.03753162182477705, 0.03753162182477705, 0.03753162182477705, 0.03753162182477705, 0.03753162182477705, 0.03753162182477705, 0.03753162182477705, 0.03753162182477705, 0.03753162182477705, 0.03753162182477705, 0.03753162182477705, 0.03753162182477705, 0.03753162182477705, 0.03753162182477705, 0.03753162182477705, 0.03753162182477705, 0.03753162182477705, 0.03753162182477705, 0.03753162182477705, 0.03753162182477705, 0.03753162182477705, 0.03753162182477705, 0.03753162182477705, 0.03753162182477705, 0.03753162182477705, 0.03753162182477705, 0.03753162182477705, 0.03753162182477705, 0.03753162182477705, 0.03753162182477705, 0.03753162182477705, 0.03753162182477705, 0.03753162182477705, 0.03753162182477705, 0.03753162182477705, 0.03753162182477705, 0.03753162182477705, 0.03753162182477705, 0.03753162182477705, 0.03753162182477705, 0.03753162182477705, 0.03753162182477705, 0.03753162182477705, 0.03753162182477705, 0.03753162182477705, 0.03753162182477705, 0.03753162182477705, 0.03753162182477705, 0.03753162182477705, 0.03753162182477705, 0.03753162182477705, 0.03753162182477705, 0.03753162182477705, 0.03753162182477705, 0.03753162182477705, 0.03753162182477705, 0.03753162182477705, 0.03753162182477705, 0.03753162182477705, 0.03753162182477705, 0.03753162182477705], "tune": [true, false, false, false, false, false, false, false, false, false, false, false, false, false, false, false, false, false, false, false, false, false, false, false, false, false, false, false, false, false, false, false, false, false, false, false, false, false, false, false, false, false, false, false, false, false, false, false, false, false, false, false, false, false, false, false, false, false, false, false, false, false, false, false, false, false, false, false, false, false, false, false, false, false, false, false, false, false, false, false, false, false, false, false, false, false, false, false, false, false, false, false, false, false, false, false, false, false, false, false], "mean_tree_accept": [0.9631425637193318, 0.9997010262604398, 0.9996748435165488, 0.9978976440551789, 0.992377441949423, 0.997887190127132, 0.999857345358005, 0.998786675694655, 0.9923138661494293, 0.9932518856927354, 0.8789764148357868, 1.0, 0.8415625460316917, 0.993774198124565, 0.9931323997057868, 0.5569577827524678, 0.9060004781017712, 0.8555475061641086, 0.9257215532731236, 0.9862359430485855, 0.9993283986512186, 0.9991939312424594, 0.9821321584735792, 0.9997387832193156, 0.994412474676827, 0.9858444925444388, 0.4705804882491745, 0.9624184741730974, 0.9282868245587377, 0.9939906447506011, 0.974986365616066, 0.39539106256455864, 0.9863764834338478, 0.9873162795906222, 0.9823633521968194, 0.9978446216180598, 0.9938764232784228, 0.9402481482344106, 0.9996996998667227, 0.963638208101677, 0.9844820166306958, 0.9996352224240951, 0.9710452223168431, 0.9538364692707778, 0.9753580903564888, 0.999714453017772, 0.9764383677213984, 0.9979681768500515, 0.9988727067281024, 0.978088367082163, 0.9960591463545783, 0.9993799947522208, 0.7626778781133031, 0.9985355556650267, 0.9994783602532377, 0.9985932303989241, 1.0, 0.9919018059400041, 0.9372795011886227, 0.9949664135842734, 0.9549521693776943, 0.9786118197995861, 0.9471382071270626, 0.9821495111341746, 0.9256159775366799, 0.8965234493924658, 0.9938191154559975, 0.9780181130255137, 0.842460633620067, 0.9906403300494524, 0.9983508086799611, 0.9556545244781536, 0.26922830047583013, 0.5930478481205792, 0.40227469353677864, 0.7473193232798968, 0.7646130219358306, 0.8055864972469162, 0.9822711572618648, 0.9718043957964703, 0.9910865463396396, 0.9996366322528957, 0.989588354030995, 0.9755487437759819, 0.9952940708919336, 0.9948494803322318, 0.9732766852290207, 0.9999668247951179, 0.98544491788512, 0.950591922173111, 0.45143357285816765, 0.9968893560577835, 0.9413739394430602, 0.993950118006769, 0.9965702488732496, 0.9456223080888895, 0.9364093460752742, 0.5987634690193824, 0.5957080451163117, 0.8771947694438001], "step_size_bar": [0.014051903598908585, 0.014051903598908585, 0.014051903598908585, 0.014051903598908585, 0.014051903598908585, 0.014051903598908585, 0.014051903598908585, 0.014051903598908585, 0.014051903598908585, 0.014051903598908585, 0.014051903598908585, 0.014051903598908585, 0.014051903598908585, 0.014051903598908585, 0.014051903598908585, 0.014051903598908585, 0.014051903598908585, 0.014051903598908585, 0.014051903598908585, 0.014051903598908585, 0.014051903598908585, 0.014051903598908585, 0.014051903598908585, 0.014051903598908585, 0.014051903598908585, 0.014051903598908585, 0.014051903598908585, 0.014051903598908585, 0.014051903598908585, 0.014051903598908585, 0.014051903598908585, 0.014051903598908585, 0.014051903598908585, 0.014051903598908585, 0.014051903598908585, 0.014051903598908585, 0.014051903598908585, 0.014051903598908585, 0.014051903598908585, 0.014051903598908585, 0.014051903598908585, 0.014051903598908585, 0.014051903598908585, 0.014051903598908585, 0.014051903598908585, 0.014051903598908585, 0.014051903598908585, 0.014051903598908585, 0.014051903598908585, 0.014051903598908585, 0.014051903598908585, 0.014051903598908585, 0.014051903598908585, 0.014051903598908585, 0.014051903598908585, 0.014051903598908585, 0.014051903598908585, 0.014051903598908585, 0.014051903598908585, 0.014051903598908585, 0.014051903598908585, 0.014051903598908585, 0.014051903598908585, 0.014051903598908585, 0.014051903598908585, 0.014051903598908585, 0.014051903598908585, 0.014051903598908585, 0.014051903598908585, 0.014051903598908585, 0.014051903598908585, 0.014051903598908585, 0.014051903598908585, 0.014051903598908585, 0.014051903598908585, 0.014051903598908585, 0.014051903598908585, 0.014051903598908585, 0.014051903598908585, 0.014051903598908585, 0.014051903598908585, 0.014051903598908585, 0.014051903598908585, 0.014051903598908585, 0.014051903598908585, 0.014051903598908585, 0.014051903598908585, 0.014051903598908585, 0.014051903598908585, 0.014051903598908585, 0.014051903598908585, 0.014051903598908585, 0.014051903598908585, 0.014051903598908585, 0.014051903598908585, 0.014051903598908585, 0.014051903598908585, 0.014051903598908585, 0.014051903598908585, 0.014051903598908585],