{"draw_idx": 100, "draws": null, "_stats": [{"depth": [7, 6, 6, 6, 6, 7, 6, 7, 6, 6, 6, 5, 6, 6, 6, 7, 6, 6, 5, 6, 6, 5, 2, 6, 7, 6, 6, 6, 6, 6, 6, 5, 6, 6, 6, 5, 6, 6, 6, 6, 6, 5, 6, 6, 6, 4, 5, 4, 6, 6, 6, 6, 6, 6, 6, 6, 5, 5, 6, 7, 6, 6, 6, 5, 6, 5, 6, 5, 6, 3, 6, 6, 5, 5, 6, 6, 3, 5, 6, 6, 6, 6, 6, 6, 6, 6, 6, 6, 5, 6, 6, 5, 6, 5, 6, 6, 6, 5, 5, 5], "step_size": [0.029547027236019183, 0.029547027236019183, 0.029547027236019183, 0.029547027236019183, 0.029547027236019183, 0.029547027236019183, 0.029547027236019183, 0.029547027236019183, 0.029547027236019183, 0.029547027236019183, 0.029547027236019183, 0.029547027236019183, 0.029547027236019183, 0.029547027236019183, 0.029547027236019183, 0.029547027236019183, 0.029547027236019183, 0.029547027236019183, 0.029547027236019183, 0.029547027236019183, 0.029547027236019183, 0.029547027236019183, 0.029547027236019183, 0.029547027236019183, 0.029547027236019183, 0.029547027236019183, 0.029547027236019183, 0.029547027236019183, 0.029547027236019183, 0.029547027236019183, 0.029547027236019183, 0.029547027236019183, 0.029547027236019183, 0.029547027236019183, 0.029547027236019183, 0.029547027236019183, 0.029547027236019183, 0.029547027236019183, 0.029547027236019183, 0.029547027236019183, 0.029547027236019183, 0.029547027236019183, 0.029547027236019183, 0.029547027236019183, 0.029547027236019183, 0.029547027236019183, 0.029547027236019183, 0.029547027236019183, 0.029547027236019183, 0.029547027236019183, 0.029547027236019183, 0.029547027236019183, 0.029547027236019183, 0.029547027236019183, 0.029547027236019183, 0.029547027236019183, 0.029547027236019183, 0.029547027236019183, 0.029547027236019183, 0.029547027236019183, 0.029547027236019183, 0.029547027236019183, 0.029547027236019183, 0.029547027236019183, 0.029547027236019183, 0.029547027236019183, 0.029547027236019183, 0.029547027236019183, 0.029547027236019183, 0.029547027236019183, 0.029547027236019183, 0.029547027236019183, 0.029547027236019183, 0.029547027236019183, 0.029547027236019183, 0.029547027236019183, 0.029547027236019183, 0.029547027236019183, 0.029547027236019183, 0.029547027236019183, 0.029547027236019183, 0.029547027236019183, 0.029547027236019183, 0.029547027236019183, 0.029547027236019183, 0.029547027236019183, 0.029547027236019183, 0.029547027236019183, 0.029547027236019183, 0.029547027236019183, 0.029547027236019183, 0.029547027236019183, 0.029547027236019183, 0.029547027236019183, 0.029547027236019183, 0.029547027236019183, 0.029547027236019183, 0.029547027236019183, 0.029547027236019183, 0.029547027236019183], "tune": [true, false, false, false, false, false, false, false, false, false, false, false, false, false, false, false, false, false, false, false, false, false, false, false, false, false, false, false, false, false, false, false, false, false, false, false, false, false, false, false, false, false, false, false, false, false, false, false, false, false, false, false, false, false, false, false, false, false, false, false, false, false, false, false, false, false, false, false, false, false, false, false, false, false, false, false, false, false, false, false, false, false, false, false, false, false, false, false, false, false, false, false, false, false, false, false, false, false, false, false], "mean_tree_accept": [0.9963282703090414, 0.9958517277802812, 0.9229307766060418, 0.9439406240685823, 0.9746425568561543, 0.9783831857075802, 0.9811543647652218, 0.9746273111490467, 0.9554398057520272, 0.9880775110119447, 0.8164670933750839, 0.32747569988883163, 0.6700962745714154, 0.9961175728124354, 0.23644901409134278, 0.8530415278100651, 0.9227336200202143, 0.9989325947208973, 0.9368776823509707, 0.9927596523888201, 0.9872896868451073, 0.8391085352349869, 1.0, 0.17650224990825736, 0.7176170419808862, 0.7403158748313856, 0.9937363598935323, 0.9945494290433488, 0.9953953560058608, 0.837146109113079, 0.9994947829598907, 0.9637495492363172, 0.9974623752776077, 0.99326020208438, 0.09339403070078788, 0.9874816053805309, 0.9732777451828835, 0.979423632440917, 0.9971552315200746, 0.9773946081725311, 0.9565925462157296, 0.8055373431021158, 0.8971439501980084, 0.9991794087929833, 0.9904546616969664, 0.9246005780082347, 0.7657800319988189, 1.0, 0.8690341151839234, 0.9980154967299822, 0.9713273952746899, 0.8839360070982097, 0.9684372541264892, 0.9232027246709505, 0.8189514467468828, 0.7984852845458805, 0.9947166873552336, 0.745875079717354, 0.9532359423595481, 0.9981213951462007, 0.9955408891254255, 0.9796423027499218, 0.2905972459960164, 0.9905610096391119, 0.9197172827693247, 0.991424689603122, 0.9804741613981408, 0.9802328987712382, 0.9682694220564922, 0.9996680853686227, 0.9933814949812532, 0.89379757773028, 0.9860702520050367, 0.9994106231091697, 0.9960500724468664, 0.979013929808581, 0.6923569844212488, 0.9727328123083908, 0.9769654004083301, 0.9892795828741776, 0.8400738324279847, 0.9995565917678483, 0.997744875666668, 0.9980318064990085, 0.6246515971065434, 0.8193966684202328, 0.9664145232883954, 0.992006241809144, 0.8944790272464006, 0.938575950309066, 0.9946905993204755, 0.964438807054682, 0.9958055666257611, 0.9964232084226659, 0.9972618163637164, 0.9673993646548884, 0.6966100992683483, 0.9983008066868938, 0.9310017470236329, 0.9719026113270076], "step_size_bar": [0.041467396140002, 0.041467396140002, 0.041467396140002, 0.041467396140002, 0.041467396140002, 0.041467396140002, 0.041467396140002, 0.041467396140002, 0.041467396140002, 0.041467396140002, 0.041467396140002, 0.041467396140002, 0.041467396140002, 0.041467396140002, 0.041467396140002, 0.041467396140002, 0.041467396140002, 0.041467396140002, 0.041467396140002, 0.041467396140002, 0.041467396140002, 0.041467396140002, 0.041467396140002, 0.041467396140002, 0.041467396140002, 0.041467396140002, 0.041467396140002, 0.041467396140002, 0.041467396140002, 0.041467396140002, 0.041467396140002, 0.041467396140002, 0.041467396140002, 0.041467396140002, 0.041467396140002, 0.041467396140002, 0.041467396140002, 0.041467396140002, 0.041467396140002, 0.041467396140002, 0.041467396140002, 0.041467396140002, 0.041467396140002, 0.041467396140002, 0.041467396140002, 0.041467396140002, 0.041467396140002, 0.041467396140002, 0.041467396140002, 0.041467396140002, 0.041467396140002, 0.041467396140002, 0.041467396140002, 0.041467396140002, 0.041467396140002, 0.041467396140002, 0.041467396140002, 0.041467396140002, 0.041467396140002, 0.041467396140002, 0.041467396140002, 0.041467396140002, 0.041467396140002, 0.041467396140002, 0.041467396140002, 0.041467396140002, 0.041467396140002, 0.041467396140002, 0.041467396140002, 0.041467396140002, 0.041467396140002, 0.041467396140002, 0.041467396140002, 0.041467396140002, 0.041467396140002, 0.041467396140002, 0.041467396140002, 0.041467396140002, 0.041467396140002, 0.041467396140002, 0.041467396140002, 0.041467396140002, 0.041467396140002, 0.041467396140002, 0.041467396140002, 0.041467396140002, 0.041467396140002, 0.041467396140002, 0.041467396140002, 0.041467396140002, 0.041467396140002, 0.041467396140002, 0.041467396140002, 0.041467396140002, 0.041467396140002, 0.041467396140002, 0.041467396140002, 0.041467396140002, 0.041467396140002, 0.041467396140002], "tree_size": [127.0, 47.0, 63.0, 63.0, 63.0, 95.0, 63.0, 127.0, 63.0, 63.0, 63.0, 31.0, 47.0, 47.0, 63.0, 87.0, 63.0, 63.0, 31.0, 63.0, 47.0, 31.0, 3.0, 63.0, 79.0, 63.0, 63.0, 63.0, 63.0, 63.0, 63.0, 31.0, 63.0, 63.0, 63.0, 31.0, 63.0, 39.0, 63.0, 63.0, 63.0, 19.0, 63.0, 63.0, 63.0, 15.0, 31.0, 15.0, 63.0, 63.0, 63.0, 47.0, 63.0, 63.0, 63.0, 63.0, 31.0, 31.0, 63.0, 127.0, 63.0, 63.0, 63.0, 31.0, 63.0, 23.0, 63.0, 31.0, 63.0, 7.0, 63.0, 63.0, 31.0, 23.0, 63.0, 63.0, 7.0, 23.0, 63.0, 63.0, 63.0, 63.0, 63.0, 63.0, 63.0, 63.0, 63.0, 63.0, 31.0, 63.0, 63.0, 31.0, 63.0, 31.0, 63.0, 63.0, 63.0, 31.0, 23.0, 23.0],