{"draw_idx": 100, "draws": null, "_stats": [{"depth": [7, 4, 6, 5, 6, 5, 7, 6, 6, 6, 4, 7, 2, 6, 7, 6, 7, 7, 7, 7, 7, 7, 6, 6, 6, 6, 6, 6, 6, 6, 5, 7, 7, 5, 7, 6, 7, 6, 6, 4, 2, 7, 7, 6, 7, 4, 6, 5, 6, 6, 7, 5, 6, 6, 6, 7, 6, 7, 7, 6, 5, 7, 7, 6, 5, 6, 4, 6, 4, 6, 6, 6, 6, 6, 6, 6, 6, 5, 7, 6, 3, 6, 6, 6, 7, 7, 7, 6, 6, 7, 7, 7, 7, 6, 5, 7, 7, 7, 5, 7], "step_size": [0.024677410760685192, 0.024677410760685192, 0.024677410760685192, 0.024677410760685192, 0.024677410760685192, 0.024677410760685192, 0.024677410760685192, 0.024677410760685192, 0.024677410760685192, 0.024677410760685192, 0.024677410760685192, 0.024677410760685192, 0.024677410760685192, 0.024677410760685192, 0.024677410760685192, 0.024677410760685192, 0.024677410760685192, 0.024677410760685192, 0.024677410760685192, 0.024677410760685192, 0.024677410760685192, 0.024677410760685192, 0.024677410760685192, 0.024677410760685192, 0.024677410760685192, 0.024677410760685192, 0.024677410760685192, 0.024677410760685192, 0.024677410760685192, 0.024677410760685192, 0.024677410760685192, 0.024677410760685192, 0.024677410760685192, 0.024677410760685192, 0.024677410760685192, 0.024677410760685192, 0.024677410760685192, 0.024677410760685192, 0.024677410760685192, 0.024677410760685192, 0.024677410760685192, 0.024677410760685192, 0.024677410760685192, 0.024677410760685192, 0.024677410760685192, 0.024677410760685192, 0.024677410760685192, 0.024677410760685192, 0.024677410760685192, 0.024677410760685192, 0.024677410760685192, 0.024677410760685192, 0.024677410760685192, 0.024677410760685192, 0.024677410760685192, 0.024677410760685192, 0.024677410760685192, 0.024677410760685192, 0.024677410760685192, 0.024677410760685192, 0.024677410760685192, 0.024677410760685192, 0.024677410760685192, 0.024677410760685192, 0.024677410760685192, 0.024677410760685192, 0.024677410760685192, 0.024677410760685192, 0.024677410760685192, 0.024677410760685192, 0.024677410760685192, 0.024677410760685192, 0.024677410760685192, 0.024677410760685192, 0.024677410760685192, 0.024677410760685192, 0.024677410760685192, 0.024677410760685192, 0.024677410760685192, 0.024677410760685192, 0.024677410760685192, 0.024677410760685192, 0.024677410760685192, 0.024677410760685192, 0.024677410760685192, 0.024677410760685192, 0.024677410760685192, 0.024677410760685192, 0.024677410760685192, 0.024677410760685192, 0.024677410760685192, 0.024677410760685192, 0.024677410760685192, 0.024677410760685192, 0.024677410760685192, 0.024677410760685192, 0.024677410760685192, 0.024677410760685192, 0.024677410760685192, 0.024677410760685192], "tune": [true, false, false, false, false, false, false, false, false, false, false, false, false, false, false, false, false, false, false, false, false, false, false, false, false, false, false, false, false, false, false, false, false, false, false, false, false, false, false, false, false, false, false, false, false, false, false, false, false, false, false, false, false, false, false, false, false, false, false, false, false, false, false, false, false, false, false, false, false, false, false, false, false, false, false, false, false, false, false, false, false, false, false, false, false, false, false, false, false, false, false, false, false, false, false, false, false, false, false, false], "mean_tree_accept": [0.9999448841472016, 0.979601674405945, 0.9923254267292491, 0.979160193188893, 0.9657749851341655, 0.9509763513546289, 0.9980442622796565, 0.6494174821336046, 0.9906733740985819, 0.2488312601164825, 0.25471206647460454, 0.06672161038335185, 1.0, 0.2983311287887884, 0.08875810042058539, 0.30341959661033335, 0.2096150110599076, 0.8488446891584012, 0.8499569045081334, 0.9199456699799917, 0.6160733090789327, 0.9124766498695672, 0.9236713824015305, 0.9910938947757154, 0.8754715584461262, 0.9830152531447499, 0.8622494383929661, 0.9924589309335593, 0.995353644512829, 0.9114244007853488, 0.9854894486790191, 0.988882398772545, 0.9368155183727976, 0.9750938293855163, 0.948944010833786, 0.9935339457518524, 0.9681184708986887, 0.921127975854813, 0.9619713022574173, 0.8269017505101391, 1.0, 0.9947935427491141, 0.36344723421809055, 0.9613831761485615, 0.9902354004187617, 0.9546378128994296, 0.9478219264625535, 0.9982450612379015, 0.9953822464874507, 0.9888783587182387, 0.9818580318213986, 0.983020068596146, 0.9921184076784939, 0.9987013525230748, 0.9577194185825396, 0.9950137542509251, 0.9703746611087849, 0.9277755835782023, 0.9964944782556638, 0.9996173828085454, 0.9078143691924699, 0.9785518870965492, 0.9771376676048105, 0.7659950562062227, 0.9879145772495233, 0.9215313327940151, 0.959007482185017, 0.9969594317348607, 0.9992360323533447, 0.9883075504116021, 0.9857034749435432, 0.9499772744697558, 0.9897636964473159, 0.9452573148425284, 0.9755307751872017, 0.9822039543545267, 0.9150440289345323, 0.9991153354237071, 0.9398074313747269, 0.9203170757622421, 0.9470509155304175, 0.9942696775424859, 0.9627699336997202, 0.9999107846564543, 0.9994217363033916, 0.9843451144067836, 0.9876983245064948, 0.2226022214008344, 0.6940241406026292, 0.13011401763569885, 0.6866177236073107, 0.805051455721483, 0.9911103965017526, 0.97520196419397, 0.9768224648953452, 0.9944002067685284, 0.9593348033350121, 0.981368172452837, 0.9218199564093725, 0.9977353557671041], "step_size_bar": [0.03898851838342498, 0.03898851838342498, 0.03898851838342498, 0.03898851838342498, 0.03898851838342498, 0.03898851838342498, 0.03898851838342498, 0.03898851838342498, 0.03898851838342498, 0.03898851838342498, 0.03898851838342498, 0.03898851838342498, 0.03898851838342498, 0.03898851838342498, 0.03898851838342498, 0.03898851838342498, 0.03898851838342498, 0.03898851838342498, 0.03898851838342498, 0.03898851838342498, 0.03898851838342498, 0.03898851838342498, 0.03898851838342498, 0.03898851838342498, 0.03898851838342498, 0.03898851838342498, 0.03898851838342498, 0.03898851838342498, 0.03898851838342498, 0.03898851838342498, 0.03898851838342498, 0.03898851838342498, 0.03898851838342498, 0.03898851838342498, 0.03898851838342498, 0.03898851838342498, 0.03898851838342498, 0.03898851838342498, 0.03898851838342498, 0.03898851838342498, 0.03898851838342498, 0.03898851838342498, 0.03898851838342498, 0.03898851838342498, 0.03898851838342498, 0.03898851838342498, 0.03898851838342498, 0.03898851838342498, 0.03898851838342498, 0.03898851838342498, 0.03898851838342498, 0.03898851838342498, 0.03898851838342498, 0.03898851838342498, 0.03898851838342498, 0.03898851838342498, 0.03898851838342498, 0.03898851838342498, 0.03898851838342498, 0.03898851838342498, 0.03898851838342498, 0.03898851838342498, 0.03898851838342498, 0.03898851838342498, 0.03898851838342498, 0.03898851838342498, 0.03898851838342498, 0.03898851838342498, 0.03898851838342498, 0.03898851838342498, 0.03898851838342498, 0.03898851838342498, 0.03898851838342498, 0.03898851838342498, 0.03898851838342498, 0.03898851838342498, 0.03898851838342498, 0.03898851838342498, 0.03898851838342498, 0.03898851838342498, 0.03898851838342498, 0.03898851838342498, 0.03898851838342498, 0.03898851838342498, 0.03898851838342498, 0.03898851838342498, 0.03898851838342498, 0.03898851838342498, 0.03898851838342498, 0.03898851838342498, 0.03898851838342498, 0.03898851838342498, 0.03898851838342498, 0.03898851838342498, 0.03898851838342498, 0.03898851838342498, 0.03898851838342498, 0.03898851838342498, 0.03898851838342498, 0.03898851838342498],