{"draw_idx": 100, "draws": null, "_stats": [{"depth": [8, 8, 8, 7, 7, 7, 3, 8, 7, 7, 4, 7, 6, 6, 4, 4, 3, 4, 6, 5, 5, 3, 7, 7, 7, 6, 5, 5, 6, 6, 4, 5, 3, 4, 6, 5, 4, 5, 5, 5, 2, 6, 4, 3, 8, 7, 4, 6, 4, 4, 6, 6, 4, 1, 5, 8, 8, 9, 7, 8, 8, 7, 7, 7, 8, 8, 8, 8, 8, 7, 8, 7, 7, 8, 8, 7, 3, 7, 7, 8, 9, 7, 8, 8, 8, 8, 7, 8, 8, 8, 8, 7, 6, 5, 4, 5, 7, 8, 6, 4], "step_size": [0.012674148036162014, 0.012674148036162014, 0.012674148036162014, 0.012674148036162014, 0.012674148036162014, 0.012674148036162014, 0.012674148036162014, 0.012674148036162014, 0.012674148036162014, 0.012674148036162014, 0.012674148036162014, 0.012674148036162014, 0.012674148036162014, 0.012674148036162014, 0.012674148036162014, 0.012674148036162014, 0.012674148036162014, 0.012674148036162014, 0.012674148036162014, 0.012674148036162014, 0.012674148036162014, 0.012674148036162014, 0.012674148036162014, 0.012674148036162014, 0.012674148036162014, 0.012674148036162014, 0.012674148036162014, 0.012674148036162014, 0.012674148036162014, 0.012674148036162014, 0.012674148036162014, 0.012674148036162014, 0.012674148036162014, 0.012674148036162014, 0.012674148036162014, 0.012674148036162014, 0.012674148036162014, 0.012674148036162014, 0.012674148036162014, 0.012674148036162014, 0.012674148036162014, 0.012674148036162014, 0.012674148036162014, 0.012674148036162014, 0.012674148036162014, 0.012674148036162014, 0.012674148036162014, 0.012674148036162014, 0.012674148036162014, 0.012674148036162014, 0.012674148036162014, 0.012674148036162014, 0.012674148036162014, 0.012674148036162014, 0.012674148036162014, 0.012674148036162014, 0.012674148036162014, 0.012674148036162014, 0.012674148036162014, 0.012674148036162014, 0.012674148036162014, 0.012674148036162014, 0.012674148036162014, 0.012674148036162014, 0.012674148036162014, 0.012674148036162014, 0.012674148036162014, 0.012674148036162014, 0.012674148036162014, 0.012674148036162014, 0.012674148036162014, 0.012674148036162014, 0.012674148036162014, 0.012674148036162014, 0.012674148036162014, 0.012674148036162014, 0.012674148036162014, 0.012674148036162014, 0.012674148036162014, 0.012674148036162014, 0.012674148036162014, 0.012674148036162014, 0.012674148036162014, 0.012674148036162014, 0.012674148036162014, 0.012674148036162014, 0.012674148036162014, 0.012674148036162014, 0.012674148036162014, 0.012674148036162014, 0.012674148036162014, 0.012674148036162014, 0.012674148036162014, 0.012674148036162014, 0.012674148036162014, 0.012674148036162014, 0.012674148036162014, 0.012674148036162014, 0.012674148036162014, 0.012674148036162014], "tune": [true, false, false, false, false, false, false, false, false, false, false, false, false, false, false, false, false, false, false, false, false, false, false, false, false, false, false, false, false, false, false, false, false, false, false, false, false, false, false, false, false, false, false, false, false, false, false, false, false, false, false, false, false, false, false, false, false, false, false, false, false, false, false, false, false, false, false, false, false, false, false, false, false, false, false, false, false, false, false, false, false, false, false, false, false, false, false, false, false, false, false, false, false, false, false, false, false, false, false, false], "mean_tree_accept": [0.6639279210868541, 0.8849309332432885, 0.9764677756097438, 0.6749321957912993, 0.06206308876111354, 0.29223938395313065, 0.18602949626404403, 0.04718427133096618, 0.32848983348044963, 0.45466158994413713, 0.30087037640462827, 0.006732250070365702, 0.022933146582849326, 0.1271797889025909, 0.13336348189141967, 0.010022537609498864, 0.2860465700703799, 0.07400127171208973, 0.16402120375905474, 0.06357555178820709, 0.07524260867840211, 0.42977318255657015, 0.058659924997249216, 0.04190964002612189, 0.008974620509136553, 0.22461763295268505, 0.4485209962558029, 0.28859876174028104, 0.40060186160712663, 0.10872873907595369, 0.29286579814812, 0.1370040352018975, 0.16001404392649826, 0.42079110292807215, 0.3982428959443151, 0.3673981503535571, 0.15228939817545317, 0.018498006210697127, 0.05247671494577164, 0.18771945410230395, 0.3185898939098562, 0.10271679672311049, 0.016294113916960683, 0.8571437947418364, 0.11706769723017338, 0.054024399301038764, 0.1769570319573184, 0.15795702167209033, 0.2137625836450526, 0.15294766164266405, 0.1059357548652361, 0.2573525195942789, 0.14093002692107776, 0.016760777308994963, 0.28675100234851586, 0.14019936641119282, 0.7812954272981253, 0.9412590649802561, 0.9998869890253472, 0.9946821463548633, 0.9121058417548318, 0.9827896958046916, 0.9751797408042553, 0.9980262791575422, 0.9964452131115589, 0.9990443561300052, 0.9827334688925864, 0.9958868236691195, 0.8834409262494821, 0.4426769094052788, 0.31900026799532527, 0.924932184603379, 0.9796450416624997, 0.9999013183798525, 0.9898932870991075, 0.9966812838476206, 0.91195208675335, 0.9993133152383361, 0.994458137772673, 0.9979720436580868, 0.998532748255871, 0.9982107631800375, 0.9924773858251358, 0.98737321017739, 0.6611524507682965, 0.9964792595825037, 0.9936996242854199, 0.9994816603434566, 0.7604756643412808, 0.9007021930667151, 0.9415133428489106, 0.0003089019357593373, 0.3719721289018245, 0.3554406114012934, 0.658706660575851, 0.3083548790524075, 0.09688687231083491, 0.01451132149777161, 0.2332156288204629, 0.1822065050251565], "step_size_bar": [0.013850888119047448, 0.013850888119047448, 0.013850888119047448, 0.013850888119047448, 0.013850888119047448, 0.013850888119047448, 0.013850888119047448, 0.013850888119047448, 0.013850888119047448, 0.013850888119047448, 0.013850888119047448, 0.013850888119047448, 0.013850888119047448, 0.013850888119047448, 0.013850888119047448, 0.013850888119047448, 0.013850888119047448, 0.013850888119047448, 0.013850888119047448, 0.013850888119047448, 0.013850888119047448, 0.013850888119047448, 0.013850888119047448, 0.013850888119047448, 0.013850888119047448, 0.013850888119047448, 0.013850888119047448, 0.013850888119047448, 0.013850888119047448, 0.013850888119047448, 0.013850888119047448, 0.013850888119047448, 0.013850888119047448, 0.013850888119047448, 0.013850888119047448, 0.013850888119047448, 0.013850888119047448, 0.013850888119047448, 0.013850888119047448, 0.013850888119047448, 0.013850888119047448, 0.013850888119047448, 0.013850888119047448, 0.013850888119047448, 0.013850888119047448, 0.013850888119047448, 0.013850888119047448, 0.013850888119047448, 0.013850888119047448, 0.013850888119047448, 0.013850888119047448, 0.013850888119047448, 0.013850888119047448, 0.013850888119047448, 0.013850888119047448, 0.013850888119047448, 0.013850888119047448, 0.013850888119047448, 0.013850888119047448, 0.013850888119047448, 0.013850888119047448, 0.013850888119047448, 0.013850888119047448, 0.013850888119047448, 0.013850888119047448, 0.013850888119047448, 0.013850888119047448, 0.013850888119047448, 0.013850888119047448, 0.013850888119047448, 0.013850888119047448, 0.013850888119047448, 0.013850888119047448, 0.013850888119047448, 0.013850888119047448, 0.013850888119047448, 0.013850888119047448, 0.013850888119047448, 0.013850888119047448, 0.013850888119047448, 0.013850888119047448, 0.013850888119047448, 0.013850888119047448, 0.013850888119047448, 0.013850888119047448, 0.013850888119047448, 0.013850888119047448, 0.013850888119047448, 0.013850888119047448, 0.013850888119047448, 0.013850888119047448, 0.013850888119047448, 0.013850888119047448, 0.013850888119047448, 0.013850888119047448, 0.013850888119047448, 0.013850888119047448, 0.013850888119047448, 0.013850888119047448, 0.013850888119047448],